Date,Service_Clean,SKU_Clean,Region_Clean,Total_Cost_USD,Total_Usage,Log_Count
2025-12-31,Database,SQLDb-S2,canadacentral,36.01416,31066.25,1
2025-12-31,Storage,Blob-Hot,eastus,37.53,0.4512,1
2026-01-01,Compute,EC2-t3.large,ap-south-1,507.9336,89830.03,3
2026-01-01,Compute,EC2-t3.large,ap-southeast-1,867.51,114468444.0,1
2026-01-01,Compute,EC2-t3.large,eu-west-1,2.88,124.33,1
2026-01-01,Compute,EC2-t3.large,us-east-1,2157.92496,121847216.83,2
2026-01-01,Compute,EC2-t3.large,us-west-2,588.17,173202.78,1
2026-01-01,Compute,EC2-t3.medium,ap-south-1,3798.66244,122958422.42,2
2026-01-01,Compute,EC2-t3.medium,ap-southeast-1,467.4412,80571.64,2
2026-01-01,Compute,EC2-t3.medium,eu-west-1,17.16204,24179.91,1
2026-01-01,Compute,EC2-t3.medium,us-east-1,544.806,52859988.0,1
2026-01-01,Compute,EC2-t3.medium,us-west-2,372.36718,101089605.0,2
2026-01-01,Compute,EC2-t3.xlarge,ap-southeast-1,1252.4062000000001,57020685.6,3
2026-01-01,Compute,EC2-t3.xlarge,us-east-1,470.79,120638472.6,2
2026-01-01,Compute,GCE-n1-standard-2,asia-south1,1.55316,1463.89,1
2026-01-01,Compute,GCE-n1-standard-2,us-central1,11.27052,35407.48,1
2026-01-01,Compute,GCE-n1-standard-4,asia-southeast1,39.47172,2336724.0,1
2026-01-01,Compute,GCE-n1-standard-8,asia-southeast1,99.4572,1244443.2,1
2026-01-01,Compute,GCE-n1-standard-8,europe-west1,8.63976,33284.07,1
2026-01-01,Compute,GCE-n1-standard-8,us-west1,2720.3560800000005,199723500.0,3
2026-01-01,Compute,UNKNOWN,eu-west-1,0.31512,7726983.6,2
2026-01-01,Compute,UNKNOWN,us-central1,353.67840000000007,2444210.4,1
2026-01-01,Compute,VM-Standard_D2s,canadacentral,1628.6508,29910.43,1
2026-01-01,Compute,VM-Standard_D2s,centralindia,5025.3048,2795510614.8,2
2026-01-01,Compute,VM-Standard_D2s,eastus,44.59572000000001,86507.26,2
2026-01-01,Compute,VM-Standard_D2s,westeurope,365.19,226513.8,1
2026-01-01,Compute,VM-Standard_D4s,canadacentral,511.556,503082.6,1
2026-01-01,Compute,VM-Standard_D4s,centralindia,937.1220200000001,1006426.71,3
2026-01-01,Compute,VM-Standard_D4s,eastus,2289.38,157313916.0,1
2026-01-01,Compute,VM-Standard_D4s,westeurope,1397.844,137551572.0,1
2026-01-01,Compute,VM-Standard_D8s,canadacentral,2434.1472000000003,2244411.6,1
2026-01-01,Compute,VM-Standard_D8s,eastus,353.38704,62927.579999999994,3
2026-01-01,Compute,VM-Standard_D8s,westeurope,9.78264,163820412.0,1
2026-01-01,Database,CloudSQL-db.standard-2,asia-southeast1,3330.2431,110449980.62,3
2026-01-01,Database,CloudSQL-db.standard-2,us-central1,1523.0066399999998,1276791.35,2
2026-01-01,Database,CloudSQL-db.standard-2,us-west1,12.12552,32904879.25,2
2026-01-01,Database,RDS-db.m5.large,ap-south-1,5.48,2596.4,1
2026-01-01,Database,RDS-db.m5.large,ap-southeast-1,4626.90312,35974329.17,3
2026-01-01,Database,RDS-db.m5.large,eu-west-1,68.26,23770.59,1
2026-01-01,Database,RDS-db.m5.large,us-east-1,2916.85936,19004854.22,2
2026-01-01,Database,RDS-db.m5.large,us-west-2,9266.2206,196545342.44,7
2026-01-01,Database,SQLDb-S2,canadacentral,3646.4204,42550.91,2
2026-01-01,Database,SQLDb-S2,centralindia,2749.74,104001624.0,1
2026-01-01,Database,SQLDb-S2,eastus,1098.2687999999998,1914242.8800000001,2
2026-01-01,Database,SQLDb-S2,southeastasia,1752.1835999999998,178858116.6,3
2026-01-01,Database,SQLDb-S2,westeurope,1390.0936,308054241.0,3
2026-01-01,Storage,Blob-Cool,canadacentral,16.5608,1.2705,1
2026-01-01,Storage,Blob-Cool,centralindia,171.3744,39675.88,1
2026-01-01,Storage,Blob-Cool,eastus,426.5953,1662.3023,2
2026-01-01,Storage,Blob-Cool,westeurope,255.39924,9478.75,2
2026-01-01,Storage,Blob-Hot,canadacentral,65.09,957.31,1
2026-01-01,Storage,Blob-Hot,centralindia,211.9824,2853.7648,2
2026-01-01,Storage,Blob-Hot,eastus,1.48188,3331.58,1
2026-01-01,Storage,Blob-Hot,southeastasia,3.3966000000000003,3350.08,1
2026-01-01,Storage,Blob-Hot,westeurope,820.3298,11356.65,4
2026-01-01,Storage,GCS-Nearline,asia-south1,35.89468,11866.08,2
2026-01-01,Storage,GCS-Nearline,asia-southeast1,52.25036,4288.8063,2
2026-01-01,Storage,GCS-Nearline,europe-west1,0.47556,499.05,1
2026-01-01,Storage,GCS-Nearline,us-central1,16.65,4307.7,1
2026-01-01,Storage,GCS-Nearline,us-west1,4.96212,136768.867,2
2026-01-01,Storage,GCS-Standard,us-central1,3.5348400000000004,9536.26,3
2026-01-01,Storage,S3-IA,UNKNOWN,0.4444999999999999,159.48,1
2026-01-01,Storage,S3-IA,ap-southeast-1,640.5584,5001.0085,2
2026-01-01,Storage,S3-IA,eu-west-1,264.57,2663.74,1
2026-01-01,Storage,S3-IA,us-east-1,3.5386800000000003,7251.3,3
2026-01-01,Storage,S3-IA,us-west-2,4.80672,5859.900000000001,2
2026-01-01,Storage,S3-Standard,ap-south-1,396.26214,123636.9853,4
2026-01-01,Storage,S3-Standard,ap-southeast-1,147.56688000000003,2683.6796,2
2026-01-01,Storage,S3-Standard,eu-west-1,180.23804,8447.029999999999,3
2026-01-01,Storage,S3-Standard,us-west-2,0.34752,3297.67,1
2026-01-01,Storage,UNKNOWN,asia-southeast1,1.66344,4735.09,1
2026-01-01,Storage,UNKNOWN,europe-west1,42.4242,773.06,1
2026-01-02,Compute,EC2-t3.large,ap-south-1,859.7392000000001,38590.04,1
2026-01-02,Compute,EC2-t3.large,ap-southeast-1,241.4651,2966.13,1
2026-01-02,Compute,EC2-t3.large,eu-west-1,102.65132,38662958.72,2
2026-01-02,Compute,EC2-t3.large,us-west-2,5.04492,13100.73,1
2026-01-02,Compute,EC2-t3.medium,ap-south-1,2318.2580000000003,155445516.0,1
2026-01-02,Compute,EC2-t3.medium,ap-southeast-1,7.93368,87881544.0,1
2026-01-02,Compute,EC2-t3.medium,eu-west-1,1060.84,66236714.4,1
2026-01-02,Compute,EC2-t3.medium,us-west-2,9.97932,1048804.2,1
2026-01-02,Compute,EC2-t3.xlarge,ap-south-1,1133.66,2886501.0,1
2026-01-02,Compute,EC2-t3.xlarge,eu-west-1,4.75788,36230796.0,1
2026-01-02,Compute,EC2-t3.xlarge,us-east-1,7344.09,8177952.0,3
2026-01-02,Compute,GCE-n1-standard-2,asia-south1,13.531199999999998,17141.05,1
2026-01-02,Compute,GCE-n1-standard-2,asia-southeast1,5613.591399999999,19916361.0,2
2026-01-02,Compute,GCE-n1-standard-2,us-central1,635.43,39081566.4,1
2026-01-02,Compute,GCE-n1-standard-2,us-west1,1156.7988,47327.8,1
2026-01-02,Compute,GCE-n1-standard-4,asia-southeast1,119.84,2815.89,1
2026-01-02,Compute,GCE-n1-standard-4,europe-west1,210.546,206773.8,1
2026-01-02,Compute,GCE-n1-standard-4,us-central1,0.0,130364280.0,1
2026-01-02,Compute,GCE-n1-standard-8,europe-west1,67.95107999999999,38446.65,2
2026-01-02,Compute,GCE-n1-standard-8,us-central1,2.6416,12961.2,1
2026-01-02,Compute,VM-Standard_D2s,canadacentral,5721.0975,127740568.01,2
2026-01-02,Compute,VM-Standard_D2s,eastus,-878.5465999999999,161402851.7,3
2026-01-02,Compute,VM-Standard_D2s,southeastasia,113.03,89227675.8,1
2026-01-02,Compute,VM-Standard_D4s,centralindia,834.54,13125.36,1
2026-01-02,Compute,VM-Standard_D4s,southeastasia,1930.1868,21640.82,1
2026-01-02,Compute,VM-Standard_D4s,westeurope,1894.1364,21974.33,1
2026-01-02,Compute,VM-Standard_D8s,canadacentral,947.0334,127985204.74,2
2026-01-02,Compute,VM-Standard_D8s,centralindia,51.75864000000001,44825.17,1
2026-01-02,Compute,VM-Standard_D8s,eastus,12.92688,99186516.0,1
2026-01-02,Compute,VM-Standard_D8s,southeastasia,451.29,63267696.0,1
2026-01-02,Database,CloudSQL-db.standard-2,asia-south1,5290.0082,82550478.6,4
2026-01-02,Database,CloudSQL-db.standard-2,asia-southeast1,7.160400000000001,28209492.0,1
2026-01-02,Database,CloudSQL-db.standard-2,europe-west1,871.0222,64946299.2,2
2026-01-02,Database,CloudSQL-db.standard-2,us-central1,2522.275,56133.85,2
2026-01-02,Database,CloudSQL-db.standard-2,us-west1,33.726960000000005,4012271.4,2
2026-01-02,Database,RDS-db.m5.large,UNKNOWN,38.2404,38502849.84,2
2026-01-02,Database,RDS-db.m5.large,ap-south-1,8.80104,71213544.0,1
2026-01-02,Database,RDS-db.m5.large,ap-southeast-1,2486.33,28626.23,1
2026-01-02,Database,RDS-db.m5.large,eu-west-1,2470.5177999999996,174078432.0,3
2026-01-02,Database,RDS-db.m5.large,us-east-1,713.54294,87053375.94999999,5
2026-01-02,Database,RDS-db.m5.large,us-west-2,1672.1186,120286078.01,2
2026-01-02,Database,SQLDb-S2,centralindia,1552.2624,131117760.0,1
2026-01-02,Database,SQLDb-S2,eastus,1918.86648,1131743094.1,5
2026-01-02,Database,SQLDb-S2,southeastasia,750.3732,11370.8,1
2026-01-02,Database,SQLDb-S2,westeurope,3044.8228999999997,130754672.53999999,3
2026-01-02,Storage,Blob-Cool,canadacentral,105.53148000000002,790.3029,3
2026-01-02,Storage,Blob-Cool,centralindia,221.9184,3.0055,1
2026-01-02,Storage,Blob-Cool,eastus,1.10556,3256.01,1
2026-01-02,Storage,Blob-Cool,westeurope,340.65112000000005,12277.82,3
2026-01-02,Storage,Blob-Hot,canadacentral,351.16519999999997,1733.7673,2
2026-01-02,Storage,Blob-Hot,centralindia,128.3761,4.9993,2
2026-01-02,Storage,Blob-Hot,eastus,0.75204,2632.83,1
2026-01-02,Storage,Blob-Hot,westeurope,360.07,4824.64,1
2026-01-02,Storage,GCS-Nearline,UNKNOWN,70.93440000000001,3.2892,1
2026-01-02,Storage,GCS-Nearline,asia-south1,62.038239999999995,250.30960000000002,2
2026-01-02,Storage,GCS-Nearline,us-west1,21.6828,2.5572,1
2026-01-02,Storage,GCS-Standard,asia-south1,3.49644,4921.38,1
2026-01-02,Storage,GCS-Standard,asia-southeast1,174.56116,9090.416000000001,4
2026-01-02,Storage,GCS-Standard,europe-west1,0.34031999999999996,280.3226,3
2026-01-02,Storage,GCS-Standard,us-central1,84.71520000000001,1037.05,1
2026-01-02,Storage,S3-IA,ap-south-1,2.94588,7393.46,2
2026-01-02,Storage,S3-IA,us-east-1,175.32,3060.37,1
2026-01-02,Storage,S3-IA,us-west-2,147.49272,3526.7136,3
2026-01-02,Storage,S3-Standard,UNKNOWN,190.93,3.9889,1
2026-01-02,Storage,S3-Standard,ap-south-1,2.28588,3208.97,2
2026-01-02,Storage,S3-Standard,ap-southeast-1,-198.57827999999998,4575.7659,3
2026-01-02,Storage,S3-Standard,eu-west-1,255.39144000000002,3816.1289,2
2026-01-02,Storage,S3-Standard,us-east-1,63.25336,1658.2947,3
2026-01-03,Compute,EC2-t3.large,ap-south-1,294.34,16628652.0,1
2026-01-03,Compute,EC2-t3.medium,UNKNOWN,321.9,33922.39,1
2026-01-03,Compute,EC2-t3.medium,ap-south-1,910.2910400000001,161532592.8,2
2026-01-03,Compute,EC2-t3.medium,ap-southeast-1,1491.2848,136892808.0,1
2026-01-03,Compute,EC2-t3.xlarge,ap-south-1,827.1,1050758.4,1
2026-01-03,Compute,GCE-n1-standard-2,europe-west1,367.06,14996.49,1
2026-01-03,Compute,GCE-n1-standard-2,us-central1,497.7504,32559.62,1
2026-01-03,Compute,GCE-n1-standard-2,us-west1,994.40872,126434160.0,4
2026-01-03,Compute,GCE-n1-standard-4,asia-southeast1,12.81492,2234412.0,1
2026-01-03,Compute,GCE-n1-standard-4,europe-west1,38.00172,166448.4,1
2026-01-03,Compute,GCE-n1-standard-4,us-central1,0.939,80574.6,1
2026-01-03,Compute,GCE-n1-standard-4,us-west1,2423.541,172160568.0,1
2026-01-03,Compute,GCE-n1-standard-8,asia-southeast1,6.64056,18086.81,1
2026-01-03,Compute,GCE-n1-standard-8,us-west1,6.3162,1196238456.0,1
2026-01-03,Compute,UNKNOWN,centralindia,2887.9673,40802.96,1
2026-01-03,Compute,UNKNOWN,us-east-1,285.36,22032.34,1
2026-01-03,Compute,VM-Standard_D2s,canadacentral,4655.9988,2623296.6,1
2026-01-03,Compute,VM-Standard_D2s,centralindia,8.11308,2097592.8,1
2026-01-03,Compute,VM-Standard_D2s,southeastasia,516.672,418456.8,1
2026-01-03,Compute,VM-Standard_D2s,westeurope,1505.6388,24704.19,1
2026-01-03,Compute,VM-Standard_D4s,UNKNOWN,436.4101,258797.4,1
2026-01-03,Compute,VM-Standard_D4s,westeurope,2182.3976000000002,860881004.49,3
2026-01-03,Compute,VM-Standard_D8s,canadacentral,409.63,15581412.0,1
2026-01-03,Compute,VM-Standard_D8s,eastus,615.01212,1028405.82,2
2026-01-03,Compute,VM-Standard_D8s,westeurope,1240.0800000000002,92752470.93,2
2026-01-03,Database,CloudSQL-db.standard-2,asia-south1,792.19024,1526846.7,3
2026-01-03,Database,CloudSQL-db.standard-2,asia-southeast1,1709.68184,3528700.2,5
2026-01-03,Database,CloudSQL-db.standard-2,europe-west1,39.6684,462333.6,1
2026-01-03,Database,CloudSQL-db.standard-2,us-central1,1912.32416,137046228.6,3
2026-01-03,Database,CloudSQL-db.standard-2,us-west1,6.04068,2735864.4,1
2026-01-03,Database,RDS-db.m5.large,ap-south-1,1946.1181200000005,312369404.07,8
2026-01-03,Database,RDS-db.m5.large,ap-southeast-1,3937.3109,185026075.09,6
2026-01-03,Database,RDS-db.m5.large,eu-west-1,1425.49892,3833577.6,2
2026-01-03,Database,RDS-db.m5.large,us-east-1,3058.95252,148567842.03,4
2026-01-03,Database,RDS-db.m5.large,us-west-2,4645.2847,163620710.48000002,5
2026-01-03,Database,SQLDb-S2,UNKNOWN,5141.52204,179025536.9,3
2026-01-03,Database,SQLDb-S2,centralindia,3574.95828,171071343.62,4
2026-01-03,Database,SQLDb-S2,eastus,1437.5576,2150031.0,2
2026-01-03,Database,SQLDb-S2,southeastasia,1958.74,26649.88,1
2026-01-03,Storage,Blob-Cool,southeastasia,184.8084,7803.64,2
2026-01-03,Storage,Blob-Cool,westeurope,313.90772,5038.0456,4
2026-01-03,Storage,Blob-Hot,canadacentral,235.6776,5587.12,2
2026-01-03,Storage,Blob-Hot,eastus,480.45959999999997,9201.05,3
2026-01-03,Storage,GCS-Nearline,asia-southeast1,0.4501199999999999,0.5208,1
2026-01-03,Storage,GCS-Nearline,europe-west1,180.75,4187.63,1
2026-01-03,Storage,GCS-Nearline,us-central1,5.02,0.8074,1
2026-01-03,Storage,GCS-Standard,asia-south1,11.34,4.7843,1
2026-01-03,Storage,GCS-Standard,us-west1,335.23814,4526.8362,2
2026-01-03,Storage,S3-IA,ap-south-1,267.38,2682.29,1
2026-01-03,Storage,S3-IA,ap-southeast-1,407.40008,1113.7559,4
2026-01-03,Storage,S3-IA,eu-west-1,38.8152,2.633,1
2026-01-03,Storage,S3-IA,us-east-1,321.95094,4050.2082,4
2026-01-03,Storage,S3-IA,us-west-2,2.31048,54.7654,2
2026-01-03,Storage,S3-Standard,ap-southeast-1,215.9755,2805.3681,2
2026-01-03,Storage,S3-Standard,us-west-2,0.48996,1485.8,1
2026-01-04,Compute,EC2-t3.large,UNKNOWN,-540.6263,1723126.8,1
2026-01-04,Compute,EC2-t3.large,us-east-1,5.14788,61191036.0,1
2026-01-04,Compute,EC2-t3.large,us-west-2,775.1808000000001,28778292.0,1
2026-01-04,Compute,EC2-t3.medium,ap-south-1,3478.3141,40050.54,1
2026-01-04,Compute,EC2-t3.xlarge,ap-southeast-1,604.73,20662.99,1
2026-01-04,Compute,EC2-t3.xlarge,us-east-1,2286.10826,38361987.76,5
2026-01-04,Compute,EC2-t3.xlarge,us-west-2,21.53136,38371.35,1
2026-01-04,Compute,GCE-n1-standard-2,asia-south1,3255.098,18190346.37,3
2026-01-04,Compute,GCE-n1-standard-2,asia-southeast1,1697.868,22829.77,1
2026-01-04,Compute,GCE-n1-standard-4,us-central1,4625.856,116532684.0,1
2026-01-04,Compute,GCE-n1-standard-8,asia-south1,2511.27,2374276.2,1
2026-01-04,Compute,GCE-n1-standard-8,asia-southeast1,1768.62404,52617726.6,3
2026-01-04,Compute,GCE-n1-standard-8,us-central1,80.29416,170667562.2,2
2026-01-04,Compute,UNKNOWN,us-west-2,25.462080000000004,31475.21,1
2026-01-04,Compute,VM-Standard_D2s,canadacentral,2628.91,105281820.0,1
2026-01-04,Compute,VM-Standard_D2s,eastus,235.3104,29633544.0,1
2026-01-04,Compute,VM-Standard_D4s,canadacentral,9.6558,45014544.0,1
2026-01-04,Compute,VM-Standard_D4s,eastus,1834.16,1431874.8,1
2026-01-04,Compute,VM-Standard_D8s,centralindia,875.3361600000001,95578331.23,2
2026-01-04,Compute,VM-Standard_D8s,eastus,1308.258,20637.31,1
2026-01-04,Database,CloudSQL-db.standard-2,asia-southeast1,1172.4804,126293624.45,2
2026-01-04,Database,CloudSQL-db.standard-2,europe-west1,6644.5224,98680827.91,3
2026-01-04,Database,CloudSQL-db.standard-2,us-central1,937.7060799999999,141072369.38,4
2026-01-04,Database,CloudSQL-db.standard-2,us-west1,105.11652000000001,93020278.03,3
2026-01-04,Database,RDS-db.m5.large,ap-south-1,1102.30686,101981613.6,2
2026-01-04,Database,RDS-db.m5.large,ap-southeast-1,2029.37604,165196089.51,5
2026-01-04,Database,RDS-db.m5.large,us-east-1,16.057560000000002,25546.41,1
2026-01-04,Database,RDS-db.m5.large,us-west-2,1501.43,24831.11,1
2026-01-04,Database,SQLDb-S2,canadacentral,2364.6263200000003,4800840262.2,3
2026-01-04,Database,SQLDb-S2,southeastasia,736.38568,164742555.56,3
2026-01-04,Database,SQLDb-S2,westeurope,6731.568,195253755.22,4
2026-01-04,Storage,Blob-Cool,canadacentral,24.87,676.02,1
2026-01-04,Storage,Blob-Cool,centralindia,227.44800000000006,6372.280000000001,2
2026-01-04,Storage,Blob-Cool,eastus,2.19012,3872.28,1
2026-01-04,Storage,Blob-Cool,westeurope,51.82920000000001,2.3218,1
2026-01-04,Storage,Blob-Hot,westeurope,324.7452,3448.52,1
2026-01-04,Storage,GCS-Nearline,asia-southeast1,26.87,886.46,1
2026-01-04,Storage,GCS-Nearline,europe-west1,1.38492,2984.35,1
2026-01-04,Storage,GCS-Standard,europe-west1,4.44216,4263.3105,3
2026-01-04,Storage,GCS-Standard,us-central1,-22.587280000000007,4536.2468,3
2026-01-04,Storage,GCS-Standard,us-west1,355.69916,7.1066,2
2026-01-04,Storage,S3-IA,UNKNOWN,147.80020000000002,5738.84,2
2026-01-04,Storage,S3-IA,ap-south-1,5.9944,0.0581,1
2026-01-04,Storage,S3-IA,ap-southeast-1,129.5019,3.3207,1
2026-01-04,Storage,S3-IA,eu-west-1,96.84,1076.99,1
2026-01-04,Storage,S3-IA,us-west-2,0.0,4429.63,1
2026-01-04,Storage,S3-Standard,eu-west-1,0.93012,2244.35,1
2026-01-04,Storage,S3-Standard,us-east-1,23.55,3652.97,1
2026-01-05,Compute,EC2-t3.large,eu-west-1,3208.56,2177541.0,1
2026-01-05,Compute,EC2-t3.large,us-west-2,842.3460000000001,21791.46,1
2026-01-05,Compute,EC2-t3.medium,ap-southeast-1,142.73,5282172.0,1
2026-01-05,Compute,EC2-t3.medium,eu-west-1,47.07144,149449032.0,1
2026-01-05,Compute,EC2-t3.medium,us-east-1,222.36,2584.74,2
2026-01-05,Compute,EC2-t3.xlarge,ap-south-1,137.01572000000002,758051.3999999999,2
2026-01-05,Compute,EC2-t3.xlarge,us-east-1,498.83,1268781.6,1
2026-01-05,Compute,EC2-t3.xlarge,us-west-2,143.0352,17857476.0,1
2026-01-05,Compute,GCE-n1-standard-2,asia-south1,1627.14,2865246.0,1
2026-01-05,Compute,GCE-n1-standard-2,us-central1,24.8712,49636.86,1
2026-01-05,Compute,GCE-n1-standard-2,us-west1,36.52872,42601.97,1
2026-01-05,Compute,GCE-n1-standard-4,asia-south1,3777.8309,2545736.4,1
2026-01-05,Compute,GCE-n1-standard-4,europe-west1,21.65268,2974026.0,1
2026-01-05,Compute,GCE-n1-standard-4,us-central1,2579.1603000000005,52111.1,2
2026-01-05,Compute,GCE-n1-standard-4,us-west1,503.18796,231588324.0,2
2026-01-05,Compute,GCE-n1-standard-8,asia-south1,154.051,21392748.0,1
2026-01-05,Compute,GCE-n1-standard-8,asia-southeast1,7.43448,96245928.0,1
2026-01-05,Compute,GCE-n1-standard-8,us-central1,3736.65,154318104.0,1
2026-01-05,Compute,GCE-n1-standard-8,us-west1,23.4576,422332.2,1
2026-01-05,Compute,VM-Standard_D2s,centralindia,16.29984,20553.41,1
2026-01-05,Compute,VM-Standard_D4s,centralindia,59.61972000000001,168354055.75,3
2026-01-05,Compute,VM-Standard_D4s,westeurope,323.5572,80449344.0,1
2026-01-05,Compute,VM-Standard_D8s,canadacentral,1903.9752,49874894.400000006,2
2026-01-05,Compute,VM-Standard_D8s,eastus,59.19,29339.350000000002,2
2026-01-05,Compute,VM-Standard_D8s,southeastasia,290.27,1750366.2,1
2026-01-05,Database,CloudSQL-db.standard-2,asia-south1,1297.3557999999998,13571281.2,3
2026-01-05,Database,CloudSQL-db.standard-2,asia-southeast1,2594.07352,318242700.0,2
2026-01-05,Database,CloudSQL-db.standard-2,europe-west1,4174.341840000001,5356968.6,2
2026-01-05,Database,CloudSQL-db.standard-2,us-central1,93.12712,145469487.79,4
2026-01-05,Database,CloudSQL-db.standard-2,us-west1,60.28392,101620255.2,4
2026-01-05,Database,RDS-db.m5.large,ap-south-1,398.40552,647310.6000000001,3
2026-01-05,Database,RDS-db.m5.large,ap-southeast-1,4192.4514,57503157.0,2
2026-01-05,Database,RDS-db.m5.large,eu-west-1,21.89544,54303659.4,1
2026-01-05,Database,RDS-db.m5.large,us-east-1,1410.8465200000003,55518151.2,2
2026-01-05,Database,RDS-db.m5.large,us-west-2,1863.50368,61430.93,2
2026-01-05,Database,SQLDb-S2,UNKNOWN,423.09,17680.49,1
2026-01-05,Database,SQLDb-S2,canadacentral,9811.25,313082542.2,3
2026-01-05,Database,SQLDb-S2,centralindia,2875.58556,147257748.0,2
2026-01-05,Database,SQLDb-S2,eastus,3043.2502000000004,121091112.0,1
2026-01-05,Database,SQLDb-S2,southeastasia,769.0572000000001,11249.11,1
2026-01-05,Database,SQLDb-S2,westeurope,484.70400000000006,34646688.0,1
2026-01-05,Database,UNKNOWN,ap-southeast-1,9.7698,91014624.0,1
2026-01-05,Database,UNKNOWN,southeastasia,48.5136,101359692.0,1
2026-01-05,Storage,Blob-Cool,centralindia,230.21280000000002,2813.4297,2
2026-01-05,Storage,Blob-Cool,eastus,449.6580000000001,4.6791,1
2026-01-05,Storage,Blob-Cool,southeastasia,1.57068,1.4946,1
2026-01-05,Storage,Blob-Hot,centralindia,116.1972,3173.45,1
2026-01-05,Storage,Blob-Hot,eastus,418.3738,5573.610000000001,2
2026-01-05,Storage,Blob-Hot,southeastasia,479.9968,4892.2372000000005,2
2026-01-05,Storage,Blob-Hot,westeurope,185.5656,6422.43,2
2026-01-05,Storage,GCS-Nearline,asia-south1,304.93104,6546.17,3
2026-01-05,Storage,GCS-Nearline,asia-southeast1,218.58108000000004,5566.2118,3
2026-01-05,Storage,GCS-Nearline,europe-west1,3.2523600000000004,3441.83,2
2026-01-05,Storage,GCS-Nearline,us-central1,378.5912,5255.889999999999,2
2026-01-05,Storage,GCS-Nearline,us-west1,313.6428,4.4311,1
2026-01-05,Storage,GCS-Standard,asia-south1,0.00348,197.18,1
2026-01-05,Storage,GCS-Standard,europe-west1,83.55,1.2432,1
2026-01-05,Storage,GCS-Standard,us-central1,1.85076,2.0954,1
2026-01-05,Storage,GCS-Standard,us-west1,0.71628,1758.1,1
2026-01-05,Storage,S3-IA,ap-south-1,6.69672,9.321,2
2026-01-05,Storage,S3-IA,ap-southeast-1,629.5104,6.7438,2
2026-01-05,Storage,S3-IA,eu-west-1,295.46,4873.37,1
2026-01-05,Storage,S3-IA,us-east-1,489.86820000000006,3532.5002999999997,4
2026-01-05,Storage,S3-IA,us-west-2,163.98291999999998,5672.860000000001,2
2026-01-05,Storage,S3-Standard,UNKNOWN,0.36372,0.8149,1
2026-01-05,Storage,S3-Standard,ap-south-1,2.27172,4.1249,1
2026-01-05,Storage,S3-Standard,ap-southeast-1,3.84756,9.444099999999999,3
2026-01-05,Storage,S3-Standard,us-east-1,1.48788,1439.84,1
2026-01-05,Storage,S3-Standard,us-west-2,32.25636,2250.6978,3
2026-01-05,Storage,UNKNOWN,ap-southeast-1,1.50012,2.705,1
2026-01-06,Compute,EC2-t3.large,UNKNOWN,1675.77212,85699.66,2
2026-01-06,Compute,EC2-t3.large,ap-southeast-1,966.4192,920004.0,1
2026-01-06,Compute,EC2-t3.medium,ap-south-1,26.484,1545312.6,1
2026-01-06,Compute,EC2-t3.medium,ap-southeast-1,2225.548,27029.66,1
2026-01-06,Compute,EC2-t3.medium,eu-west-1,236.7788,7359.92,1
2026-01-06,Compute,EC2-t3.medium,us-east-1,211.0104,23566.15,1
2026-01-06,Compute,EC2-t3.xlarge,ap-south-1,123.3562,86909005.58,4
2026-01-06,Compute,EC2-t3.xlarge,eu-west-1,2168.93,127188648.0,1
2026-01-06,Compute,EC2-t3.xlarge,us-west-2,1499.94,1841665.8,1
2026-01-06,Compute,GCE-n1-standard-2,asia-south1,469.94,25710840.0,2
2026-01-06,Compute,GCE-n1-standard-2,asia-southeast1,12.754680000000002,46139832.0,1
2026-01-06,Compute,GCE-n1-standard-2,europe-west1,983.7039,67422420.0,1
2026-01-06,Compute,GCE-n1-standard-2,us-central1,13.18572,1269755.4,1
2026-01-06,Compute,GCE-n1-standard-4,asia-south1,1471.1252399999998,91096966.2,2
2026-01-06,Compute,GCE-n1-standard-8,asia-south1,20.96928,1245918.0,1
2026-01-06,Compute,GCE-n1-standard-8,europe-west1,4507.67,136876867.2,2
2026-01-06,Compute,GCE-n1-standard-8,us-central1,3604.35744,164082570.93,3
2026-01-06,Compute,GCE-n1-standard-8,us-west1,33.41448,1752292.2,1
2026-01-06,Compute,VM-Standard_D2s,centralindia,3073.04,33288.86,1
2026-01-06,Compute,VM-Standard_D2s,westeurope,1338.8975,15204.01,1
2026-01-06,Compute,VM-Standard_D4s,eastus,371.898,1624164.0,1
2026-01-06,Compute,VM-Standard_D4s,westeurope,2775.1014,1159205.75,2
2026-01-06,Compute,VM-Standard_D8s,canadacentral,1154.4876000000002,12076.94,1
2026-01-06,Compute,VM-Standard_D8s,southeastasia,383.98,49517.9,1
2026-01-06,Compute,VM-Standard_D8s,westeurope,698.6842800000002,101154556.58,2
2026-01-06,Database,CloudSQL-db.standard-2,asia-south1,31.628400000000003,209728584.0,2
2026-01-06,Database,CloudSQL-db.standard-2,asia-southeast1,118.8972,14613156.0,1
2026-01-06,Database,CloudSQL-db.standard-2,us-central1,740.6148000000001,159409048.8,3
2026-01-06,Database,CloudSQL-db.standard-2,us-west1,24.83304,68407.97,2
2026-01-06,Database,RDS-db.m5.large,UNKNOWN,519.5951,2727118.2,1
2026-01-06,Database,RDS-db.m5.large,ap-south-1,3.0231600000000003,1789584.6,1
2026-01-06,Database,RDS-db.m5.large,ap-southeast-1,8987.80904,166820850.9,5
2026-01-06,Database,RDS-db.m5.large,eu-west-1,1564.36,94085496.0,1
2026-01-06,Database,RDS-db.m5.large,us-east-1,2810.8262400000003,132654303.17,3
2026-01-06,Database,RDS-db.m5.large,us-west-2,5.8644,3042504.0,1
2026-01-06,Database,SQLDb-S2,canadacentral,3384.3204000000005,2398885.2,1
2026-01-06,Database,SQLDb-S2,centralindia,3579.6831599999996,103308.05,4
2026-01-06,Database,SQLDb-S2,eastus,4914.8517600000005,193950071.82,5
2026-01-06,Database,SQLDb-S2,southeastasia,798.822,20359.86,1
2026-01-06,Database,SQLDb-S2,westeurope,2008.24952,73404.06,2
2026-01-06,Database,UNKNOWN,canadacentral,554.7096,1324332.6,1
2026-01-06,Storage,Blob-Cool,centralindia,4.62192,3.7806,1
2026-01-06,Storage,Blob-Cool,eastus,283.122,2702.14,1
2026-01-06,Storage,Blob-Cool,southeastasia,145.4658,1.507,1
2026-01-06,Storage,Blob-Hot,eastus,21.5676,2.9732,1
2026-01-06,Storage,Blob-Hot,southeastasia,251.804,7494.525100000001,4
2026-01-06,Storage,Blob-Hot,westeurope,203.5476,2.8205,1
2026-01-06,Storage,GCS-Nearline,asia-southeast1,226.33516,9.2956,5
2026-01-06,Storage,GCS-Nearline,us-central1,198.40608,1602.4551999999999,2
2026-01-06,Storage,GCS-Nearline,us-west1,57.9968,4477.56,2
2026-01-06,Storage,GCS-Standard,UNKNOWN,1.62,3385.1,1
2026-01-06,Storage,S3-IA,ap-southeast-1,513.7294999999999,2995.9267,3
2026-01-06,Storage,S3-IA,eu-west-1,417.94906,2803.8532999999998,3
2026-01-06,Storage,S3-Standard,ap-southeast-1,103.06680000000001,4167.027599999999,3
2026-01-06,Storage,S3-Standard,eu-west-1,507.48120000000006,4617.1548,2
2026-01-06,Storage,S3-Standard,us-east-1,12.5874,3.5802,1
2026-01-06,Storage,S3-Standard,us-west-2,415.52510000000007,6.2073,2
2026-01-07,Compute,EC2-t3.large,UNKNOWN,8.49864,35039613.6,1
2026-01-07,Compute,EC2-t3.large,ap-south-1,3874.1004,41478.85,1
2026-01-07,Compute,EC2-t3.large,eu-west-1,301.10136,65125932.6,2
2026-01-07,Compute,EC2-t3.large,us-east-1,6.4536,35871012.0,1
2026-01-07,Compute,EC2-t3.medium,ap-southeast-1,320.8909,39782.95,1
2026-01-07,Compute,EC2-t3.medium,us-east-1,2616.408,341040456.0,2
2026-01-07,Compute,EC2-t3.medium,us-west-2,145.6817,24752.72,1
2026-01-07,Compute,EC2-t3.xlarge,ap-south-1,534.7620000000001,1023025.8,1
2026-01-07,Compute,EC2-t3.xlarge,ap-southeast-1,1866.47,28973.68,1
2026-01-07,Compute,EC2-t3.xlarge,eu-west-1,2.48568,52477596.0,1
2026-01-07,Compute,GCE-n1-standard-2,asia-south1,377.66,18114480.0,2
2026-01-07,Compute,GCE-n1-standard-2,europe-west1,1950.38864,133445.91,3
2026-01-07,Compute,GCE-n1-standard-2,us-central1,758.42,34975296.0,1
2026-01-07,Compute,GCE-n1-standard-2,us-west1,1150.24,1460047.2,1
2026-01-07,Compute,GCE-n1-standard-4,asia-south1,201.5712,140160.0,1
2026-01-07,Compute,GCE-n1-standard-4,europe-west1,52.282680000000006,2733181.2,1
2026-01-07,Compute,GCE-n1-standard-8,asia-southeast1,550.62,17576.78,1
2026-01-07,Compute,GCE-n1-standard-8,us-central1,14.36544,4226775.81,2
2026-01-07,Compute,UNKNOWN,southeastasia,3891.2724,2472238.8,1
2026-01-07,Compute,UNKNOWN,westeurope,0.59436,122520.6,1
2026-01-07,Compute,VM-Standard_D2s,centralindia,3936.9604000000004,154517223.0,2
2026-01-07,Compute,VM-Standard_D2s,southeastasia,11451.124800000001,5543036.03,3
2026-01-07,Compute,VM-Standard_D4s,centralindia,1830.79976,50663228.61,3
2026-01-07,Compute,VM-Standard_D4s,eastus,3.43212,15128568.0,1
2026-01-07,Compute,VM-Standard_D8s,canadacentral,2565.6804,122551848.0,1
2026-01-07,Compute,VM-Standard_D8s,southeastasia,918.0108,2582342.4,1
2026-01-07,Database,CloudSQL-db.standard-2,asia-south1,4461.44952,125602414.83,5
2026-01-07,Database,CloudSQL-db.standard-2,asia-southeast1,23.577,140998356.0,1
2026-01-07,Database,CloudSQL-db.standard-2,us-central1,355.05,223667.4,1
2026-01-07,Database,CloudSQL-db.standard-2,us-west1,3291.2160000000003,105779604.02,4
2026-01-07,Database,RDS-db.m5.large,ap-south-1,1869.9399600000002,89393795.77,3
2026-01-07,Database,RDS-db.m5.large,ap-southeast-1,33.99288,58688055.6,3
2026-01-07,Database,RDS-db.m5.large,eu-west-1,922.72448,120835552.2,3
2026-01-07,Database,RDS-db.m5.large,us-west-2,5017.736000000001,167159465.46,3
2026-01-07,Database,SQLDb-S2,canadacentral,39.73,170205.6,1
2026-01-07,Database,SQLDb-S2,centralindia,553.8355200000001,922834.4299999999,2
2026-01-07,Database,SQLDb-S2,eastus,5590.54,210924864.0,2
2026-01-07,Database,SQLDb-S2,southeastasia,976.7304,89902152.0,1
2026-01-07,Database,SQLDb-S2,westeurope,25.85424,2353383.6,2
2026-01-07,Storage,Blob-Cool,canadacentral,203.81884,4668.8728,4
2026-01-07,Storage,Blob-Cool,eastus,83.85140000000001,950.8584,2
2026-01-07,Storage,Blob-Hot,canadacentral,385.3116,4017.91,1
2026-01-07,Storage,Blob-Hot,centralindia,2668.6392800000003,2008.0777,5
2026-01-07,Storage,Blob-Hot,eastus,26.4328,1.469,2
2026-01-07,Storage,Blob-Hot,southeastasia,31.5713,26763.1261,2
2026-01-07,Storage,GCS-Nearline,asia-south1,172.0008,2.2977,1
2026-01-07,Storage,GCS-Nearline,asia-southeast1,203.82696,5373.4,3
2026-01-07,Storage,GCS-Nearline,europe-west1,0.73272,775.9,1
2026-01-07,Storage,GCS-Nearline,us-central1,18.91,2541.36,1
2026-01-07,Storage,GCS-Nearline,us-west1,49.4425,3425.4665,3
2026-01-07,Storage,GCS-Standard,asia-south1,131.51244000000003,6682.1094,4
2026-01-07,Storage,S3-IA,ap-south-1,278.4983,545.0103,2
2026-01-07,Storage,S3-IA,ap-southeast-1,114.1992,619.1301,2
2026-01-07,Storage,S3-IA,eu-west-1,50.43600000000001,1542.6,2
2026-01-07,Storage,S3-IA,us-east-1,1.67328,4167.41,1
2026-01-07,Storage,S3-IA,us-west-2,506.7427,3.9401,1
2026-01-07,Storage,S3-Standard,ap-southeast-1,294.2154,2016.6194999999998,3
2026-01-07,Storage,S3-Standard,us-east-1,24.0,4296.11,1
2026-01-07,Storage,UNKNOWN,us-west1,0.5463600000000001,1039.25,1
2026-01-08,Compute,EC2-t3.large,ap-south-1,95.3516,401548.2,1
2026-01-08,Compute,EC2-t3.large,eu-west-1,2021.74,1742068.2,1
2026-01-08,Compute,EC2-t3.large,us-west-2,6916.752399999999,136029169.2,3
2026-01-08,Compute,EC2-t3.medium,ap-southeast-1,77.5081,9235.64,1
2026-01-08,Compute,EC2-t3.medium,us-east-1,470.73,6280.57,1
2026-01-08,Compute,EC2-t3.xlarge,UNKNOWN,46.128,175268412.0,1
2026-01-08,Compute,EC2-t3.xlarge,eu-west-1,0.13896,2535372.0,1
2026-01-08,Compute,EC2-t3.xlarge,us-east-1,202.06824,2182460.1799999997,3
2026-01-08,Compute,GCE-n1-standard-2,UNKNOWN,0.23868,173486.4,1
2026-01-08,Compute,GCE-n1-standard-2,asia-south1,41.07144,754503.92,1
2026-01-08,Compute,GCE-n1-standard-2,asia-southeast1,2.217,12872.81,1
2026-01-08,Compute,GCE-n1-standard-2,us-central1,6.48132,43778.63,1
2026-01-08,Compute,GCE-n1-standard-4,asia-south1,18.20712,160599924.0,1
2026-01-08,Compute,GCE-n1-standard-4,europe-west1,14.172,59473584.0,1
2026-01-08,Compute,GCE-n1-standard-4,us-west1,1417.3272,1661599.8,1
2026-01-08,Compute,GCE-n1-standard-8,us-west1,279.26202,466251.62,2
2026-01-08,Compute,VM-Standard_D2s,canadacentral,154.2288,24466860.0,1
2026-01-08,Compute,VM-Standard_D2s,centralindia,5481.8153,166198896.0,1
2026-01-08,Compute,VM-Standard_D2s,eastus,1651.2552,256035348.0,2
2026-01-08,Compute,VM-Standard_D2s,southeastasia,4388.0444,114979678.34,3
2026-01-08,Compute,VM-Standard_D2s,westeurope,8.301120000000001,24138.11,1
2026-01-08,Compute,VM-Standard_D4s,canadacentral,2016.99,99508032.0,1
2026-01-08,Compute,VM-Standard_D4s,eastus,2711.79498,127780.98000000001,3
2026-01-08,Compute,VM-Standard_D4s,southeastasia,1193.0761,1307380.2,1
2026-01-08,Compute,VM-Standard_D4s,westeurope,11.43348,854575.2,1
2026-01-08,Compute,VM-Standard_D8s,centralindia,5478.5006,2659854.59,2
2026-01-08,Compute,VM-Standard_D8s,southeastasia,5259.983200000001,70151.82,2
2026-01-08,Database,CloudSQL-db.standard-2,asia-southeast1,2236.9559,126412956.0,2
2026-01-08,Database,CloudSQL-db.standard-2,europe-west1,853.34814,1969620.0,2
2026-01-08,Database,CloudSQL-db.standard-2,us-central1,5617.6564,3075260.94,4
2026-01-08,Database,CloudSQL-db.standard-2,us-west1,26.6112,67995465.0,2
2026-01-08,Database,RDS-db.m5.large,ap-south-1,134.32,743329.8,1
2026-01-08,Database,RDS-db.m5.large,ap-southeast-1,1539.00408,906376.0700000001,3
2026-01-08,Database,RDS-db.m5.large,eu-west-1,2244.65924,117864465.0,2
2026-01-08,Database,RDS-db.m5.large,us-east-1,414.1758,143297590.37,3
2026-01-08,Database,RDS-db.m5.large,us-west-2,151.09624,42710.899999999994,3
2026-01-08,Database,SQLDb-S2,canadacentral,8918.3888,4039793.19,4
2026-01-08,Database,SQLDb-S2,centralindia,5909.2916000000005,325958951.13,5
2026-01-08,Database,SQLDb-S2,eastus,1362.0342,10276850.4,2
2026-01-08,Database,SQLDb-S2,southeastasia,108.93,26712288.0,1
2026-01-08,Database,SQLDb-S2,westeurope,2254.9055200000003,1393505160.0,4
2026-01-08,Database,UNKNOWN,UNKNOWN,2.43012,2349.43,1
2026-01-08,Database,UNKNOWN,europe-west1,0.0,11846.99,1
2026-01-08,Storage,Blob-Cool,westeurope,385.0914,53352.629799999995,4
2026-01-08,Storage,Blob-Hot,eastus,212.52756,62232.8787,4
2026-01-08,Storage,Blob-Hot,southeastasia,157.41468,1829.83,2
2026-01-08,Storage,GCS-Nearline,asia-southeast1,67.78528,840.2742000000001,2
2026-01-08,Storage,GCS-Nearline,europe-west1,166.5732,26.6916,1
2026-01-08,Storage,GCS-Nearline,us-west1,1.91496,46.6494,1
2026-01-08,Storage,GCS-Standard,asia-south1,1.2956400000000001,3.745,2
2026-01-08,Storage,GCS-Standard,asia-southeast1,0.15696,0.4565,1
2026-01-08,Storage,GCS-Standard,europe-west1,435.4195,115.6027,1
2026-01-08,Storage,GCS-Standard,us-west1,31.37,1868.59,1
2026-01-08,Storage,S3-IA,ap-south-1,1.24176,1232.11,1
2026-01-08,Storage,S3-IA,ap-southeast-1,172.34251999999998,3302.0542,3
2026-01-08,Storage,S3-IA,eu-west-1,133.56,2269.92,1
2026-01-08,Storage,S3-IA,us-west-2,285.6774,3430.9847,2
2026-01-08,Storage,S3-Standard,us-east-1,0.30132,3019.66,1
2026-01-09,Compute,EC2-t3.large,ap-southeast-1,13.847280000000001,37361.66,2
2026-01-09,Compute,EC2-t3.large,eu-west-1,1312.75308,1466474305.87,2
2026-01-09,Compute,EC2-t3.large,us-west-2,110.5812,40159440.0,1
2026-01-09,Compute,EC2-t3.medium,ap-south-1,2.55144,940693.8,1
2026-01-09,Compute,EC2-t3.medium,eu-west-1,5858.205440000001,4556260.8,4
2026-01-09,Compute,EC2-t3.medium,us-east-1,226.5408,363139.8,1
2026-01-09,Compute,EC2-t3.medium,us-west-2,107.43,510525.0,1
2026-01-09,Compute,EC2-t3.xlarge,UNKNOWN,3585.9888000000005,156160368.0,1
2026-01-09,Compute,EC2-t3.xlarge,us-east-1,1126.53,58224420.0,1
2026-01-09,Compute,EC2-t3.xlarge,us-west-2,6592.6639,158519.22999999998,3
2026-01-09,Compute,GCE-n1-standard-2,asia-south1,2428.33754,142312869.0,2
2026-01-09,Compute,GCE-n1-standard-2,europe-west1,50.20608,206842104.0,2
2026-01-09,Compute,GCE-n1-standard-2,us-west1,1215.99,888355.2,1
2026-01-09,Compute,GCE-n1-standard-4,europe-west1,626.42,26594748.0,1
2026-01-09,Compute,GCE-n1-standard-4,us-central1,1469.2536000000002,3608094744.0,1
2026-01-09,Compute,GCE-n1-standard-4,us-west1,4111.81,685503.79,3
2026-01-09,Compute,GCE-n1-standard-8,asia-south1,9.5784,248942736.0,2
2026-01-09,Compute,GCE-n1-standard-8,asia-southeast1,65.10672,4572463.46,3
2026-01-09,Compute,GCE-n1-standard-8,us-central1,25.28016,28057.73,1
2026-01-09,Compute,GCE-n1-standard-8,us-west1,4988.2171,1489680.0,1
2026-01-09,Compute,UNKNOWN,asia-southeast1,1.38984,291098.4,1
2026-01-09,Compute,VM-Standard_D2s,centralindia,1952.5615,28810.04,1
2026-01-09,Compute,VM-Standard_D2s,southeastasia,1.5936,23360148.0,1
2026-01-09,Compute,VM-Standard_D2s,westeurope,3102.1056000000003,2601035.4,2
2026-01-09,Compute,VM-Standard_D4s,UNKNOWN,666.9756000000001,23317920.0,1
2026-01-09,Compute,VM-Standard_D4s,canadacentral,2851.26,2049685.8,2
2026-01-09,Compute,VM-Standard_D4s,centralindia,28.263120000000004,38022.06,1
2026-01-09,Compute,VM-Standard_D4s,eastus,4.3776,16763868.0,1
2026-01-09,Compute,VM-Standard_D4s,westeurope,2399.9652,984650.53,1
2026-01-09,Compute,VM-Standard_D8s,centralindia,46.07424,45712.95,1
2026-01-09,Compute,VM-Standard_D8s,eastus,59.93388,60933.33,2
2026-01-09,Compute,VM-Standard_D8s,southeastasia,27.9768,1487835.6,1
2026-01-09,Database,CloudSQL-db.standard-2,asia-south1,2013.9533000000001,2571051.2300000004,3
2026-01-09,Database,CloudSQL-db.standard-2,asia-southeast1,1725.58648,215326502.4,3
2026-01-09,Database,CloudSQL-db.standard-2,europe-west1,1442.06052,209334.59,3
2026-01-09,Database,CloudSQL-db.standard-2,us-central1,7.42368,41207.82,1
2026-01-09,Database,RDS-db.m5.large,ap-south-1,4817.8876199999995,302783352.6,4
2026-01-09,Database,RDS-db.m5.large,ap-southeast-1,19002.772,150474672.93,10
2026-01-09,Database,RDS-db.m5.large,eu-west-1,1423.81366,50470251.0,2
2026-01-09,Database,RDS-db.m5.large,us-east-1,186.8508,423286.8,1
2026-01-09,Database,RDS-db.m5.large,us-west-2,1552.67444,4306343.07,3
2026-01-09,Database,SQLDb-S2,UNKNOWN,2235.28104,20351843.400000002,2
2026-01-09,Database,SQLDb-S2,canadacentral,3027.632,696170.7,2
2026-01-09,Database,SQLDb-S2,centralindia,1681.1144,134229195.0,2
2026-01-09,Database,SQLDb-S2,eastus,8204.140720000001,331435509.03,5
2026-01-09,Database,SQLDb-S2,southeastasia,2169.08148,173007943.2,4
2026-01-09,Database,SQLDb-S2,westeurope,1506.7171799999999,119379910.01,3
2026-01-09,Database,UNKNOWN,ap-southeast-1,21.21744,101805768.0,1
2026-01-09,Storage,Blob-Cool,canadacentral,353.94840000000005,4543.17,1
2026-01-09,Storage,Blob-Cool,centralindia,517.1320000000001,3570.1798,2
2026-01-09,Storage,Blob-Cool,eastus,59.346,2740.07,1
2026-01-09,Storage,Blob-Cool,southeastasia,0.9096,2.3725,1
2026-01-09,Storage,Blob-Cool,westeurope,181.2672,2.9982,1
2026-01-09,Storage,Blob-Hot,canadacentral,197.7644,3445.08,1
2026-01-09,Storage,Blob-Hot,centralindia,0.4062,2402.03,1
2026-01-09,Storage,Blob-Hot,eastus,373.12340000000006,6734.51,4
2026-01-09,Storage,GCS-Nearline,asia-southeast1,3256.6968,2.2276,1
2026-01-09,Storage,GCS-Nearline,europe-west1,326.28402,1986.8151,3
2026-01-09,Storage,GCS-Nearline,us-west1,96.24,3984.68,1
2026-01-09,Storage,GCS-Standard,asia-southeast1,2.55744,2620.59,2
2026-01-09,Storage,GCS-Standard,europe-west1,4744.1268,4794.52,1
2026-01-09,Storage,GCS-Standard,us-west1,56.162600000000005,3.3148999999999997,2
2026-01-09,Storage,S3-IA,UNKNOWN,0.945,1775.85,1
2026-01-09,Storage,S3-IA,ap-southeast-1,195.55349999999999,2067.2933,2
2026-01-09,Storage,S3-IA,eu-west-1,2.71968,4154.03,1
2026-01-09,Storage,S3-IA,us-east-1,241.34158,9.0134,2
2026-01-09,Storage,S3-IA,us-west-2,147.719,4535.0761,2
2026-01-09,Storage,S3-Standard,UNKNOWN,0.4188,2882.77,1
2026-01-09,Storage,S3-Standard,ap-southeast-1,3.80232,3.4543,1
2026-01-09,Storage,S3-Standard,us-west-2,294.6886,5482.849999999999,4
2026-01-10,Compute,EC2-t3.large,ap-southeast-1,109.42,4964868.0,1
2026-01-10,Compute,EC2-t3.large,eu-west-1,3.12684,350787.6,1
2026-01-10,Compute,EC2-t3.large,us-east-1,19.2151,182634.6,1
2026-01-10,Compute,EC2-t3.medium,ap-southeast-1,773.9235600000001,801245.9,2
2026-01-10,Compute,EC2-t3.medium,eu-west-1,1100.6388000000002,35644.16,1
2026-01-10,Compute,EC2-t3.medium,us-east-1,913.62,35354.93,1
2026-01-10,Compute,EC2-t3.medium,us-west-2,1.63236,10465.86,1
2026-01-10,Compute,EC2-t3.xlarge,ap-south-1,7.87476,833952.0,1
2026-01-10,Compute,EC2-t3.xlarge,ap-southeast-1,514.7584,1651942.13,2
2026-01-10,Compute,EC2-t3.xlarge,eu-west-1,1130.6115,946548.11,2
2026-01-10,Compute,GCE-n1-standard-2,asia-southeast1,8.577359999999999,191367.95,3
2026-01-10,Compute,GCE-n1-standard-2,europe-west1,769.4168000000001,48254.22,1
2026-01-10,Compute,GCE-n1-standard-4,asia-southeast1,10.65252,23737.44,1
2026-01-10,Compute,GCE-n1-standard-4,europe-west1,3532.518,2405275.8,1
2026-01-10,Compute,GCE-n1-standard-4,us-central1,77.4684,48924504.0,1
2026-01-10,Compute,GCE-n1-standard-8,asia-south1,1599.16536,301960800.0,2
2026-01-10,Compute,GCE-n1-standard-8,asia-southeast1,1630.4484000000002,132652531.2,2
2026-01-10,Compute,GCE-n1-standard-8,europe-west1,2286.83612,163302210.0,2
2026-01-10,Compute,GCE-n1-standard-8,us-west1,1299.1973,2426010.0,1
2026-01-10,Compute,UNKNOWN,ap-south-1,1.8588,2525.2,1
2026-01-10,Compute,VM-Standard_D2s,westeurope,6930.642300000001,2873388.3000000003,4
2026-01-10,Compute,VM-Standard_D8s,canadacentral,2093.3128,260847720.0,2
2026-01-10,Compute,VM-Standard_D8s,centralindia,3324.34,34140.33,1
2026-01-10,Database,CloudSQL-db.standard-2,UNKNOWN,16.520880000000002,15735.42,1
2026-01-10,Database,CloudSQL-db.standard-2,asia-south1,1817.86914,143034680.01,3
2026-01-10,Database,CloudSQL-db.standard-2,asia-southeast1,2692.69892,173300416.71,6
2026-01-10,Database,CloudSQL-db.standard-2,europe-west1,6524.216160000001,261174433.20000002,5
2026-01-10,Database,CloudSQL-db.standard-2,us-central1,14.05524,38543.13,1
2026-01-10,Database,CloudSQL-db.standard-2,us-west1,528.01,478044.0,1
2026-01-10,Database,RDS-db.m5.large,UNKNOWN,1326.6292999999998,11703.17,1
2026-01-10,Database,RDS-db.m5.large,ap-south-1,2336.3428200000003,49865.77,3
2026-01-10,Database,RDS-db.m5.large,ap-southeast-1,130.17372,145063950.0,2
2026-01-10,Database,RDS-db.m5.large,eu-west-1,9.07164,806139.0,1
2026-01-10,Database,RDS-db.m5.large,us-east-1,3326.3624400000003,39895355.129999995,4
2026-01-10,Database,RDS-db.m5.large,us-west-2,1497.87504,172953606.6,3
2026-01-10,Database,SQLDb-S2,canadacentral,84.48840000000001,205113.0,1
2026-01-10,Database,SQLDb-S2,centralindia,4127.67,2659925.8000000003,2
2026-01-10,Database,SQLDb-S2,eastus,14.18412,85914252.0,1
2026-01-10,Database,SQLDb-S2,southeastasia,2701.51448,46161801.82,5
2026-01-10,Database,UNKNOWN,us-west-2,2313.96,1714474.2,1
2026-01-10,Storage,Blob-Cool,centralindia,321.78852,7132.469999999999,2
2026-01-10,Storage,Blob-Cool,westeurope,256.5908,1134.3191,2
2026-01-10,Storage,Blob-Hot,canadacentral,65.124,4.1618,1
2026-01-10,Storage,Blob-Hot,centralindia,14.14,463.33,1
2026-01-10,Storage,Blob-Hot,eastus,151.5672,1.5818,1
2026-01-10,Storage,Blob-Hot,westeurope,436.5117,4350.09,1
2026-01-10,Storage,GCS-Nearline,us-central1,0.6091200000000001,380.8918,2
2026-01-10,Storage,GCS-Standard,asia-south1,0.5257200000000001,596.87,1
2026-01-10,Storage,GCS-Standard,asia-southeast1,577.4445,9061.77,2
2026-01-10,Storage,S3-IA,UNKNOWN,84.69,3665.82,1
2026-01-10,Storage,S3-IA,ap-south-1,2.78772,4117.0172,2
2026-01-10,Storage,S3-IA,eu-west-1,0.3137999999999999,4238.52,1
2026-01-10,Storage,S3-IA,us-west-2,189.0,2112.67,1
2026-01-10,Storage,S3-Standard,ap-south-1,14.82324,1.757,1
2026-01-10,Storage,S3-Standard,ap-southeast-1,67.20644,6341.446400000001,4
2026-01-10,Storage,S3-Standard,eu-west-1,122.37541999999999,699.6370999999999,3
2026-01-10,Storage,S3-Standard,us-east-1,105.8083,5595.34,3
2026-01-10,Storage,S3-Standard,us-west-2,287.62824,3570.06,2
2026-01-11,Compute,EC2-t3.large,ap-southeast-1,5292.2447,172152342.85,2
2026-01-11,Compute,EC2-t3.large,eu-west-1,1246.1524,2563776.59,2
2026-01-11,Compute,EC2-t3.large,us-west-2,703.58,8577.58,1
2026-01-11,Compute,EC2-t3.medium,ap-south-1,257.94696,87430.33,2
2026-01-11,Compute,EC2-t3.medium,ap-southeast-1,2340.5544,87339.88,2
2026-01-11,Compute,EC2-t3.medium,us-east-1,3239.5414,35078.66,1
2026-01-11,Compute,EC2-t3.medium,us-west-2,17.5872,133617960.0,1
2026-01-11,Compute,EC2-t3.xlarge,ap-south-1,1305.7632,46922.1,1
2026-01-11,Compute,EC2-t3.xlarge,eu-west-1,40.51932,73979593.92,2
2026-01-11,Compute,GCE-n1-standard-2,europe-west1,904.26,44413452.0,1
2026-01-11,Compute,GCE-n1-standard-4,europe-west1,34.1808,51770302.21,2
2026-01-11,Compute,GCE-n1-standard-4,us-central1,1819.54,1468669140.0,1
2026-01-11,Compute,GCE-n1-standard-8,asia-southeast1,774.8905,103910148.0,1
2026-01-11,Compute,GCE-n1-standard-8,europe-west1,5.440799999999999,26502696.0,1
2026-01-11,Compute,GCE-n1-standard-8,us-west1,10.51932,33800040.0,1
2026-01-11,Compute,UNKNOWN,eu-west-1,2429.8021,50988097.8,1
2026-01-11,Compute,VM-Standard_D2s,canadacentral,16.725839999999998,1301464.8,1
2026-01-11,Compute,VM-Standard_D4s,canadacentral,2815.9710000000005,40868.36,2
2026-01-11,Compute,VM-Standard_D4s,centralindia,1610.6416000000002,32988.93,3
2026-01-11,Compute,VM-Standard_D4s,westeurope,621.74724,2298314.64,2
2026-01-11,Compute,VM-Standard_D8s,canadacentral,1918.0226,103299381.6,3
2026-01-11,Compute,VM-Standard_D8s,eastus,16.44096,14218.38,1
2026-01-11,Compute,VM-Standard_D8s,southeastasia,4427.2835000000005,2658078.6,1
2026-01-11,Compute,VM-Standard_D8s,westeurope,3131.572080000001,62665.45,2
2026-01-11,Database,CloudSQL-db.standard-2,asia-southeast1,5794.7148,69752339.82000001,5
2026-01-11,Database,CloudSQL-db.standard-2,europe-west1,3289.36376,3402233.7199999997,4
2026-01-11,Database,CloudSQL-db.standard-2,us-central1,1032.00704,43286353.8,2
2026-01-11,Database,RDS-db.m5.large,ap-south-1,7.08108,110284.31,2
2026-01-11,Database,RDS-db.m5.large,ap-southeast-1,8300.09194,384000546.25,5
2026-01-11,Database,RDS-db.m5.large,eu-west-1,1358.22,123966936.0,2
2026-01-11,Database,RDS-db.m5.large,us-east-1,5297.42866,159306255.91000003,3
2026-01-11,Database,RDS-db.m5.large,us-west-2,10979.814480000001,133572518.4,6
2026-01-11,Database,SQLDb-S2,UNKNOWN,4367.08,49582.23,1
2026-01-11,Database,SQLDb-S2,canadacentral,0.65784,2656.46,1
2026-01-11,Database,SQLDb-S2,centralindia,6154.9013,1142058.78,3
2026-01-11,Database,SQLDb-S2,eastus,37.02564,154985796.0,1
2026-01-11,Database,SQLDb-S2,southeastasia,3046.0853799999995,9245141.4,4
2026-01-11,Storage,Blob-Cool,canadacentral,85.03572,174.2621,2
2026-01-11,Storage,Blob-Cool,centralindia,66.042,4643.26,1
2026-01-11,Storage,Blob-Cool,eastus,9.871200000000002,0.1412,1
2026-01-11,Storage,Blob-Cool,southeastasia,325.3716,3562.01,1
2026-01-11,Storage,Blob-Cool,westeurope,0.20124,184.16,1
2026-01-11,Storage,Blob-Hot,canadacentral,0.52464,2.975,1
2026-01-11,Storage,Blob-Hot,centralindia,39.32556,0.7048,1
2026-01-11,Storage,Blob-Hot,eastus,1.52004,1.4287,1
2026-01-11,Storage,Blob-Hot,southeastasia,138.024,3.4183,1
2026-01-11,Storage,GCS-Nearline,asia-south1,0.7448400000000001,1.6873,1
2026-01-11,Storage,GCS-Nearline,asia-southeast1,0.0,2581.12,1
2026-01-11,Storage,GCS-Nearline,europe-west1,2.0058,3.4874,1
2026-01-11,Storage,GCS-Nearline,us-central1,512.14388,9708.6328,5
2026-01-11,Storage,GCS-Nearline,us-west1,2.77128,4008.68,1
2026-01-11,Storage,GCS-Standard,us-central1,72.86,5.3201,2
2026-01-11,Storage,S3-IA,UNKNOWN,0.40932,4544.25,1
2026-01-11,Storage,S3-IA,ap-south-1,2.79972,2449.96,1
2026-01-11,Storage,S3-IA,ap-southeast-1,4.50696,5425.2,2
2026-01-11,Storage,S3-IA,eu-west-1,2.2721999999999998,4499.8426,2
2026-01-11,Storage,S3-IA,us-east-1,345.4962,356.08939999999996,2
2026-01-11,Storage,S3-IA,us-west-2,55.167519999999996,4.93,2
2026-01-11,Storage,S3-Standard,UNKNOWN,0.0,1.8896,1
2026-01-11,Storage,S3-Standard,ap-south-1,8.89432,4876.8174,2
2026-01-11,Storage,S3-Standard,ap-southeast-1,504.5025,5473.1721,3
2026-01-11,Storage,S3-Standard,us-east-1,223.06235999999998,6131.200000000001,2
2026-01-11,Storage,S3-Standard,us-west-2,58.40844,8045.77,2
2026-01-11,Storage,UNKNOWN,centralindia,318.276,3204.5,1
2026-01-11,Storage,UNKNOWN,eu-west-1,40.77,509.29,1
2026-01-12,Compute,EC2-t3.large,ap-south-1,427.50828,172715507.47,2
2026-01-12,Compute,EC2-t3.large,eu-west-1,1663.69912,335842651.39,4
2026-01-12,Compute,EC2-t3.large,us-east-1,299.27878,10341503.36,2
2026-01-12,Compute,EC2-t3.large,us-west-2,1266.0249,2800860.6,1
2026-01-12,Compute,EC2-t3.medium,eu-west-1,164.71,138130812.0,1
2026-01-12,Compute,EC2-t3.medium,us-west-2,1808.4031,107555182.8,2
2026-01-12,Compute,EC2-t3.xlarge,UNKNOWN,526.8,561024.0,1
2026-01-12,Compute,EC2-t3.xlarge,ap-southeast-1,765.4332400000001,109323874.2,2
2026-01-12,Compute,EC2-t3.xlarge,eu-west-1,1288.92,12920.4,1
2026-01-12,Compute,EC2-t3.xlarge,us-east-1,44.70192,37636.86,1
2026-01-12,Compute,EC2-t3.xlarge,us-west-2,6875.1069,160806589.8,2
2026-01-12,Compute,GCE-n1-standard-2,us-west1,270.0774,16457149.2,2
2026-01-12,Compute,GCE-n1-standard-4,asia-southeast1,21.51252,1765919.4,1
2026-01-12,Compute,GCE-n1-standard-4,europe-west1,1808.2116,161714340.0,1
2026-01-12,Compute,GCE-n1-standard-4,us-central1,38.80872,2180263.8,1
2026-01-12,Compute,GCE-n1-standard-8,asia-southeast1,2087.5303200000003,41051.97,2
2026-01-12,Compute,GCE-n1-standard-8,us-central1,3537.46664,103652.3,3
2026-01-12,Compute,VM-Standard_D2s,canadacentral,446.9904,29530188.0,1
2026-01-12,Compute,VM-Standard_D2s,centralindia,678.52964,68492879.64,3
2026-01-12,Compute,VM-Standard_D2s,southeastasia,2413.97268,7457213.24,2
2026-01-12,Compute,VM-Standard_D4s,eastus,211.34120000000001,93045744.0,2
2026-01-12,Compute,VM-Standard_D4s,southeastasia,0.4434,6312168.0,1
2026-01-12,Compute,VM-Standard_D4s,westeurope,5401.322700000001,2719903.2,1
2026-01-12,Compute,VM-Standard_D8s,eastus,2804.3726400000005,2412927155.24,2
2026-01-12,Compute,VM-Standard_D8s,southeastasia,1204.24,18525.68,1
2026-01-12,Compute,VM-Standard_D8s,westeurope,9050.67,4871822.4,2
2026-01-12,Database,CloudSQL-db.standard-2,asia-south1,1797.46,37136.99,1
2026-01-12,Database,CloudSQL-db.standard-2,asia-southeast1,34.08744,84719496.68,2
2026-01-12,Database,CloudSQL-db.standard-2,europe-west1,33.285360000000004,335872080.0,2
2026-01-12,Database,CloudSQL-db.standard-2,us-central1,408.94824,2871258.41,2
2026-01-12,Database,CloudSQL-db.standard-2,us-west1,341.99572,71122222.8,2
2026-01-12,Database,RDS-db.m5.large,ap-south-1,15.54864,48459.25,1
2026-01-12,Database,RDS-db.m5.large,ap-southeast-1,1121.3846,9765223.8,1
2026-01-12,Database,RDS-db.m5.large,eu-west-1,368.01268,227524064.4,5
2026-01-12,Database,RDS-db.m5.large,us-east-1,24.12708,44359.9,2
2026-01-12,Database,RDS-db.m5.large,us-west-2,6.920039999999999,10576.26,1
2026-01-12,Database,SQLDb-S2,UNKNOWN,380.9484000000001,4129.82,1
2026-01-12,Database,SQLDb-S2,canadacentral,2086.83988,2484828.99,4
2026-01-12,Database,SQLDb-S2,centralindia,429.53760000000005,54506124.0,1
2026-01-12,Database,SQLDb-S2,eastus,99.0252,9617472.0,1
2026-01-12,Database,SQLDb-S2,southeastasia,2380.6528,77072.31,4
2026-01-12,Storage,Blob-Cool,centralindia,157.4208,2037.49,1
2026-01-12,Storage,Blob-Cool,eastus,240.9804,3501.58,1
2026-01-12,Storage,Blob-Cool,southeastasia,878.427,5002.662,4
2026-01-12,Storage,Blob-Cool,westeurope,106.047,2133.48,2
2026-01-12,Storage,Blob-Hot,eastus,15.714000000000002,4261.74,1
2026-01-12,Storage,Blob-Hot,southeastasia,51.362300000000005,31182.0203,2
2026-01-12,Storage,GCS-Nearline,asia-southeast1,153.2183,5339.530000000001,2
2026-01-12,Storage,GCS-Standard,asia-south1,182.4402,54094.6143,2
2026-01-12,Storage,GCS-Standard,us-west1,2.06784,1.8216,1
2026-01-12,Storage,S3-IA,ap-south-1,0.33264,2765.99,1
2026-01-12,Storage,S3-IA,ap-southeast-1,-189.5832,2.1934,1
2026-01-12,Storage,S3-IA,eu-west-1,39.13,1.0556,1
2026-01-12,Storage,S3-IA,us-west-2,4.87608,4.4603,1
2026-01-12,Storage,S3-Standard,UNKNOWN,0.078,4.3465,1
2026-01-12,Storage,S3-Standard,ap-southeast-1,406.6286,4.2503,1
2026-01-12,Storage,S3-Standard,eu-west-1,377.8,4618.34,2
2026-01-12,Storage,S3-Standard,us-west-2,0.0,1536.74,1
2026-01-13,Compute,EC2-t3.large,ap-south-1,6845.97764,38643392.7,5
2026-01-13,Compute,EC2-t3.large,ap-southeast-1,10082.8328,130807562.74,3
2026-01-13,Compute,EC2-t3.large,us-west-2,443.63163999999995,37424955.0,2
2026-01-13,Compute,EC2-t3.medium,ap-south-1,3386.00588,1748272.06,3
2026-01-13,Compute,EC2-t3.medium,ap-southeast-1,3458.26,43790.93,2
2026-01-13,Compute,EC2-t3.medium,us-east-1,3659.58,171978552.0,2
2026-01-13,Compute,EC2-t3.xlarge,ap-south-1,181.08,93642444.0,1
2026-01-13,Compute,EC2-t3.xlarge,ap-southeast-1,2441.1754800000003,2044721.33,2
2026-01-13,Compute,EC2-t3.xlarge,eu-west-1,364.96320000000003,334943348.36,3
2026-01-13,Compute,EC2-t3.xlarge,us-east-1,2.1606,473420.4,1
2026-01-13,Compute,GCE-n1-standard-4,asia-southeast1,860.1768,1508530.8,2
2026-01-13,Compute,GCE-n1-standard-4,europe-west1,3016.75,143787204.0,1
2026-01-13,Compute,GCE-n1-standard-4,us-central1,1298.1816,1572688.2,1
2026-01-13,Compute,GCE-n1-standard-4,us-west1,7.865880000000001,1055762.4,1
2026-01-13,Compute,GCE-n1-standard-8,us-central1,3893.9940000000006,42250.71,1
2026-01-13,Compute,GCE-n1-standard-8,us-west1,618.1979,131057352.0,1
2026-01-13,Compute,VM-Standard_D2s,canadacentral,5272.514300000001,41965169.61,2
2026-01-13,Compute,VM-Standard_D2s,centralindia,247.5,11315700.0,1
2026-01-13,Compute,VM-Standard_D2s,eastus,1070.04372,113230076.4,2
2026-01-13,Compute,VM-Standard_D4s,centralindia,1060.0309,68343264.0,1
2026-01-13,Compute,VM-Standard_D4s,eastus,11.2338,1579918.2,1
2026-01-13,Compute,VM-Standard_D4s,southeastasia,1238.6952,1987572.6,1
2026-01-13,Compute,VM-Standard_D4s,westeurope,20.40336,136702152.0,1
2026-01-13,Compute,VM-Standard_D8s,UNKNOWN,1520.36,135990468.0,1
2026-01-13,Compute,VM-Standard_D8s,southeastasia,3975.9616000000005,61827457.48,2
2026-01-13,Database,CloudSQL-db.standard-2,asia-south1,2700.8856000000005,1489428.0,1
2026-01-13,Database,CloudSQL-db.standard-2,asia-southeast1,262.92,48452.62,2
2026-01-13,Database,CloudSQL-db.standard-2,europe-west1,2954.53128,2339088263.29,4
2026-01-13,Database,CloudSQL-db.standard-2,us-west1,2284.24,2681077.2,1
2026-01-13,Database,RDS-db.m5.large,UNKNOWN,36.5256,120017232.0,1
2026-01-13,Database,RDS-db.m5.large,ap-south-1,10446.432800000002,96392913.33,5
2026-01-13,Database,RDS-db.m5.large,ap-southeast-1,4037.0329199999996,7541490.0,3
2026-01-13,Database,RDS-db.m5.large,eu-west-1,1104.0491000000002,119076804.0,1
2026-01-13,Database,RDS-db.m5.large,us-east-1,1877.28948,777820.8200000001,3
2026-01-13,Database,RDS-db.m5.large,us-west-2,2795.1056,998160257.97,3
2026-01-13,Database,SQLDb-S2,canadacentral,2648.7972000000004,44336.14,1
2026-01-13,Database,SQLDb-S2,centralindia,46.49472,73720597.37,2
2026-01-13,Database,SQLDb-S2,eastus,4715.34146,77565.69,3
2026-01-13,Database,SQLDb-S2,southeastasia,911.9412,63275724.0,1
2026-01-13,Database,SQLDb-S2,westeurope,1793.42938,150494015.09,4
2026-01-13,Database,UNKNOWN,ap-south-1,3039.15,46326.86,1
2026-01-13,Database,UNKNOWN,eastus,1101.2932,692734.2,1
2026-01-13,Storage,Blob-Cool,canadacentral,4.11336,4479.8,1
2026-01-13,Storage,Blob-Cool,centralindia,5298.3504,4592.06,2
2026-01-13,Storage,Blob-Cool,westeurope,295.7148,3276.93,1
2026-01-13,Storage,Blob-Hot,UNKNOWN,1.2678,1.2314,1
2026-01-13,Storage,Blob-Hot,centralindia,487.42600000000004,1234.3444,3
2026-01-13,Storage,Blob-Hot,eastus,2.28336,463.6,2
2026-01-13,Storage,Blob-Hot,southeastasia,326.3004,4.1843,1
2026-01-13,Storage,Blob-Hot,westeurope,169.2275,2.9975,1
2026-01-13,Storage,GCS-Nearline,asia-south1,1.10436,4886.35,1
2026-01-13,Storage,GCS-Nearline,europe-west1,5.10624,4.78,2
2026-01-13,Storage,GCS-Nearline,us-west1,277.65500000000003,789.8801000000001,4
2026-01-13,Storage,GCS-Standard,us-central1,4.14888,5.8383,2
2026-01-13,Storage,S3-IA,ap-south-1,0.49164,4769.87,1
2026-01-13,Storage,S3-IA,us-east-1,217.0917,3675.332,2
2026-01-13,Storage,S3-Standard,ap-south-1,0.3624,0.4094,1
2026-01-13,Storage,S3-Standard,us-east-1,40.86656,1227.5329000000002,2
2026-01-13,Storage,S3-Standard,us-west-2,83.50782,2919.42,2
2026-01-13,Storage,UNKNOWN,us-east-1,0.843,839.87,1
2026-01-14,Compute,EC2-t3.large,ap-south-1,23.743319999999997,1860835.58,2
2026-01-14,Compute,EC2-t3.large,ap-southeast-1,1013.37,24428.05,1
2026-01-14,Compute,EC2-t3.large,eu-west-1,592.93,1680924.6,1
2026-01-14,Compute,EC2-t3.large,us-west-2,3723.69,135260064.0,1
2026-01-14,Compute,EC2-t3.medium,ap-southeast-1,28.63344,35986.56,2
2026-01-14,Compute,EC2-t3.medium,us-west-2,154.42,8656.71,1
2026-01-14,Compute,EC2-t3.xlarge,ap-south-1,4577.0696,152272047.0,2
2026-01-14,Compute,EC2-t3.xlarge,ap-southeast-1,407.82882,1510076.77,4
2026-01-14,Compute,EC2-t3.xlarge,us-east-1,2130.41984,100896722.4,3
2026-01-14,Compute,EC2-t3.xlarge,us-west-2,257.09832,29294386.11,2
2026-01-14,Compute,GCE-n1-standard-2,asia-southeast1,446.99,1025618.4,1
2026-01-14,Compute,GCE-n1-standard-2,us-central1,1454.90284,106367803.2,2
2026-01-14,Compute,GCE-n1-standard-2,us-west1,23.56536,48488.15,1
2026-01-14,Compute,GCE-n1-standard-4,asia-south1,20.008560000000003,71833212.0,1
2026-01-14,Compute,GCE-n1-standard-4,europe-west1,1233.82,2232260.4,1
2026-01-14,Compute,GCE-n1-standard-4,us-west1,7.74324,55346436.0,1
2026-01-14,Compute,GCE-n1-standard-8,asia-southeast1,27.489600000000003,1501734.0,1
2026-01-14,Compute,GCE-n1-standard-8,europe-west1,53.55588,174916008.0,1
2026-01-14,Compute,GCE-n1-standard-8,us-central1,21.17736,21779.84,1
2026-01-14,Compute,UNKNOWN,canadacentral,986.9757599999999,142043592.93,2
2026-01-14,Compute,UNKNOWN,us-east-1,658.6164000000001,25144.07,1
2026-01-14,Compute,VM-Standard_D2s,UNKNOWN,903.582,75360744.0,1
2026-01-14,Compute,VM-Standard_D2s,canadacentral,4.22832,1686868.2,1
2026-01-14,Compute,VM-Standard_D2s,centralindia,1225.0548,12885.74,1
2026-01-14,Compute,VM-Standard_D4s,UNKNOWN,1578.88,1138656.0,1
2026-01-14,Compute,VM-Standard_D4s,centralindia,299.1092,2416020.39,2
2026-01-14,Compute,VM-Standard_D4s,southeastasia,2750.0904000000005,2037808.2,1
2026-01-14,Compute,VM-Standard_D4s,westeurope,4628.750400000001,2812188.6,1
2026-01-14,Compute,VM-Standard_D8s,canadacentral,2019.2084,75226.70999999999,2
2026-01-14,Compute,VM-Standard_D8s,centralindia,5340.189600000001,2382038.4,1
2026-01-14,Compute,VM-Standard_D8s,eastus,1232.53236,438890.51,3
2026-01-14,Database,CloudSQL-db.standard-2,UNKNOWN,706.56,115866180.0,1
2026-01-14,Database,CloudSQL-db.standard-2,asia-south1,10.73088,17184.66,2
2026-01-14,Database,CloudSQL-db.standard-2,asia-southeast1,1144.42288,125022643.2,2
2026-01-14,Database,CloudSQL-db.standard-2,us-central1,2284.4869200000003,32873058.22,5
2026-01-14,Database,CloudSQL-db.standard-2,us-west1,2437.9174,2627660.4,1
2026-01-14,Database,RDS-db.m5.large,UNKNOWN,2228.344,274666068.0,2
2026-01-14,Database,RDS-db.m5.large,ap-south-1,2616.21508,339612166.34,3
2026-01-14,Database,RDS-db.m5.large,ap-southeast-1,967.53928,338927202.46000004,7
2026-01-14,Database,RDS-db.m5.large,eu-west-1,34.58808,245781324.0,2
2026-01-14,Database,RDS-db.m5.large,us-east-1,33.14496,34965.94,1
2026-01-14,Database,RDS-db.m5.large,us-west-2,8.378400000000001,489832.2,1
2026-01-14,Database,SQLDb-S2,UNKNOWN,3698.492400000001,2130998.4,1
2026-01-14,Database,SQLDb-S2,canadacentral,3732.95696,8898664.8,4
2026-01-14,Database,SQLDb-S2,centralindia,1479.4464,3445101268.13,2
2026-01-14,Database,SQLDb-S2,westeurope,645.9696,77702580.0,1
2026-01-14,Storage,Blob-Cool,centralindia,13.5432,379.19,1
2026-01-14,Storage,Blob-Cool,eastus,99.6732,4.3219,1
2026-01-14,Storage,Blob-Cool,southeastasia,215.6328,3.3369,1
2026-01-14,Storage,Blob-Cool,westeurope,2327.198,3345.0377,3
2026-01-14,Storage,Blob-Hot,canadacentral,305.2318,2.738,1
2026-01-14,Storage,Blob-Hot,centralindia,1.8684,0.2556,1
2026-01-14,Storage,Blob-Hot,eastus,0.34416,1089.9424,2
2026-01-14,Storage,Blob-Hot,westeurope,1.1346,4.0343,1
2026-01-14,Storage,GCS-Nearline,us-central1,3416.78708,62257.6023,4
2026-01-14,Storage,GCS-Standard,asia-south1,3.619920000000001,4.6744,1
2026-01-14,Storage,GCS-Standard,asia-southeast1,71.8566,2.4209,1
2026-01-14,Storage,GCS-Standard,europe-west1,5.2,3.9243,1
2026-01-14,Storage,GCS-Standard,us-central1,245.24524000000002,2776.0865,3
2026-01-14,Storage,GCS-Standard,us-west1,1.28532,1413.12,1
2026-01-14,Storage,S3-IA,UNKNOWN,28.58,3143.91,1
2026-01-14,Storage,S3-IA,ap-south-1,339.55792,7456.66,3
2026-01-14,Storage,S3-IA,eu-west-1,495.14760000000007,4.5375,1
2026-01-14,Storage,S3-IA,us-west-2,362.9143,4739.3787,3
2026-01-14,Storage,S3-Standard,UNKNOWN,2013.56,4.3309,1
2026-01-14,Storage,S3-Standard,ap-south-1,254.31760000000003,762.3332,3
2026-01-14,Storage,S3-Standard,eu-west-1,328.48160000000007,6.9863,2
2026-01-14,Storage,S3-Standard,us-east-1,4.05816,4.3277,1
2026-01-15,Compute,EC2-t3.large,UNKNOWN,3075.11,2959764.0,1
2026-01-15,Compute,EC2-t3.large,ap-south-1,131.88124000000002,19176295.8,2
2026-01-15,Compute,EC2-t3.large,eu-west-1,451.4977,4487.49,1
2026-01-15,Compute,EC2-t3.large,us-east-1,74.7384,245462040.0,2
2026-01-15,Compute,EC2-t3.medium,ap-south-1,3247.81324,1340031.5899999999,2
2026-01-15,Compute,EC2-t3.medium,ap-southeast-1,4732.36,47422.6,1
2026-01-15,Compute,EC2-t3.medium,us-east-1,4253.0392,229485852.0,2
2026-01-15,Compute,EC2-t3.medium,us-west-2,2763.532,83459025.0,2
2026-01-15,Compute,EC2-t3.xlarge,ap-southeast-1,-20.87076,93333132.0,1
2026-01-15,Compute,EC2-t3.xlarge,eu-west-1,3.26124,3200.21,1
2026-01-15,Compute,EC2-t3.xlarge,us-west-2,1427.35,2446548.0,1
2026-01-15,Compute,GCE-n1-standard-2,asia-southeast1,1710.1051200000002,1315332.73,2
2026-01-15,Compute,GCE-n1-standard-4,asia-south1,-8.90172,37027.88,1
2026-01-15,Compute,GCE-n1-standard-4,asia-southeast1,232.2576,882655.2,2
2026-01-15,Compute,GCE-n1-standard-4,europe-west1,5.92848,127492704.0,1
2026-01-15,Compute,GCE-n1-standard-4,us-west1,4150.78,151956036.0,1
2026-01-15,Compute,GCE-n1-standard-8,asia-south1,5.44716,4985.45,1
2026-01-15,Compute,GCE-n1-standard-8,europe-west1,1333.4258,2222583.88,2
2026-01-15,Compute,GCE-n1-standard-8,us-central1,14.113920000000002,44925.69,1
2026-01-15,Compute,GCE-n1-standard-8,us-west1,55.37067999999999,2848687.2,2
2026-01-15,Compute,UNKNOWN,southeastasia,12.6198,85272408.0,1
2026-01-15,Compute,VM-Standard_D2s,UNKNOWN,2517.3936000000003,5988345.6,2
2026-01-15,Compute,VM-Standard_D2s,canadacentral,1663.9413000000002,37793623.2,1
2026-01-15,Compute,VM-Standard_D2s,centralindia,1901.18,2863587.0,1
2026-01-15,Compute,VM-Standard_D2s,westeurope,72.30600000000001,11088648.0,1
2026-01-15,Compute,VM-Standard_D4s,centralindia,2830.957,22449.24,1
2026-01-15,Compute,VM-Standard_D4s,westeurope,1719.15746,299401784.4,3
2026-01-15,Compute,VM-Standard_D8s,UNKNOWN,118.8,222677.4,1
2026-01-15,Compute,VM-Standard_D8s,canadacentral,464.0004,18101556.0,1
2026-01-15,Compute,VM-Standard_D8s,centralindia,63.13,10240524.0,1
2026-01-15,Compute,VM-Standard_D8s,southeastasia,2325.3856,100455399.24,2
2026-01-15,Database,CloudSQL-db.standard-2,asia-south1,1718.32,117689112.0,1
2026-01-15,Database,CloudSQL-db.standard-2,asia-southeast1,2591.3754,70364823.6,3
2026-01-15,Database,CloudSQL-db.standard-2,europe-west1,1661.00566,238784093.25,4
2026-01-15,Database,CloudSQL-db.standard-2,us-central1,3403.75516,243974032.2,4
2026-01-15,Database,CloudSQL-db.standard-2,us-west1,1586.8081599999998,38430480.6,2
2026-01-15,Database,RDS-db.m5.large,UNKNOWN,2.9232,2986168.8,1
2026-01-15,Database,RDS-db.m5.large,ap-south-1,2449.53456,112348425.8,4
2026-01-15,Database,RDS-db.m5.large,ap-southeast-1,35.998560000000005,126952884.0,1
2026-01-15,Database,RDS-db.m5.large,eu-west-1,2549.33052,275402160.09000003,5
2026-01-15,Database,RDS-db.m5.large,us-east-1,40.928560000000004,33348301.55,4
2026-01-15,Database,RDS-db.m5.large,us-west-2,22.96212,21283.3,1
2026-01-15,Database,SQLDb-S2,UNKNOWN,334.0656,28773.88,1
2026-01-15,Database,SQLDb-S2,canadacentral,145.19,25757388.0,1
2026-01-15,Database,SQLDb-S2,centralindia,4.81968,975094.2,1
2026-01-15,Database,SQLDb-S2,eastus,1944.34276,62110.41,3
2026-01-15,Database,SQLDb-S2,southeastasia,1807.011,46831.45,3
2026-01-15,Database,SQLDb-S2,westeurope,3900.67492,165404869.2,2
2026-01-15,Database,UNKNOWN,southeastasia,2.28228,172109052.0,1
2026-01-15,Storage,Blob-Cool,canadacentral,65.4264,1473.15,1
2026-01-15,Storage,Blob-Cool,centralindia,29.38,1.1446,1
2026-01-15,Storage,Blob-Cool,eastus,209.7405,1.6804,1
2026-01-15,Storage,Blob-Cool,southeastasia,62.5752,4.2967,1
2026-01-15,Storage,Blob-Hot,UNKNOWN,0.31968,719.96,1
2026-01-15,Storage,Blob-Hot,canadacentral,100.81606,4247.72,2
2026-01-15,Storage,Blob-Hot,centralindia,415.0656,4680.6025,2
2026-01-15,Storage,Blob-Hot,southeastasia,179.4636,3.6009,1
2026-01-15,Storage,Blob-Hot,westeurope,80.6328,1.7056,1
2026-01-15,Storage,GCS-Nearline,asia-south1,2.03088,5220.93,2
2026-01-15,Storage,GCS-Nearline,asia-southeast1,0.0,2766.59,1
2026-01-15,Storage,GCS-Nearline,europe-west1,23.00968,2145.489,3
2026-01-15,Storage,GCS-Nearline,us-central1,66.73,1.1929,1
2026-01-15,Storage,GCS-Standard,asia-south1,0.01104,20.51,1
2026-01-15,Storage,GCS-Standard,asia-southeast1,2.1492,0.3262,1
2026-01-15,Storage,GCS-Standard,europe-west1,1.92552,4250.17,1
2026-01-15,Storage,S3-IA,UNKNOWN,152.89,3.2896,1
2026-01-15,Storage,S3-IA,ap-south-1,178.44,4121.29,1
2026-01-15,Storage,S3-IA,eu-west-1,2.02716,3711.0218999999997,2
2026-01-15,Storage,S3-IA,us-east-1,0.08244,971.49,1
2026-01-15,Storage,S3-IA,us-west-2,68.42,1.0483,1
2026-01-15,Storage,S3-Standard,UNKNOWN,232.99,3.8508,1
2026-01-15,Storage,S3-Standard,ap-southeast-1,286.6263,4023.94,1
2026-01-15,Storage,S3-Standard,us-east-1,275.34,3986.67,1
2026-01-15,Storage,S3-Standard,us-west-2,260.24240000000003,4129.55,2
2026-01-15,Storage,UNKNOWN,us-west-2,260.8453,2.7404,1
2026-01-16,Compute,EC2-t3.large,ap-south-1,185.88960000000003,36069.46,1
2026-01-16,Compute,EC2-t3.large,ap-southeast-1,1325.0628000000002,89088948.0,1
2026-01-16,Compute,EC2-t3.large,eu-west-1,1276.73,27846.33,1
2026-01-16,Compute,EC2-t3.large,us-east-1,0.84468,8121240.0,1
2026-01-16,Compute,EC2-t3.large,us-west-2,2579.1922,134364888.0,1
2026-01-16,Compute,EC2-t3.medium,ap-south-1,1493.47,2485160.4,1
2026-01-16,Compute,EC2-t3.medium,ap-southeast-1,2.95548,735846.6,1
2026-01-16,Compute,EC2-t3.medium,us-east-1,23.92428,34968.41,1
2026-01-16,Compute,EC2-t3.xlarge,ap-south-1,721.3473,2751045228.0,1
2026-01-16,Compute,EC2-t3.xlarge,us-east-1,2972.56924,1342319.25,2
2026-01-16,Compute,GCE-n1-standard-2,asia-south1,19.30752,66595716.0,1
2026-01-16,Compute,GCE-n1-standard-2,us-central1,36.41088,1977903.0,1
2026-01-16,Compute,GCE-n1-standard-4,asia-south1,0.0,35774460.0,1
2026-01-16,Compute,GCE-n1-standard-4,europe-west1,2209.4381999999996,52277.08,3
2026-01-16,Compute,GCE-n1-standard-4,us-central1,19.96032,66929580.0,1
2026-01-16,Compute,GCE-n1-standard-4,us-west1,103.2264,4224.74,1
2026-01-16,Compute,GCE-n1-standard-8,asia-south1,59.686200000000014,23980.83,3
2026-01-16,Compute,GCE-n1-standard-8,europe-west1,10.61496,67413024.0,1
2026-01-16,Compute,GCE-n1-standard-8,us-central1,3140.65,122703048.0,1
2026-01-16,Compute,GCE-n1-standard-8,us-west1,1000.08592,216229426.26999998,3
2026-01-16,Compute,UNKNOWN,eastus,1564.7472,59235264.0,1
2026-01-16,Compute,UNKNOWN,us-central1,12.63444,115297488.0,1
2026-01-16,Compute,VM-Standard_D2s,canadacentral,7501.2988000000005,89593984.93,3
2026-01-16,Compute,VM-Standard_D2s,centralindia,2569.8168,147966192.0,1
2026-01-16,Compute,VM-Standard_D2s,westeurope,6220.239,134440093.8,2
2026-01-16,Compute,VM-Standard_D4s,canadacentral,4234.885200000001,146929536.0,1
2026-01-16,Compute,VM-Standard_D4s,eastus,795.3012,67253868.0,1
2026-01-16,Compute,VM-Standard_D4s,southeastasia,1697.9436000000003,93397500.0,1
2026-01-16,Compute,VM-Standard_D8s,UNKNOWN,1234.41,34370691.0,1
2026-01-16,Compute,VM-Standard_D8s,canadacentral,2530.5326400000004,6754626.800000001,4
2026-01-16,Compute,VM-Standard_D8s,eastus,4973.7772,2463045.0,1
2026-01-16,Compute,VM-Standard_D8s,westeurope,281.6532,644887.8,1
2026-01-16,Database,CloudSQL-db.standard-2,asia-south1,3959.9161000000004,198680026.16,3
2026-01-16,Database,CloudSQL-db.standard-2,us-central1,4546.836840000001,84611.33,5
2026-01-16,Database,CloudSQL-db.standard-2,us-west1,1705.60252,346519.97,2
2026-01-16,Database,RDS-db.m5.large,ap-south-1,4903.0374,117416145.32,3
2026-01-16,Database,RDS-db.m5.large,ap-southeast-1,257.29008000000005,24444594.0,3
2026-01-16,Database,RDS-db.m5.large,eu-west-1,591.3382799999999,29445695.15,3
2026-01-16,Database,RDS-db.m5.large,us-east-1,7139.28836,259860448.72,7
2026-01-16,Database,RDS-db.m5.large,us-west-2,1452.61,108360239.67999999,3
2026-01-16,Database,SQLDb-S2,canadacentral,3638.4448,61371810.38,2
2026-01-16,Database,SQLDb-S2,centralindia,7.9596,138675697.2,2
2026-01-16,Database,SQLDb-S2,eastus,5198.2991999999995,313436916.0,2
2026-01-16,Database,SQLDb-S2,southeastasia,225.5393,173227788.0,1
2026-01-16,Database,SQLDb-S2,westeurope,174.35,15516000.0,1
2026-01-16,Database,UNKNOWN,asia-south1,729.05,2985653.4,1
2026-01-16,Database,UNKNOWN,eu-west-1,18.48624,197881128.0,2
2026-01-16,Storage,Blob-Cool,UNKNOWN,28.976879999999998,7.0364,2
2026-01-16,Storage,Blob-Cool,centralindia,0.10416,1.1947,1
2026-01-16,Storage,Blob-Cool,eastus,13.100400000000002,1.5225,1
2026-01-16,Storage,Blob-Cool,westeurope,79.05600000000001,3495.86,1
2026-01-16,Storage,Blob-Hot,centralindia,378.26048000000003,4937.6193,2
2026-01-16,Storage,Blob-Hot,eastus,38.8908,4.7277,1
2026-01-16,Storage,Blob-Hot,westeurope,88.63,4502.26,2
2026-01-16,Storage,GCS-Nearline,europe-west1,1.02288,63718.56,2
2026-01-16,Storage,GCS-Standard,asia-south1,1191.0699,10717.5779,5
2026-01-16,Storage,GCS-Standard,europe-west1,88.37388000000001,2102.4934999999996,4
2026-01-16,Storage,S3-IA,UNKNOWN,11.742080000000001,4378.1722,2
2026-01-16,Storage,S3-IA,ap-south-1,161.25124000000002,8.6646,3
2026-01-16,Storage,S3-IA,ap-southeast-1,2.05428,4680.11,1
2026-01-16,Storage,S3-IA,eu-west-1,160.34,1.6028,1
2026-01-16,Storage,S3-IA,us-east-1,171.71752,3.9398999999999997,3
2026-01-16,Storage,S3-IA,us-west-2,20.332700000000003,3317.92,1
2026-01-16,Storage,S3-Standard,UNKNOWN,2.39256,2.0698,1
2026-01-16,Storage,S3-Standard,ap-south-1,147.63,3979.49,1
2026-01-16,Storage,S3-Standard,ap-southeast-1,424.65168,4014.2352,5
2026-01-16,Storage,S3-Standard,us-west-2,0.0714,311.16,1
2026-01-16,Storage,UNKNOWN,ap-southeast-1,372.12,3.8952,1
2026-01-17,Compute,EC2-t3.large,UNKNOWN,1600.94,90410292.0,1
2026-01-17,Compute,EC2-t3.large,ap-south-1,2340.9656,137636604.0,1
2026-01-17,Compute,EC2-t3.large,eu-west-1,676.46,400656.82,1
2026-01-17,Compute,EC2-t3.large,us-east-1,-1224.33608,5004738.0,3
2026-01-17,Compute,EC2-t3.large,us-west-2,2912.47,49366.23,1
2026-01-17,Compute,EC2-t3.medium,UNKNOWN,2176.146,3036.86,1
2026-01-17,Compute,EC2-t3.medium,eu-west-1,262.48,158049828.0,1
2026-01-17,Compute,EC2-t3.medium,us-east-1,0.0,115143408.0,1
2026-01-17,Compute,EC2-t3.xlarge,ap-south-1,5.52,4758480.0,2
2026-01-17,Compute,EC2-t3.xlarge,ap-southeast-1,41.86032,124508911.4,2
2026-01-17,Compute,EC2-t3.xlarge,eu-west-1,307.29968,4716.0,2
2026-01-17,Compute,EC2-t3.xlarge,us-east-1,98.33,217332.0,1
2026-01-17,Compute,EC2-t3.xlarge,us-west-2,3381.24,2985465.6,2
2026-01-17,Compute,GCE-n1-standard-2,asia-south1,15.47244,13012.5,1
2026-01-17,Compute,GCE-n1-standard-2,asia-southeast1,255.35,87149051.4,2
2026-01-17,Compute,GCE-n1-standard-2,europe-west1,3519.6984,698346.92,1
2026-01-17,Compute,GCE-n1-standard-4,asia-south1,1939.4208,3048141.6,2
2026-01-17,Compute,GCE-n1-standard-4,us-central1,17.36832,80994564.0,1
2026-01-17,Compute,GCE-n1-standard-4,us-west1,640.3860000000001,400356.0,1
2026-01-17,Compute,GCE-n1-standard-8,asia-southeast1,634.7052000000001,37584.23,1
2026-01-17,Compute,GCE-n1-standard-8,us-west1,354.5,563488.8,2
2026-01-17,Compute,VM-Standard_D2s,canadacentral,2253.9354000000003,78075638.4,3
2026-01-17,Compute,VM-Standard_D2s,centralindia,9.44808,78424524.0,1
2026-01-17,Compute,VM-Standard_D2s,southeastasia,53.23296,48524.67,1
2026-01-17,Compute,VM-Standard_D4s,canadacentral,2914.17828,41214824.74,2
2026-01-17,Compute,VM-Standard_D4s,centralindia,34.32,526646.4,1
2026-01-17,Compute,VM-Standard_D4s,southeastasia,703.1016000000001,10687.76,1
2026-01-17,Compute,VM-Standard_D4s,westeurope,5.39712,295300.2,1
2026-01-17,Compute,VM-Standard_D8s,UNKNOWN,18.21024,2453939.4,1
2026-01-17,Compute,VM-Standard_D8s,canadacentral,866.4192,44903.23,1
2026-01-17,Compute,VM-Standard_D8s,southeastasia,13.26384,24215.76,2
2026-01-17,Database,CloudSQL-db.standard-2,asia-south1,9991.34056,289862724.42,5
2026-01-17,Database,CloudSQL-db.standard-2,europe-west1,4178.7416,62709.26,2
2026-01-17,Database,CloudSQL-db.standard-2,us-central1,40.83852,139274243.4,2
2026-01-17,Database,CloudSQL-db.standard-2,us-west1,4350.15576,178974621.3,6
2026-01-17,Database,RDS-db.m5.large,UNKNOWN,1519.22,96181812.0,1
2026-01-17,Database,RDS-db.m5.large,eu-west-1,1658.3,39113.6,1
2026-01-17,Database,RDS-db.m5.large,us-east-1,1506.1924400000003,50377641.25,4
2026-01-17,Database,RDS-db.m5.large,us-west-2,0.8208000000000001,798.28,1
2026-01-17,Database,SQLDb-S2,canadacentral,414.69223999999997,111025882.22,2
2026-01-17,Database,SQLDb-S2,centralindia,2587.48,162984384.0,3
2026-01-17,Database,SQLDb-S2,eastus,3760.6875,277852772.06,4
2026-01-17,Database,SQLDb-S2,southeastasia,1742.7420000000002,87587892.0,1
2026-01-17,Database,SQLDb-S2,westeurope,2002.68068,1004717.77,2
2026-01-17,Database,UNKNOWN,eastus,3945.5424,137797596.0,1
2026-01-17,Storage,Blob-Cool,canadacentral,463.77680000000004,3010.4938,3
2026-01-17,Storage,Blob-Cool,centralindia,1.0521600000000002,1241.74,1
2026-01-17,Storage,Blob-Cool,eastus,478.8664800000001,7862.1900000000005,2
2026-01-17,Storage,Blob-Cool,southeastasia,292.32928000000004,3350.2926,3
2026-01-17,Storage,Blob-Hot,canadacentral,6.06,0.0782,1
2026-01-17,Storage,Blob-Hot,centralindia,2.49816,4.5212,1
2026-01-17,Storage,Blob-Hot,eastus,4.4154,3833.9700000000003,2
2026-01-17,Storage,Blob-Hot,westeurope,128.82240000000002,4776.5473999999995,2
2026-01-17,Storage,GCS-Nearline,asia-south1,0.2562,834.6,1
2026-01-17,Storage,GCS-Nearline,asia-southeast1,3.22824,3357.9,1
2026-01-17,Storage,GCS-Standard,us-west1,1.8396,3528.76,1
2026-01-17,Storage,S3-IA,ap-south-1,3.2232000000000003,4759.71,1
2026-01-17,Storage,S3-IA,ap-southeast-1,0.29004,971.87,1
2026-01-17,Storage,S3-IA,eu-west-1,0.1651,9.33,1
2026-01-17,Storage,S3-IA,us-east-1,0.0141599999999999,116.65,1
2026-01-17,Storage,S3-Standard,UNKNOWN,0.32652,505.71,1
2026-01-17,Storage,S3-Standard,ap-south-1,246.1549,4.0305,2
2026-01-17,Storage,S3-Standard,eu-west-1,77.85364,5332.4,2
2026-01-17,Storage,S3-Standard,us-east-1,441.91920000000005,3392.7131999999997,2
2026-01-17,Storage,S3-Standard,us-west-2,4.38816,4.5688,1
2026-01-18,Compute,EC2-t3.large,ap-south-1,1528.9952400000002,3326247.0,2
2026-01-18,Compute,EC2-t3.large,us-east-1,20.04,484.61,1
2026-01-18,Compute,EC2-t3.medium,UNKNOWN,8.0136,538812.0,1
2026-01-18,Compute,EC2-t3.medium,ap-south-1,511.44,938196.0,1
2026-01-18,Compute,EC2-t3.medium,ap-southeast-1,616.2696000000001,8016.17,1
2026-01-18,Compute,EC2-t3.medium,eu-west-1,487.4641,37920.48,1
2026-01-18,Compute,EC2-t3.medium,us-west-2,8.27796,765769.2,2
2026-01-18,Compute,EC2-t3.xlarge,eu-west-1,8206.62,5788197.6,2
2026-01-18,Compute,EC2-t3.xlarge,us-east-1,11.24232,5338884960.0,1
2026-01-18,Compute,EC2-t3.xlarge,us-west-2,13.74456,59954785.24,2
2026-01-18,Compute,GCE-n1-standard-2,asia-southeast1,8.18532,210545352.0,2
2026-01-18,Compute,GCE-n1-standard-2,us-west1,3.80448,13658040.0,1
2026-01-18,Compute,GCE-n1-standard-4,asia-south1,868.5036,83033280.0,1
2026-01-18,Compute,GCE-n1-standard-4,asia-southeast1,7.02048,119675232.0,1
2026-01-18,Compute,GCE-n1-standard-4,europe-west1,4.9005600000000005,74324664.0,1
2026-01-18,Compute,GCE-n1-standard-8,asia-south1,1127.304,49324968.0,1
2026-01-18,Compute,GCE-n1-standard-8,asia-southeast1,4776.986040000002,218472515.43,3
2026-01-18,Compute,GCE-n1-standard-8,europe-west1,658.3512,469534.87,2
2026-01-18,Compute,VM-Standard_D2s,canadacentral,4075.1208,124269828.6,2
2026-01-18,Compute,VM-Standard_D2s,centralindia,2881.0068,820558.0700000001,2
2026-01-18,Compute,VM-Standard_D2s,westeurope,7.21824,40758.09,1
2026-01-18,Compute,VM-Standard_D4s,canadacentral,12.31896,2365497.6,1
2026-01-18,Compute,VM-Standard_D4s,eastus,1915.8324,1446019.9600000002,2
2026-01-18,Compute,VM-Standard_D8s,eastus,109.6956,7238.24,1
2026-01-18,Compute,VM-Standard_D8s,southeastasia,149.32,45702144.0,1
2026-01-18,Compute,VM-Standard_D8s,westeurope,6081.534699999999,19898208.0,1
2026-01-18,Database,CloudSQL-db.standard-2,asia-south1,22.72656,5639252.4,2
2026-01-18,Database,CloudSQL-db.standard-2,asia-southeast1,5494.3945,173422437.48000002,4
2026-01-18,Database,CloudSQL-db.standard-2,europe-west1,4319.770479999999,6324861386.05,3
2026-01-18,Database,CloudSQL-db.standard-2,us-central1,1408.3632000000002,130930668.0,2
2026-01-18,Database,CloudSQL-db.standard-2,us-west1,5.03184,791261460.0,1
2026-01-18,Database,RDS-db.m5.large,ap-south-1,3930.5412,82043570.61,2
2026-01-18,Database,RDS-db.m5.large,ap-southeast-1,3386.47132,356206.15,2
2026-01-18,Database,RDS-db.m5.large,eu-west-1,1683.6774400000002,112220762.67,4
2026-01-18,Database,RDS-db.m5.large,us-east-1,759.04,786453.6,1
2026-01-18,Database,RDS-db.m5.large,us-west-2,488.5324,96991198.26,2
2026-01-18,Database,SQLDb-S2,UNKNOWN,19.82808,178413084.0,2
2026-01-18,Database,SQLDb-S2,canadacentral,5885.1756000000005,299155169.14,3
2026-01-18,Database,SQLDb-S2,centralindia,6849.5136,102539050.2,2
2026-01-18,Database,SQLDb-S2,eastus,75.924,605935656.0,1
2026-01-18,Database,SQLDb-S2,southeastasia,0.7768799999999999,171897.0,1
2026-01-18,Database,SQLDb-S2,westeurope,1349.5632,195208668.0,2
2026-01-18,Database,UNKNOWN,ap-south-1,956.9556,8902.62,1
2026-01-18,Storage,Blob-Cool,canadacentral,19.56,256.74,1
2026-01-18,Storage,Blob-Cool,centralindia,618.03062,10020.92,5
2026-01-18,Storage,Blob-Cool,eastus,48.5013,1.5771,1
2026-01-18,Storage,Blob-Hot,canadacentral,163.32340000000002,123.4778,2
2026-01-18,Storage,Blob-Hot,centralindia,176.1236,64.2362,1
2026-01-18,Storage,Blob-Hot,eastus,45.500400000000006,24233.64,1
2026-01-18,Storage,GCS-Nearline,asia-southeast1,203.4413,4.5072,1
2026-01-18,Storage,GCS-Nearline,us-west1,4.14132,4626.93,1
2026-01-18,Storage,GCS-Standard,asia-southeast1,73.66,4.5178,1
2026-01-18,Storage,GCS-Standard,us-central1,0.8136,2770.34,1
2026-01-18,Storage,GCS-Standard,us-west1,1735.94212,4527.6859,3
2026-01-18,Storage,S3-IA,UNKNOWN,302.67,4017.9735,3
2026-01-18,Storage,S3-IA,ap-south-1,174.0916,32.3861,2
2026-01-18,Storage,S3-IA,ap-southeast-1,276.8652,4181.98,3
2026-01-18,Storage,S3-IA,us-east-1,466.6742,4487.83,1
2026-01-18,Storage,S3-Standard,ap-south-1,4.31784,4.7661,1
2026-01-18,Storage,S3-Standard,ap-southeast-1,224.2747,3901.64,2
2026-01-18,Storage,S3-Standard,eu-west-1,87.01,1136.27,1
2026-01-18,Storage,S3-Standard,us-east-1,48.41,4767.6,1
2026-01-18,Storage,S3-Standard,us-west-2,470.01920000000007,4187.2765,2
2026-01-18,Storage,UNKNOWN,europe-west1,351.8535,4.8342,1
2026-01-19,Compute,EC2-t3.large,UNKNOWN,3383.63,2544852.6,1
2026-01-19,Compute,EC2-t3.large,eu-west-1,3228.3365,172038276.0,2
2026-01-19,Compute,EC2-t3.large,us-east-1,522.9733,731985.6,1
2026-01-19,Compute,EC2-t3.medium,ap-south-1,2147.45,158373360.0,1
2026-01-19,Compute,EC2-t3.medium,ap-southeast-1,723.61,2100619.2,1
2026-01-19,Compute,EC2-t3.medium,eu-west-1,2265.9086,2881233.6,1
2026-01-19,Compute,EC2-t3.medium,us-west-2,1857.3212400000002,161213323.07999998,3
2026-01-19,Compute,EC2-t3.xlarge,UNKNOWN,5.15496,549463.8,1
2026-01-19,Compute,EC2-t3.xlarge,ap-south-1,897.01,2187934.8,1
2026-01-19,Compute,EC2-t3.xlarge,eu-west-1,2917.2081599999997,74466237.6,2
2026-01-19,Compute,EC2-t3.xlarge,us-east-1,1890.38,48269.42,1
2026-01-19,Compute,GCE-n1-standard-2,asia-southeast1,115.95168000000001,424342.82,2
2026-01-19,Compute,GCE-n1-standard-2,europe-west1,1190.8512000000003,15867.46,2
2026-01-19,Compute,GCE-n1-standard-2,us-west1,251.98,1460113.8,1
2026-01-19,Compute,GCE-n1-standard-4,asia-southeast1,9.43392,132246468.0,1
2026-01-19,Compute,GCE-n1-standard-8,asia-south1,20.332079999999998,31404808.09,2
2026-01-19,Compute,GCE-n1-standard-8,asia-southeast1,13.38108,70968024.0,1
2026-01-19,Compute,GCE-n1-standard-8,us-central1,2.18244,21103344.0,1
2026-01-19,Compute,GCE-n1-standard-8,us-west1,3627.99,144430056.0,1
2026-01-19,Compute,VM-Standard_D2s,eastus,188.81063999999998,37486548.6,2
2026-01-19,Compute,VM-Standard_D2s,westeurope,1036.2660799999999,52446936.0,2
2026-01-19,Compute,VM-Standard_D4s,centralindia,1219.3092,1685883.6,1
2026-01-19,Compute,VM-Standard_D4s,eastus,984.2373,2368914.0,1
2026-01-19,Compute,VM-Standard_D4s,westeurope,387.3627,2644396.8,1
2026-01-19,Compute,VM-Standard_D8s,canadacentral,2726.7732,1684686.0,1
2026-01-19,Compute,VM-Standard_D8s,centralindia,968.6798,39492144.0,1
2026-01-19,Compute,VM-Standard_D8s,eastus,293.6412,1156268.4,1
2026-01-19,Database,CloudSQL-db.standard-2,asia-south1,1000.6524,21117.3,1
2026-01-19,Database,CloudSQL-db.standard-2,europe-west1,64.14,69500808.0,1
2026-01-19,Database,CloudSQL-db.standard-2,us-central1,95.54,624200.4,1
2026-01-19,Database,CloudSQL-db.standard-2,us-west1,1569.2035200000003,2416895.2199999997,4
2026-01-19,Database,RDS-db.m5.large,UNKNOWN,14.12184,45662.97,1
2026-01-19,Database,RDS-db.m5.large,ap-south-1,4939.1336,115131977.26,3
2026-01-19,Database,RDS-db.m5.large,ap-southeast-1,79.491,119674004.2,3
2026-01-19,Database,RDS-db.m5.large,eu-west-1,1501.89804,57913825.69,3
2026-01-19,Database,RDS-db.m5.large,us-east-1,765.0353,60334128.0,1
2026-01-19,Database,RDS-db.m5.large,us-west-2,198.74008,279607770.37,4
2026-01-19,Database,SQLDb-S2,canadacentral,12747.6496,4328123760.76,5
2026-01-19,Database,SQLDb-S2,centralindia,4078.6294,991662.72,4
2026-01-19,Database,SQLDb-S2,southeastasia,45.138,38176.64,1
2026-01-19,Database,SQLDb-S2,westeurope,3186.8100000000004,1462910.62,1
2026-01-19,Storage,Blob-Cool,canadacentral,504.5652,5.7367,2
2026-01-19,Storage,Blob-Cool,centralindia,45.27683999999999,122487.7733,3
2026-01-19,Storage,Blob-Cool,eastus,70.6212,2435.31,1
2026-01-19,Storage,Blob-Cool,southeastasia,123.6816,1.5203,1
2026-01-19,Storage,Blob-Cool,westeurope,144.02880000000002,3.6206,1
2026-01-19,Storage,Blob-Hot,canadacentral,24.5484,0.901,1
2026-01-19,Storage,Blob-Hot,eastus,65.18652,1035.2709,2
2026-01-19,Storage,Blob-Hot,westeurope,138.80360000000002,2012.7407999999998,4
2026-01-19,Storage,GCS-Nearline,europe-west1,2.9219999999999997,1825.83,2
2026-01-19,Storage,GCS-Nearline,us-central1,236.1528,2.5222,1
2026-01-19,Storage,GCS-Nearline,us-west1,0.16608,2.8308,1
2026-01-19,Storage,GCS-Standard,asia-south1,1.97184,2575.32,2
2026-01-19,Storage,GCS-Standard,asia-southeast1,116.68588,1901.53,2
2026-01-19,Storage,GCS-Standard,europe-west1,0.6365999999999999,6112.27,2
2026-01-19,Storage,GCS-Standard,us-central1,315.15700000000004,519.2039,2
2026-01-19,Storage,GCS-Standard,us-west1,153.95604,117576.05870000001,2
2026-01-19,Storage,S3-IA,ap-south-1,288.52912,8.975000000000001,2
2026-01-19,Storage,S3-IA,ap-southeast-1,526.31092,7435.6769,4
2026-01-19,Storage,S3-IA,us-east-1,218.8288,2434.85,2
2026-01-19,Storage,S3-Standard,ap-south-1,2.5405200000000003,4.1692,1
2026-01-19,Storage,S3-Standard,ap-southeast-1,225.78,8008.84,2
2026-01-19,Storage,S3-Standard,eu-west-1,231.6988,77.1459,1
2026-01-19,Storage,S3-Standard,us-east-1,70.72,2910.5099999999998,3
2026-01-20,Compute,EC2-t3.large,ap-south-1,19.86936,2027463.7200000002,2
2026-01-20,Compute,EC2-t3.large,ap-southeast-1,93.78788,2354138.4,2
2026-01-20,Compute,EC2-t3.large,eu-west-1,908.0083,91577592.0,2
2026-01-20,Compute,EC2-t3.large,us-west-2,377.94754,16940162.4,3
2026-01-20,Compute,EC2-t3.medium,ap-southeast-1,971.082,42519168.0,1
2026-01-20,Compute,EC2-t3.medium,eu-west-1,19.59876,66449448.0,1
2026-01-20,Compute,EC2-t3.medium,us-east-1,329.946,4933.96,1
2026-01-20,Compute,EC2-t3.medium,us-west-2,1890.04574,66888.78,2
2026-01-20,Compute,EC2-t3.xlarge,UNKNOWN,32.69196,33308.57,1
2026-01-20,Compute,EC2-t3.xlarge,eu-west-1,363.2073,34718.52,1
2026-01-20,Compute,EC2-t3.xlarge,us-west-2,25.55928,27160.43,2
2026-01-20,Compute,GCE-n1-standard-2,asia-south1,1014.8976,41522.56,1
2026-01-20,Compute,GCE-n1-standard-2,asia-southeast1,1151.8264399999998,75964985.46,3
2026-01-20,Compute,GCE-n1-standard-2,europe-west1,34.5492,2870172.0,1
2026-01-20,Compute,GCE-n1-standard-2,us-central1,110.1217,13676364.0,1
2026-01-20,Compute,GCE-n1-standard-4,asia-south1,17.10564,101806848.0,1
2026-01-20,Compute,GCE-n1-standard-4,asia-southeast1,586.3536,22938.06,1
2026-01-20,Compute,GCE-n1-standard-4,us-central1,47.03796,97757927.99,2
2026-01-20,Compute,GCE-n1-standard-4,us-west1,2233.1553000000004,34630.92,1
2026-01-20,Compute,GCE-n1-standard-8,asia-southeast1,0.77268,97137.0,1
2026-01-20,Compute,GCE-n1-standard-8,europe-west1,23.15868,1889348.4,1
2026-01-20,Compute,GCE-n1-standard-8,us-west1,3161.8296,51851735.5,2
2026-01-20,Compute,UNKNOWN,UNKNOWN,39.25944,2444565.6,1
2026-01-20,Compute,UNKNOWN,westeurope,1178.48,23267.88,1
2026-01-20,Compute,VM-Standard_D2s,westeurope,292.842,25877844.0,1
2026-01-20,Compute,VM-Standard_D4s,westeurope,3379.2676,4664821.2,2
2026-01-20,Compute,VM-Standard_D8s,canadacentral,3.7038,29301.68,1
2026-01-20,Compute,VM-Standard_D8s,southeastasia,60.35040000000001,3623.1,1
2026-01-20,Database,CloudSQL-db.standard-2,asia-south1,3805.74328,63447697.8,3
2026-01-20,Database,CloudSQL-db.standard-2,asia-southeast1,925.75,791743.8,1
2026-01-20,Database,CloudSQL-db.standard-2,europe-west1,437.45400000000006,97065360.0,1
2026-01-20,Database,CloudSQL-db.standard-2,us-central1,1676.0952000000002,99907530.56,3
2026-01-20,Database,CloudSQL-db.standard-2,us-west1,33.52884,1086396.5999999999,2
2026-01-20,Database,RDS-db.m5.large,UNKNOWN,0.67608,45742572.0,1
2026-01-20,Database,RDS-db.m5.large,ap-south-1,1448.63408,157505720.37,4
2026-01-20,Database,RDS-db.m5.large,ap-southeast-1,1877.94628,250334167.46,5
2026-01-20,Database,RDS-db.m5.large,eu-west-1,149.48922,2957879.88,3
2026-01-20,Database,RDS-db.m5.large,us-east-1,349.40208,100195.89,3
2026-01-20,Database,RDS-db.m5.large,us-west-2,4895.7128,1243258830.1,3
2026-01-20,Database,SQLDb-S2,UNKNOWN,459.27,285129.0,1
2026-01-20,Database,SQLDb-S2,canadacentral,1266.7581,2522833.2,2
2026-01-20,Database,SQLDb-S2,centralindia,3957.6944,97765601.59,2
2026-01-20,Database,SQLDb-S2,eastus,6530.9856,353284337.59,6
2026-01-20,Database,SQLDb-S2,westeurope,1844.1992,2477594.2199999997,3
2026-01-20,Database,UNKNOWN,us-west1,2405.5596,44565.39,1
2026-01-20,Storage,Blob-Cool,canadacentral,35.03,4.7987,1
2026-01-20,Storage,Blob-Cool,centralindia,2.08872,2201.02,1
2026-01-20,Storage,Blob-Cool,southeastasia,63.12,1372.7,1
2026-01-20,Storage,Blob-Hot,canadacentral,61.77600000000001,1147.89,1
2026-01-20,Storage,Blob-Hot,centralindia,88.98335999999999,188.7992,2
2026-01-20,Storage,Blob-Hot,eastus,24.156799999999997,6447.7997000000005,3
2026-01-20,Storage,Blob-Hot,westeurope,37.0058,9187.58,3
2026-01-20,Storage,GCS-Nearline,asia-southeast1,312.1524,1163.5382,2
2026-01-20,Storage,GCS-Nearline,us-west1,43.2181,3508.89,1
2026-01-20,Storage,GCS-Standard,asia-south1,244.7908,3.9211,3
2026-01-20,Storage,GCS-Standard,asia-southeast1,108.49,1.196,1
2026-01-20,Storage,GCS-Standard,us-central1,71.9928,1664.23,1
2026-01-20,Storage,GCS-Standard,us-west1,302.46494,2511.8441,2
2026-01-20,Storage,S3-IA,UNKNOWN,669.87,9176.84,2
2026-01-20,Storage,S3-IA,eu-west-1,118.01092,1589.1839,2
2026-01-20,Storage,S3-IA,us-east-1,68.53280000000001,4759.1806,6
2026-01-20,Storage,S3-Standard,ap-southeast-1,1.43484,1.9592,1
2026-01-20,Storage,S3-Standard,eu-west-1,-335.28999999999996,4592.91,2
2026-01-20,Storage,S3-Standard,us-west-2,95.26744000000001,22.5738,2
2026-01-21,Compute,EC2-t3.large,UNKNOWN,1855.6605,40510.33,1
2026-01-21,Compute,EC2-t3.large,ap-southeast-1,4770.550359999999,322217064.0,2
2026-01-21,Compute,EC2-t3.large,us-east-1,16.32012,14515.1,1
2026-01-21,Compute,EC2-t3.medium,ap-south-1,14.72784,2456073.26,3
2026-01-21,Compute,EC2-t3.medium,eu-west-1,502.79,164184768.0,1
2026-01-21,Compute,EC2-t3.xlarge,ap-south-1,653.68854,139348583.4,4
2026-01-21,Compute,EC2-t3.xlarge,us-east-1,21.759,28751025.17,2
2026-01-21,Compute,GCE-n1-standard-2,UNKNOWN,18.85,208662.6,1
2026-01-21,Compute,GCE-n1-standard-2,asia-southeast1,5118.03,2899836.38,2
2026-01-21,Compute,GCE-n1-standard-2,us-central1,65.77332,2112218131.88,3
2026-01-21,Compute,GCE-n1-standard-2,us-west1,2103.7423,95065164.0,1
2026-01-21,Compute,GCE-n1-standard-4,asia-south1,3004.91472,55445740.25,3
2026-01-21,Compute,GCE-n1-standard-4,asia-southeast1,21.09036,45127.39,1
2026-01-21,Compute,GCE-n1-standard-4,europe-west1,5.759040000000001,26183.84,1
2026-01-21,Compute,GCE-n1-standard-4,us-central1,33.53964,113189652.0,1
2026-01-21,Compute,GCE-n1-standard-4,us-west1,5.10084,89249004.0,1
2026-01-21,Compute,UNKNOWN,eastus,56.18,474216.0,1
2026-01-21,Compute,VM-Standard_D2s,eastus,1034.3376,10717.18,1
2026-01-21,Compute,VM-Standard_D4s,canadacentral,246.0672,689259672.0,1
2026-01-21,Compute,VM-Standard_D4s,eastus,2047.722,368775756.0,3
2026-01-21,Compute,VM-Standard_D8s,canadacentral,9.731280000000002,35684460.0,1
2026-01-21,Compute,VM-Standard_D8s,eastus,98.28,93310668.0,1
2026-01-21,Compute,VM-Standard_D8s,southeastasia,883.7532,1320745.2,1
2026-01-21,Database,CloudSQL-db.standard-2,asia-south1,188.56584,816382.54,2
2026-01-21,Database,CloudSQL-db.standard-2,europe-west1,905.0154000000001,123030076.8,2
2026-01-21,Database,CloudSQL-db.standard-2,us-central1,5400.23292,111369741.0,4
2026-01-21,Database,CloudSQL-db.standard-2,us-west1,54.23916,3190739.4,4
2026-01-21,Database,RDS-db.m5.large,UNKNOWN,2125.8,178739820.0,1
2026-01-21,Database,RDS-db.m5.large,ap-south-1,19.2726,111960900.0,1
2026-01-21,Database,RDS-db.m5.large,ap-southeast-1,6088.85438,418917781.37,5
2026-01-21,Database,RDS-db.m5.large,eu-west-1,2095.61352,161670141.46,4
2026-01-21,Database,RDS-db.m5.large,us-east-1,100.47900000000001,37081638.84,3
2026-01-21,Database,SQLDb-S2,canadacentral,2793.63,40942.86,1
2026-01-21,Database,SQLDb-S2,centralindia,482.71360000000004,70520507.24,3
2026-01-21,Database,SQLDb-S2,eastus,3239.8164,35234.94,1
2026-01-21,Database,SQLDb-S2,westeurope,3903.9632,222398872.43,4
2026-01-21,Storage,Blob-Cool,centralindia,1.2762,1443.0427,2
2026-01-21,Storage,Blob-Cool,eastus,237.10600000000002,1024.0263,3
2026-01-21,Storage,Blob-Cool,southeastasia,171.3312,3.4932999999999996,2
2026-01-21,Storage,Blob-Cool,westeurope,14.374800000000002,3901.16,1
2026-01-21,Storage,Blob-Hot,canadacentral,286.37652,3753.44,2
2026-01-21,Storage,Blob-Hot,centralindia,64.64880000000001,5825.26,2
2026-01-21,Storage,Blob-Hot,eastus,65.06,8302.4,3
2026-01-21,Storage,Blob-Hot,southeastasia,16.84,1.4979,1
2026-01-21,Storage,Blob-Hot,westeurope,3.81936,4821.86,1
2026-01-21,Storage,GCS-Nearline,asia-south1,8.06616,6977.48,2
2026-01-21,Storage,GCS-Nearline,europe-west1,0.1728,0.0169,1
2026-01-21,Storage,GCS-Standard,asia-south1,88.94,2.3623,1
2026-01-21,Storage,GCS-Standard,asia-southeast1,0.45696000000000003,666.4341,2
2026-01-21,Storage,S3-IA,UNKNOWN,16.2864,2.9414,1
2026-01-21,Storage,S3-IA,ap-south-1,16.852,4978.758,2
2026-01-21,Storage,S3-IA,ap-southeast-1,56.9214,2270.93,1
2026-01-21,Storage,S3-IA,eu-west-1,1.6308,4.7694,1
2026-01-21,Storage,S3-IA,us-east-1,114.93,2.4931,1
2026-01-21,Storage,S3-IA,us-west-2,0.16716,2.3148,1
2026-01-21,Storage,S3-Standard,ap-south-1,9.44,0.2097,1
2026-01-21,Storage,S3-Standard,ap-southeast-1,24.5872,479.82,1
2026-01-21,Storage,S3-Standard,eu-west-1,32.281200000000005,2.2132,1
2026-01-21,Storage,S3-Standard,us-east-1,0.1032,4.1168,1
2026-01-21,Storage,UNKNOWN,canadacentral,254.83680000000004,2393.02,1
2026-01-22,Compute,EC2-t3.large,ap-south-1,499.1862,598043.4,1
2026-01-22,Compute,EC2-t3.large,ap-southeast-1,1.1652,45579.77,1
2026-01-22,Compute,EC2-t3.large,us-east-1,820.04,38129796.0,1
2026-01-22,Compute,EC2-t3.medium,UNKNOWN,728.55,2271909.6,1
2026-01-22,Compute,EC2-t3.medium,ap-south-1,456.7047,111176892.0,1
2026-01-22,Compute,EC2-t3.medium,ap-southeast-1,7.07088,47460.11,1
2026-01-22,Compute,EC2-t3.medium,us-east-1,0.62988,31785.59,1
2026-01-22,Compute,EC2-t3.xlarge,ap-southeast-1,990.26,694375.2,1
2026-01-22,Compute,EC2-t3.xlarge,us-east-1,315.72,26153.7,2
2026-01-22,Compute,GCE-n1-standard-2,asia-south1,3193.3656000000005,161654304.6,2
2026-01-22,Compute,GCE-n1-standard-2,europe-west1,18.85272,17393.67,1
2026-01-22,Compute,GCE-n1-standard-8,asia-south1,43.72,1079.14,2
2026-01-22,Compute,GCE-n1-standard-8,europe-west1,-863.5,9924.06,1
2026-01-22,Compute,GCE-n1-standard-8,us-central1,1248.0171,98193036.0,2
2026-01-22,Compute,UNKNOWN,asia-south1,1.59936,13467348.0,1
2026-01-22,Compute,UNKNOWN,asia-southeast1,36.41928,2055349.2,1
2026-01-22,Compute,UNKNOWN,eu-west-1,11.20488,24491.62,1
2026-01-22,Compute,VM-Standard_D2s,canadacentral,3124.6020000000003,39300.77,1
2026-01-22,Compute,VM-Standard_D2s,centralindia,1353.3264,19974.84,1
2026-01-22,Compute,VM-Standard_D2s,eastus,32.832,41383.11,1
2026-01-22,Compute,VM-Standard_D2s,westeurope,45.261,38968.39,1
2026-01-22,Compute,VM-Standard_D4s,canadacentral,1040.0184000000002,2612058.6,1
2026-01-22,Compute,VM-Standard_D4s,centralindia,381.87,154820916.0,1
2026-01-22,Compute,VM-Standard_D4s,eastus,1628.4144800000001,1027996.98,3
2026-01-22,Compute,VM-Standard_D4s,southeastasia,8097.09682,87833012.56,3
2026-01-22,Compute,VM-Standard_D8s,canadacentral,3306.12,143754264.0,1
2026-01-22,Compute,VM-Standard_D8s,centralindia,2991.9676000000004,28995.53,1
2026-01-22,Compute,VM-Standard_D8s,westeurope,1487.6028,25793.36,1
2026-01-22,Database,CloudSQL-db.standard-2,UNKNOWN,1291.32,25845.91,1
2026-01-22,Database,CloudSQL-db.standard-2,asia-south1,6.15132,6105.19,1
2026-01-22,Database,CloudSQL-db.standard-2,asia-southeast1,0.0,87074100.0,1
2026-01-22,Database,CloudSQL-db.standard-2,us-central1,28.176719999999996,166333680.0,3
2026-01-22,Database,CloudSQL-db.standard-2,us-west1,81.12756,166552940.88,4
2026-01-22,Database,RDS-db.m5.large,ap-south-1,4329.7859,20476929.0,3
2026-01-22,Database,RDS-db.m5.large,ap-southeast-1,2.0166000000000004,240075.56,2
2026-01-22,Database,RDS-db.m5.large,eu-west-1,1012.9104,47208835.01,2
2026-01-22,Database,RDS-db.m5.large,us-west-2,4246.6456,171981970.7,4
2026-01-22,Database,SQLDb-S2,centralindia,1259.43628,50840332.72,3
2026-01-22,Database,SQLDb-S2,eastus,897.52404,2180298708.0,2
2026-01-22,Database,SQLDb-S2,southeastasia,2299.6874000000003,2586952310.4,4
2026-01-22,Database,SQLDb-S2,westeurope,1092.7335,129193563.0,2
2026-01-22,Storage,Blob-Cool,UNKNOWN,76.22436,5116.76,2
2026-01-22,Storage,Blob-Cool,centralindia,99.4788,800.3353999999999,2
2026-01-22,Storage,Blob-Cool,eastus,27.8208,896.4,1
2026-01-22,Storage,Blob-Hot,UNKNOWN,3.27312,4.2746,1
2026-01-22,Storage,Blob-Hot,canadacentral,200.0808,3516.22,1
2026-01-22,Storage,Blob-Hot,centralindia,420.64430000000004,2668.4912,2
2026-01-22,Storage,Blob-Hot,southeastasia,57.63328,2366.708,2
2026-01-22,Storage,Blob-Hot,westeurope,2.20824,4217.445900000001,2
2026-01-22,Storage,GCS-Nearline,asia-south1,139.27808,2830.0391999999997,3
2026-01-22,Storage,GCS-Nearline,europe-west1,20.9931,0.2376,1
2026-01-22,Storage,GCS-Standard,asia-southeast1,231.97101999999998,7012.947,4
2026-01-22,Storage,S3-IA,ap-south-1,1.27608,2212.78,1
2026-01-22,Storage,S3-IA,ap-southeast-1,667.36,7.6318,2
2026-01-22,Storage,S3-IA,us-west-2,0.42624,3.0679,1
2026-01-22,Storage,S3-Standard,ap-south-1,8.18,4.05,1
2026-01-22,Storage,S3-Standard,ap-southeast-1,2.21436,2234.8134,2
2026-01-23,Compute,EC2-t3.large,ap-southeast-1,672.3888000000001,45548604.0,1
2026-01-23,Compute,EC2-t3.large,us-east-1,43.03788,56003.11,2
2026-01-23,Compute,EC2-t3.medium,ap-south-1,3187.85,38713.72,1
2026-01-23,Compute,EC2-t3.medium,ap-southeast-1,1383.08,78072660.0,1
2026-01-23,Compute,EC2-t3.medium,us-west-2,11.31384,23044.24,1
2026-01-23,Compute,EC2-t3.xlarge,ap-southeast-1,3326.5237,30647.59,1
2026-01-23,Compute,EC2-t3.xlarge,us-east-1,326.52,38931336.0,1
2026-01-23,Compute,EC2-t3.xlarge,us-west-2,35.89092,1867471.2,1
2026-01-23,Compute,GCE-n1-standard-2,asia-south1,800.8874000000001,117073548.0,1
2026-01-23,Compute,GCE-n1-standard-2,asia-southeast1,5279.4295999999995,63199.27,2
2026-01-23,Compute,GCE-n1-standard-2,us-west1,3293.7690000000002,53025946.31,2
2026-01-23,Compute,GCE-n1-standard-4,asia-south1,2266.4674,1375155.6,2
2026-01-23,Compute,GCE-n1-standard-4,europe-west1,4647.6533,372798540.0,3
2026-01-23,Compute,GCE-n1-standard-4,us-west1,48.00444,174694032.0,1
2026-01-23,Compute,GCE-n1-standard-8,asia-south1,392.11,1660539.0,1
2026-01-23,Compute,GCE-n1-standard-8,asia-southeast1,883.8936,21701.08,1
2026-01-23,Compute,UNKNOWN,eastus,535.6368,6163667604.0,1
2026-01-23,Compute,VM-Standard_D2s,eastus,3485.052,40970.96,1
2026-01-23,Compute,VM-Standard_D2s,southeastasia,258.77880000000005,6760.71,1
2026-01-23,Compute,VM-Standard_D4s,canadacentral,912.1032,141318144.0,1
2026-01-23,Compute,VM-Standard_D4s,eastus,564.2356,1828773.0,1
2026-01-23,Database,CloudSQL-db.standard-2,asia-south1,629.71,9776.76,1
2026-01-23,Database,CloudSQL-db.standard-2,asia-southeast1,1549.98036,109492704.0,2
2026-01-23,Database,CloudSQL-db.standard-2,europe-west1,1331.00604,4408790.4,2
2026-01-23,Database,CloudSQL-db.standard-2,us-central1,3837.64,40729.45,1
2026-01-23,Database,CloudSQL-db.standard-2,us-west1,842.326,200780511.19,7
2026-01-23,Database,RDS-db.m5.large,ap-south-1,23.616,1351559.4,1
2026-01-23,Database,RDS-db.m5.large,ap-southeast-1,2978.61016,51970555.39,4
2026-01-23,Database,RDS-db.m5.large,eu-west-1,6154.425,98063176.05,3
2026-01-23,Database,RDS-db.m5.large,us-east-1,6338.78,4214679.43,3
2026-01-23,Database,RDS-db.m5.large,us-west-2,50.89008,4463912.4,2
2026-01-23,Database,SQLDb-S2,canadacentral,873.7308,17182.95,1
2026-01-23,Database,SQLDb-S2,centralindia,904.8316,88074868.82,3
2026-01-23,Database,SQLDb-S2,eastus,1769.7312000000002,177399180.0,2
2026-01-23,Database,SQLDb-S2,southeastasia,9803.54576,358065645.59,6
2026-01-23,Database,SQLDb-S2,westeurope,88.83000000000001,13210.03,1
2026-01-23,Database,UNKNOWN,canadacentral,573.4152000000001,6933.58,1
2026-01-23,Storage,Blob-Cool,canadacentral,141.2424,4021.36,1
2026-01-23,Storage,Blob-Cool,centralindia,1.08516,77225.85,1
2026-01-23,Storage,Blob-Hot,canadacentral,181.5504,5.371,2
2026-01-23,Storage,Blob-Hot,centralindia,265.94988,110230.29999999999,2
2026-01-23,Storage,Blob-Hot,eastus,143.44,3210.9,1
2026-01-23,Storage,Blob-Hot,westeurope,470.17400000000004,6.9536,3
2026-01-23,Storage,GCS-Nearline,asia-south1,-2.55252,3.6172000000000004,2
2026-01-23,Storage,GCS-Nearline,europe-west1,21.71,4622.79,1
2026-01-23,Storage,GCS-Nearline,us-central1,354.52356000000003,7368.8459,3
2026-01-23,Storage,GCS-Nearline,us-west1,14.8608,0.2818,1
2026-01-23,Storage,GCS-Standard,us-west1,74.304,3.5911,1
2026-01-23,Storage,S3-IA,UNKNOWN,1.03428,2.8415,1
2026-01-23,Storage,S3-IA,eu-west-1,422.2619,6968.64,2
2026-01-23,Storage,S3-IA,us-east-1,119.80440000000002,4088.12,1
2026-01-23,Storage,S3-IA,us-west-2,289.4,5.4624,2
2026-01-23,Storage,S3-Standard,ap-south-1,0.40416,731.1,1
2026-01-23,Storage,S3-Standard,ap-southeast-1,492.10200000000003,2309.2346000000002,3
2026-01-23,Storage,S3-Standard,eu-west-1,6821.75,9705.949999999999,3
2026-01-23,Storage,S3-Standard,us-east-1,0.22392,1192.73,1
2026-01-23,Storage,S3-Standard,us-west-2,124.49,24166.3,1
2026-01-24,Compute,EC2-t3.large,ap-southeast-1,1454.43,1497411.0,1
2026-01-24,Compute,EC2-t3.large,eu-west-1,2553.85056,61259955.5,4
2026-01-24,Compute,EC2-t3.large,us-east-1,15.08796,1187757.6,1
2026-01-24,Compute,EC2-t3.large,us-west-2,1906.97,20429.04,1
2026-01-24,Compute,EC2-t3.medium,ap-south-1,2775.5499,46395847.56,3
2026-01-24,Compute,EC2-t3.medium,ap-southeast-1,857.93,976857.0,1
2026-01-24,Compute,EC2-t3.medium,eu-west-1,10.28208,18664.77,1
2026-01-24,Compute,EC2-t3.medium,us-east-1,6.29244,2001348.6,1
2026-01-24,Compute,EC2-t3.xlarge,ap-south-1,753.4399000000001,232158096.0,2
2026-01-24,Compute,EC2-t3.xlarge,eu-west-1,4170.6673,44635.74,1
2026-01-24,Compute,EC2-t3.xlarge,us-west-2,4489.689600000001,2693257.8,1
2026-01-24,Compute,GCE-n1-standard-2,asia-south1,21.77,4179312.0,1
2026-01-24,Compute,GCE-n1-standard-2,europe-west1,1595.6244000000002,2461216.2,1
2026-01-24,Compute,GCE-n1-standard-2,us-west1,-34.18392,104102968.8,3
2026-01-24,Compute,GCE-n1-standard-4,asia-south1,7271.748,5696518.800000001,3
2026-01-24,Compute,GCE-n1-standard-4,asia-southeast1,0.0,130982040.0,1
2026-01-24,Compute,GCE-n1-standard-4,us-west1,1596.6288,1263549.6,1
2026-01-24,Compute,GCE-n1-standard-8,asia-south1,1203.5282,17574.91,1
2026-01-24,Compute,GCE-n1-standard-8,europe-west1,4282.9734,146963664.0,1
2026-01-24,Compute,VM-Standard_D2s,UNKNOWN,12.83832,57387924.0,1
2026-01-24,Compute,VM-Standard_D2s,centralindia,3.01584,58132080.0,1
2026-01-24,Compute,VM-Standard_D2s,eastus,3806.1184000000003,71860711.88,2
2026-01-24,Compute,VM-Standard_D2s,southeastasia,1559.1636,48905.03,1
2026-01-24,Compute,VM-Standard_D2s,westeurope,2102.99,131210856.0,1
2026-01-24,Compute,VM-Standard_D4s,eastus,76.21944,6457430.37,2
2026-01-24,Compute,VM-Standard_D8s,canadacentral,57.46704,2993031.6,2
2026-01-24,Compute,VM-Standard_D8s,centralindia,452.16,2224327.32,1
2026-01-24,Compute,VM-Standard_D8s,eastus,2522.14356,123608159.13,2
2026-01-24,Database,CloudSQL-db.standard-2,asia-south1,3865.45512,15691392144.0,3
2026-01-24,Database,CloudSQL-db.standard-2,asia-southeast1,30.24684,41305.29,1
2026-01-24,Database,CloudSQL-db.standard-2,europe-west1,2724.8012,2867886.9400000004,3
2026-01-24,Database,CloudSQL-db.standard-2,us-central1,12.68316,1373325.0,1
2026-01-24,Database,CloudSQL-db.standard-2,us-west1,20.96508,1102250.4,1
2026-01-24,Database,RDS-db.m5.large,ap-south-1,4015.4188799999997,260302102.8,4
2026-01-24,Database,RDS-db.m5.large,ap-southeast-1,1.54572,4719.8,1
2026-01-24,Database,RDS-db.m5.large,eu-west-1,5931.26816,164101290.23,4
2026-01-24,Database,RDS-db.m5.large,us-east-1,862.1576,1757836.77,4
2026-01-24,Database,RDS-db.m5.large,us-west-2,3029.72,2558360.4,1
2026-01-24,Database,SQLDb-S2,canadacentral,3095.9395200000004,98772154.14,5
2026-01-24,Database,SQLDb-S2,eastus,2685.9852,5990713.19,4
2026-01-24,Database,SQLDb-S2,southeastasia,372.19944000000004,164540.05,3
2026-01-24,Database,SQLDb-S2,westeurope,8620.2638,219905932.57,5
2026-01-24,Storage,Blob-Cool,centralindia,83.91680000000001,221.5243,2
2026-01-24,Storage,Blob-Cool,southeastasia,127.83960000000002,1231.86,1
2026-01-24,Storage,Blob-Cool,westeurope,527.2128,5558.6,2
2026-01-24,Storage,Blob-Hot,centralindia,-9.5688,596.95,1
2026-01-24,Storage,Blob-Hot,southeastasia,162.01,2540.03,1
2026-01-24,Storage,Blob-Hot,westeurope,204.95873999999998,1427.5509,3
2026-01-24,Storage,GCS-Nearline,asia-south1,2832.0111,3781.46,1
2026-01-24,Storage,GCS-Nearline,asia-southeast1,24.226399999999998,1974.5146,3
2026-01-24,Storage,GCS-Nearline,us-central1,1.98036,1.626,1
2026-01-24,Storage,GCS-Standard,asia-south1,132.26704,3709.3651000000004,3
2026-01-24,Storage,GCS-Standard,asia-southeast1,276.60428,10051.27,3
2026-01-24,Storage,GCS-Standard,europe-west1,23.876179999999998,22.8237,3
2026-01-24,Storage,S3-IA,UNKNOWN,147.43,1.6145,1
2026-01-24,Storage,S3-IA,ap-south-1,400.152,6073.1853,3
2026-01-24,Storage,S3-IA,ap-southeast-1,75.40908,4.040900000000001,2
2026-01-24,Storage,S3-IA,eu-west-1,136.9314,4.0734,1
2026-01-24,Storage,S3-IA,us-east-1,4174.17016,6021.65,2
2026-01-24,Storage,S3-IA,us-west-2,449.75032000000004,4260.591799999999,2
2026-01-24,Storage,S3-Standard,ap-south-1,29.07,495.3,1
2026-01-24,Storage,S3-Standard,ap-southeast-1,126.0427,3.9671999999999996,3
2026-01-24,Storage,S3-Standard,eu-west-1,5.49132,16350.6093,2
2026-01-24,Storage,S3-Standard,us-east-1,230.0478,2.975,1
2026-01-24,Storage,S3-Standard,us-west-2,4.37,259.01,1
2026-01-25,Compute,EC2-t3.large,ap-south-1,3653.8662,1821417.6,1
2026-01-25,Compute,EC2-t3.large,ap-southeast-1,6941.012639999999,5561946.600000001,3
2026-01-25,Compute,EC2-t3.large,eu-west-1,166.35,197671.8,1
2026-01-25,Compute,EC2-t3.large,us-west-2,80.44572,72154.86,3
2026-01-25,Compute,EC2-t3.medium,eu-west-1,1076.26024,70682.28,3
2026-01-25,Compute,EC2-t3.medium,us-east-1,1840.07,77625684.0,1
2026-01-25,Compute,EC2-t3.xlarge,ap-southeast-1,590.14,1546620.0,1
2026-01-25,Compute,EC2-t3.xlarge,us-east-1,117.38,38649.93,1
2026-01-25,Compute,EC2-t3.xlarge,us-west-2,44.035839999999894,281253226.8,4
2026-01-25,Compute,GCE-n1-standard-2,asia-south1,2792.6208000000006,43674.54,1
2026-01-25,Compute,GCE-n1-standard-2,europe-west1,48.18024,154685124.0,1
2026-01-25,Compute,GCE-n1-standard-2,us-central1,3962.8066000000003,183843277.79000002,3
2026-01-25,Compute,GCE-n1-standard-2,us-west1,423.54,40867.72,1
2026-01-25,Compute,GCE-n1-standard-4,asia-southeast1,4108.363200000001,2007218.0899999999,2
2026-01-25,Compute,GCE-n1-standard-8,us-central1,94.4784,20357.51,1
2026-01-25,Compute,UNKNOWN,westeurope,691.5780000000001,513454.2,1
2026-01-25,Compute,VM-Standard_D2s,centralindia,1509.3972,105251868.0,1
2026-01-25,Compute,VM-Standard_D2s,southeastasia,12.95424,23130.01,1
2026-01-25,Compute,VM-Standard_D4s,canadacentral,2673.2808000000005,3700226.4,2
2026-01-25,Compute,VM-Standard_D4s,westeurope,1286.2584000000002,481933.7,1
2026-01-25,Compute,VM-Standard_D8s,canadacentral,2508.3008,22806.68,1
2026-01-25,Compute,VM-Standard_D8s,eastus,369.1548,29003472.0,1
2026-01-25,Database,CloudSQL-db.standard-2,asia-south1,4760.8776,119900477.35,2
2026-01-25,Database,CloudSQL-db.standard-2,europe-west1,26.14356,21201424.59,3
2026-01-25,Database,CloudSQL-db.standard-2,us-central1,646.2072000000001,7859985948.0,1
2026-01-25,Database,CloudSQL-db.standard-2,us-west1,827.8274,81349128.6,3
2026-01-25,Database,RDS-db.m5.large,UNKNOWN,72.88,31726852.2,2
2026-01-25,Database,RDS-db.m5.large,ap-south-1,6654.641159999999,214820630.86,5
2026-01-25,Database,RDS-db.m5.large,ap-southeast-1,2059.26,1272494.84,2
2026-01-25,Database,RDS-db.m5.large,eu-west-1,8485.306700000001,175965090.37,4
2026-01-25,Database,RDS-db.m5.large,us-east-1,722.7261,19442639.39,4
2026-01-25,Database,SQLDb-S2,canadacentral,2033.0292800000002,95633201.64,3
2026-01-25,Database,SQLDb-S2,centralindia,2317.1400000000003,99546912.0,1
2026-01-25,Database,SQLDb-S2,southeastasia,3030.6876,3362024808.6,3
2026-01-25,Database,SQLDb-S2,westeurope,917.84,14493.69,1
2026-01-25,Database,UNKNOWN,eastus,838.5336,69612804.0,1
2026-01-25,Storage,Blob-Cool,centralindia,150.86,3656.55,1
2026-01-25,Storage,Blob-Cool,southeastasia,64.9215,2278.19,2
2026-01-25,Storage,Blob-Hot,canadacentral,0.4332,1143.69,1
2026-01-25,Storage,Blob-Hot,eastus,55.77120000000001,4340.86,2
2026-01-25,Storage,Blob-Hot,southeastasia,550.7364,8.8488,2
2026-01-25,Storage,Blob-Hot,westeurope,497.07,4988.9,1
2026-01-25,Storage,GCS-Nearline,asia-south1,4.39284,4717.14,1
2026-01-25,Storage,GCS-Nearline,europe-west1,1191.5938800000001,2523.5393,3
2026-01-25,Storage,GCS-Nearline,us-central1,95.96064,4383.3099999999995,2
2026-01-25,Storage,GCS-Nearline,us-west1,36.0288,3198.19,1
2026-01-25,Storage,GCS-Standard,asia-south1,72.89547999999999,4870.4877,2
2026-01-25,Storage,GCS-Standard,asia-southeast1,363.4956,4552.85,1
2026-01-25,Storage,GCS-Standard,europe-west1,172.68,2300.59,1
2026-01-25,Storage,GCS-Standard,us-west1,103.5,2.2656,1
2026-01-25,Storage,S3-IA,ap-south-1,3.006,3190.53,1
2026-01-25,Storage,S3-IA,ap-southeast-1,286.21999999999997,2800.7495,2
2026-01-25,Storage,S3-IA,us-east-1,88.21390000000001,2.9136,2
2026-01-25,Storage,S3-IA,us-west-2,0.80028,1975.14,1
2026-01-25,Storage,S3-Standard,ap-southeast-1,493.7397,4360.614,3
2026-01-25,Storage,S3-Standard,eu-west-1,0.8335199999999999,1563.01,1
2026-01-25,Storage,S3-Standard,us-east-1,131.74663999999999,2910.642,3
2026-01-25,Storage,S3-Standard,us-west-2,125.1288,1.3333,1
2026-01-26,Compute,EC2-t3.large,ap-south-1,53.71092,112119931.37,2
2026-01-26,Compute,EC2-t3.large,ap-southeast-1,2148.48,32020.82,1
2026-01-26,Compute,EC2-t3.large,us-west-2,4037.6220000000003,47542091.62,2
2026-01-26,Compute,EC2-t3.medium,us-east-1,23.86428,76901580.0,1
2026-01-26,Compute,EC2-t3.xlarge,ap-south-1,4049.0521,35481.36,1
2026-01-26,Compute,EC2-t3.xlarge,eu-west-1,30.7464,2112481.8,1
2026-01-26,Compute,EC2-t3.xlarge,us-east-1,6466.25672,98883.97,3
2026-01-26,Compute,EC2-t3.xlarge,us-west-2,401.59940000000006,165853368.0,1
2026-01-26,Compute,GCE-n1-standard-2,asia-southeast1,18.49308,17394.24,1
2026-01-26,Compute,GCE-n1-standard-4,europe-west1,6212.4082,49400.97,1
2026-01-26,Compute,GCE-n1-standard-4,us-central1,3343.7322000000004,30247.23,1
2026-01-26,Compute,GCE-n1-standard-4,us-west1,447.89760000000007,4571.12,1
2026-01-26,Compute,GCE-n1-standard-8,asia-south1,3843.028800000001,48340.43,1
2026-01-26,Compute,GCE-n1-standard-8,asia-southeast1,0.22668,2309.9,1
2026-01-26,Compute,GCE-n1-standard-8,europe-west1,190.64,10655568.0,1
2026-01-26,Compute,VM-Standard_D2s,centralindia,52.28556,4132493.5,3
2026-01-26,Compute,VM-Standard_D2s,eastus,56.11716,101093365.2,3
2026-01-26,Compute,VM-Standard_D4s,UNKNOWN,11.96892,36024444.0,1
2026-01-26,Compute,VM-Standard_D8s,canadacentral,502.8912,134555220.0,1
2026-01-26,Compute,VM-Standard_D8s,centralindia,5.03784,500549.4,1
2026-01-26,Compute,VM-Standard_D8s,westeurope,471.2256,461518.8,1
2026-01-26,Database,CloudSQL-db.standard-2,asia-southeast1,1745.1973200000002,66947106.23,3
2026-01-26,Database,CloudSQL-db.standard-2,europe-west1,924.0397,128027736.0,2
2026-01-26,Database,CloudSQL-db.standard-2,us-central1,190.55303999999998,122484040.82,4
2026-01-26,Database,CloudSQL-db.standard-2,us-west1,120.32936000000001,124262501.4,4
2026-01-26,Database,RDS-db.m5.large,ap-south-1,0.0,845293.2,1
2026-01-26,Database,RDS-db.m5.large,ap-southeast-1,3676.18212,88386187.8,2
2026-01-26,Database,RDS-db.m5.large,eu-west-1,12673.48122,393781006.47,7
2026-01-26,Database,RDS-db.m5.large,us-east-1,758.9703999999999,330245360.68,4
2026-01-26,Database,SQLDb-S2,canadacentral,4907.531,33458002.16,5
2026-01-26,Database,SQLDb-S2,centralindia,534.59856,109337790.65,2
2026-01-26,Database,SQLDb-S2,eastus,388.0764,332293.2,1
2026-01-26,Database,SQLDb-S2,southeastasia,2951.8610000000003,90159965.4,2
2026-01-26,Storage,Blob-Cool,canadacentral,2.5272,30.43,1
2026-01-26,Storage,Blob-Cool,centralindia,26.792299999999997,4.8168,2
2026-01-26,Storage,Blob-Cool,westeurope,2.61516,4.4979,1
2026-01-26,Storage,Blob-Hot,canadacentral,397.129,4649.56,1
2026-01-26,Storage,Blob-Hot,centralindia,27.0401,2461.69,2
2026-01-26,Storage,Blob-Hot,eastus,67.52,6492.88,2
2026-01-26,Storage,Blob-Hot,southeastasia,157.8528,76568.55,1
2026-01-26,Storage,Blob-Hot,westeurope,11.72,363.75,1
2026-01-26,Storage,GCS-Nearline,asia-south1,2.9364,3260.37,1
2026-01-26,Storage,GCS-Nearline,asia-southeast1,93.1396,2856.391,4
2026-01-26,Storage,GCS-Standard,asia-south1,0.7032,1876.75,1
2026-01-26,Storage,GCS-Standard,asia-southeast1,222.69724000000002,1745.3408,2
2026-01-26,Storage,GCS-Standard,europe-west1,74.8284,762.78,1
2026-01-26,Storage,GCS-Standard,us-west1,239.02689999999998,4200.34,2
2026-01-26,Storage,S3-IA,ap-southeast-1,206.1612,4412.9,1
2026-01-26,Storage,S3-Standard,ap-south-1,8.39976,9924.48,2
2026-01-26,Storage,S3-Standard,ap-southeast-1,179.75124000000002,5810.68,2
2026-01-26,Storage,S3-Standard,eu-west-1,147.1608,1634.9809,2
2026-01-26,Storage,UNKNOWN,asia-southeast1,238.52,3.6259,1
2026-01-27,Compute,EC2-t3.large,ap-south-1,34.17888,112691124.0,1
2026-01-27,Compute,EC2-t3.large,ap-southeast-1,35.64924,156084912.0,1
2026-01-27,Compute,EC2-t3.large,eu-west-1,3695.92126,86930671.27,2
2026-01-27,Compute,EC2-t3.large,us-east-1,534.816,44573.99,1
2026-01-27,Compute,EC2-t3.medium,ap-south-1,4294.9095,1333978.78,2
2026-01-27,Compute,EC2-t3.xlarge,ap-south-1,10.59756,29632.02,1
2026-01-27,Compute,EC2-t3.xlarge,ap-southeast-1,-6.73512,13364.04,1
2026-01-27,Compute,EC2-t3.xlarge,us-east-1,218.268,81189432.0,1
2026-01-27,Compute,EC2-t3.xlarge,us-west-2,17.79876,20696.89,2
2026-01-27,Compute,GCE-n1-standard-2,asia-southeast1,36.67332,49377.99,1
2026-01-27,Compute,GCE-n1-standard-2,us-west1,1331.5823,63722916.0,1
2026-01-27,Compute,GCE-n1-standard-4,UNKNOWN,1.80516,3184.74,1
2026-01-27,Compute,GCE-n1-standard-4,asia-southeast1,0.0342,408.08,1
2026-01-27,Compute,GCE-n1-standard-4,europe-west1,34.28304,108815832.0,2
2026-01-27,Compute,GCE-n1-standard-4,us-west1,560.98856,173721206.4,2
2026-01-27,Compute,GCE-n1-standard-8,asia-south1,35.64012,2461635.0,1
2026-01-27,Compute,GCE-n1-standard-8,asia-southeast1,19.2384,25787.52,1
2026-01-27,Compute,GCE-n1-standard-8,europe-west1,2977.14852,143520298.8,3
2026-01-27,Compute,GCE-n1-standard-8,us-central1,1226.1843,6172491.0,4
2026-01-27,Compute,UNKNOWN,ap-south-1,235.66,233815.2,1
2026-01-27,Compute,UNKNOWN,us-west-2,2157.8189,17254.03,1
2026-01-27,Compute,VM-Standard_D2s,canadacentral,686.38,1044943.8,1
2026-01-27,Compute,VM-Standard_D2s,centralindia,11.51484,11042.36,1
2026-01-27,Compute,VM-Standard_D2s,westeurope,2267.784000000001,4752631368.0,1
2026-01-27,Compute,VM-Standard_D4s,eastus,10.42656,905941.2,1
2026-01-27,Compute,VM-Standard_D4s,southeastasia,29.2164,28344.33,1
2026-01-27,Compute,VM-Standard_D4s,westeurope,3131.8962,2008548.6,1
2026-01-27,Compute,VM-Standard_D8s,southeastasia,622.80964,49399.740000000005,2
2026-01-27,Database,CloudSQL-db.standard-2,asia-south1,4086.9290800000003,190091977.31,5
2026-01-27,Database,CloudSQL-db.standard-2,asia-southeast1,2308.6598400000003,349350102.6,3
2026-01-27,Database,CloudSQL-db.standard-2,europe-west1,320.80672000000004,7220307.4,3
2026-01-27,Database,CloudSQL-db.standard-2,us-central1,5592.1907,2781660.01,5
2026-01-27,Database,CloudSQL-db.standard-2,us-west1,194.32883999999999,40718543.76,2
2026-01-27,Database,RDS-db.m5.large,ap-south-1,1097.894,2545667.0999999996,4
2026-01-27,Database,RDS-db.m5.large,ap-southeast-1,1658.4364,436727.45999999996,3
2026-01-27,Database,RDS-db.m5.large,eu-west-1,2.10684,5546.79,1
2026-01-27,Database,RDS-db.m5.large,us-west-2,2804.81024,6965123.4,3
2026-01-27,Database,SQLDb-S2,UNKNOWN,2704.0868,102734864.4,3
2026-01-27,Database,SQLDb-S2,canadacentral,820.8120000000001,36454272.0,2
2026-01-27,Database,SQLDb-S2,centralindia,2760.8403000000003,149721408.0,2
2026-01-27,Database,SQLDb-S2,eastus,929.9556,38796624.0,1
2026-01-27,Database,SQLDb-S2,southeastasia,794.6856000000001,47753.71,1
2026-01-27,Database,SQLDb-S2,westeurope,1118.4588,2676504.0,2
2026-01-27,Storage,Blob-Cool,UNKNOWN,162.5832,1620.6,1
2026-01-27,Storage,Blob-Cool,canadacentral,122.61,1.9677,1
2026-01-27,Storage,Blob-Cool,centralindia,26.0064,1380.62,1
2026-01-27,Storage,Blob-Cool,eastus,398.8764,4730.69,1
2026-01-27,Storage,Blob-Cool,southeastasia,43.232400000000005,409.64,1
2026-01-27,Storage,Blob-Cool,westeurope,141.77,2.3068,1
2026-01-27,Storage,Blob-Hot,canadacentral,0.14904,2631.83,1
2026-01-27,Storage,Blob-Hot,eastus,82.3824,4.2867,1
2026-01-27,Storage,Blob-Hot,southeastasia,0.32736,1.3987,1
2026-01-27,Storage,GCS-Nearline,europe-west1,24.040800000000004,1.4393,1
2026-01-27,Storage,GCS-Nearline,us-central1,2.68308,4.1684,1
2026-01-27,Storage,GCS-Nearline,us-west1,197.33,36835.94,1
2026-01-27,Storage,GCS-Standard,asia-southeast1,98.4758,1.074,1
2026-01-27,Storage,GCS-Standard,europe-west1,51.8,583.64,1
2026-01-27,Storage,GCS-Standard,us-central1,149.82,2673.42,1
2026-01-27,Storage,GCS-Standard,us-west1,9.5904,3.2464,1
2026-01-27,Storage,S3-IA,ap-south-1,295.9,11.7426,2
2026-01-27,Storage,S3-IA,ap-southeast-1,222.18619999999999,4867.0070000000005,3
2026-01-27,Storage,S3-IA,eu-west-1,203.75156,6741.550000000001,2
2026-01-27,Storage,S3-IA,us-west-2,437.80562000000003,124905.00749999999,3
2026-01-27,Storage,S3-Standard,ap-southeast-1,354.39,3582.24,1
2026-01-27,Storage,S3-Standard,eu-west-1,3.16392,2589.1981,2
2026-01-27,Storage,S3-Standard,us-east-1,197.47704,5422.7163,3
2026-01-27,Storage,S3-Standard,us-west-2,41.15,3345.27,1
2026-01-28,Compute,EC2-t3.large,ap-south-1,79.03152,119784873.38,2
2026-01-28,Compute,EC2-t3.large,ap-southeast-1,24.18228,144733824.0,3
2026-01-28,Compute,EC2-t3.large,eu-west-1,2194.142,279369792.0,2
2026-01-28,Compute,EC2-t3.large,us-west-2,1690.15544,1867841.6099999999,2
2026-01-28,Compute,EC2-t3.medium,ap-southeast-1,6.36312,32900.18,1
2026-01-28,Compute,EC2-t3.medium,us-west-2,61.83,16532.26,1
2026-01-28,Compute,EC2-t3.xlarge,UNKNOWN,0.84468,3910392.0,1
2026-01-28,Compute,EC2-t3.xlarge,eu-west-1,123.0,31392.58,1
2026-01-28,Compute,EC2-t3.xlarge,us-east-1,0.31068,1427.06,1
2026-01-28,Compute,GCE-n1-standard-2,us-central1,1433.82552,2592285.3600000003,2
2026-01-28,Compute,GCE-n1-standard-4,asia-south1,11.598840000000001,1182793.2,2
2026-01-28,Compute,GCE-n1-standard-4,asia-southeast1,29.3052,172055510.49,2
2026-01-28,Compute,GCE-n1-standard-4,europe-west1,47.01864,2924258.4,1
2026-01-28,Compute,GCE-n1-standard-4,us-central1,3314.1204,140968908.0,1
2026-01-28,Compute,GCE-n1-standard-8,europe-west1,2122.21094,3339826.8,2
2026-01-28,Compute,GCE-n1-standard-8,us-central1,35.71092,1927092.0,1
2026-01-28,Compute,GCE-n1-standard-8,us-west1,299.2248,467667.6,1
2026-01-28,Compute,UNKNOWN,centralindia,245.39,339958.8,1
2026-01-28,Compute,UNKNOWN,us-east-1,1436.31,2803761.0,1
2026-01-28,Compute,VM-Standard_D2s,canadacentral,1764.504,149219064.0,1
2026-01-28,Compute,VM-Standard_D2s,westeurope,2194.2144000000003,1557394.2,1
2026-01-28,Compute,VM-Standard_D4s,canadacentral,6772.863600000001,125448570.6,2
2026-01-28,Compute,VM-Standard_D4s,centralindia,737.1216000000001,28502172.0,1
2026-01-28,Compute,VM-Standard_D4s,eastus,9.37968,1090982160.0,1
2026-01-28,Compute,VM-Standard_D4s,southeastasia,645.7644,633459.0,1
2026-01-28,Compute,VM-Standard_D4s,westeurope,4834.9824,263885148.0,2
2026-01-28,Compute,VM-Standard_D8s,centralindia,602.6277,152750484.0,1
2026-01-28,Compute,VM-Standard_D8s,eastus,0.87984,4972.61,1
2026-01-28,Compute,VM-Standard_D8s,southeastasia,1719.6094,34554167.4,2
2026-01-28,Compute,VM-Standard_D8s,westeurope,2046.9036999999998,39455821.2,3
2026-01-28,Database,CloudSQL-db.standard-2,UNKNOWN,625.4172000000001,9999.11,1
2026-01-28,Database,CloudSQL-db.standard-2,asia-south1,63.12,204322.8,1
2026-01-28,Database,CloudSQL-db.standard-2,asia-southeast1,1343.3679,2788922.03,2
2026-01-28,Database,CloudSQL-db.standard-2,europe-west1,2015.75496,113489469.0,2
2026-01-28,Database,CloudSQL-db.standard-2,us-central1,21.2514,1099433.34,2
2026-01-28,Database,CloudSQL-db.standard-2,us-west1,6630.4142,1471453.64,3
2026-01-28,Database,RDS-db.m5.large,UNKNOWN,311.85,2363931.0,1
2026-01-28,Database,RDS-db.m5.large,ap-south-1,3689.22348,310645584.0,2
2026-01-28,Database,RDS-db.m5.large,ap-southeast-1,2044.78,2871113.4,1
2026-01-28,Database,RDS-db.m5.large,eu-west-1,286.44,17349.92,1
2026-01-28,Database,RDS-db.m5.large,us-east-1,4825.5512,6099218695.41,5
2026-01-28,Database,RDS-db.m5.large,us-west-2,1596.08,24567.96,1
2026-01-28,Database,SQLDb-S2,canadacentral,1771.2864,17935.54,1
2026-01-28,Database,SQLDb-S2,centralindia,877.9177999999999,587630.0800000001,6
2026-01-28,Database,SQLDb-S2,eastus,14.749800000000002,23740540.72,2
2026-01-28,Database,SQLDb-S2,southeastasia,159.58536,45540.21,2
2026-01-28,Database,SQLDb-S2,westeurope,1452.3781200000005,2040208.3900000001,2
2026-01-28,Storage,Blob-Cool,centralindia,202.71,200953.86,1
2026-01-28,Storage,Blob-Cool,eastus,101.7143,1.2368,1
2026-01-28,Storage,Blob-Cool,westeurope,256.94280000000003,3.1959,1
2026-01-28,Storage,Blob-Hot,centralindia,2.1174,1.9746,1
2026-01-28,Storage,Blob-Hot,southeastasia,186.0732,2.4365,1
2026-01-28,Storage,Blob-Hot,westeurope,170.35,542.6263,2
2026-01-28,Storage,GCS-Nearline,asia-southeast1,0.17004,1.7098,1
2026-01-28,Storage,GCS-Nearline,us-central1,4.7664,107208.92000000001,2
2026-01-28,Storage,GCS-Standard,us-central1,129.1896,4.2575,1
2026-01-28,Storage,S3-IA,ap-south-1,2.76648,3442.79,1
2026-01-28,Storage,S3-IA,ap-southeast-1,39.85656,1502.1879999999999,2
2026-01-28,Storage,S3-IA,eu-west-1,80.7571,2804.0456,2
2026-01-28,Storage,S3-IA,us-east-1,14.22,3427.74,1
2026-01-28,Storage,S3-IA,us-west-2,220.15,4400.79,1
2026-01-28,Storage,S3-Standard,UNKNOWN,13.28,1740.84,2
2026-01-28,Storage,S3-Standard,ap-south-1,371.25,3689.0534000000002,3
2026-01-28,Storage,S3-Standard,ap-southeast-1,1307.274,2122.5161,2
2026-01-28,Storage,S3-Standard,eu-west-1,0.0012,24.83,1
2026-01-28,Storage,UNKNOWN,us-central1,1.8534,144.8732,1
2026-01-29,Compute,EC2-t3.large,ap-south-1,4734.244360000001,91246.09,3
2026-01-29,Compute,EC2-t3.large,ap-southeast-1,1484.1684,123797340.0,1
2026-01-29,Compute,EC2-t3.large,eu-west-1,66.37872,5888257.2,2
2026-01-29,Compute,EC2-t3.large,us-east-1,513.46,140408784.0,1
2026-01-29,Compute,EC2-t3.medium,ap-south-1,1828.58,2072739.6,1
2026-01-29,Compute,EC2-t3.medium,us-east-1,3.9828,6442.59,1
2026-01-29,Compute,EC2-t3.medium,us-west-2,472.97092,101375201.66,2
2026-01-29,Compute,EC2-t3.xlarge,ap-south-1,4592.3609799999995,59841786.6,3
2026-01-29,Compute,EC2-t3.xlarge,us-east-1,17.50404,47782.75,1
2026-01-29,Compute,EC2-t3.xlarge,us-west-2,100.26924,9212223.0,2
2026-01-29,Compute,GCE-n1-standard-2,asia-south1,1846.6272,104858352.0,1
2026-01-29,Compute,GCE-n1-standard-2,europe-west1,18.046680000000002,91022796.0,2
2026-01-29,Compute,GCE-n1-standard-2,us-west1,36.22488,115290756.0,1
2026-01-29,Compute,GCE-n1-standard-4,asia-south1,1701.6372,1125651.6,1
2026-01-29,Compute,GCE-n1-standard-4,europe-west1,25.46916,2028769.8,1
2026-01-29,Compute,GCE-n1-standard-4,us-central1,2241.8640000000005,1619544.0,1
2026-01-29,Compute,GCE-n1-standard-8,asia-southeast1,3.29016,3736.98,1
2026-01-29,Compute,GCE-n1-standard-8,europe-west1,325.0908,4427.44,1
2026-01-29,Compute,GCE-n1-standard-8,us-central1,66.2796,319135.8,1
2026-01-29,Compute,VM-Standard_D2s,centralindia,33.48192,153674964.0,1
2026-01-29,Compute,VM-Standard_D2s,eastus,2169.4452,1506465.45,2
2026-01-29,Compute,VM-Standard_D4s,centralindia,2983.6836000000003,30839.73,1
2026-01-29,Compute,VM-Standard_D4s,westeurope,11.03988,118684332.0,1
2026-01-29,Compute,VM-Standard_D8s,canadacentral,19.37604,1374492.6,1
2026-01-29,Compute,VM-Standard_D8s,eastus,12.49536,27329.31,1
2026-01-29,Compute,VM-Standard_D8s,southeastasia,4536.5832,2837693.4,1
2026-01-29,Database,CloudSQL-db.standard-2,asia-south1,3282.7214000000004,110627136.0,1
2026-01-29,Database,CloudSQL-db.standard-2,asia-southeast1,18.32436,85209912.0,1
2026-01-29,Database,CloudSQL-db.standard-2,europe-west1,34.8738,153048394.2,2
2026-01-29,Database,CloudSQL-db.standard-2,us-central1,320.652,3807.57,1
2026-01-29,Database,CloudSQL-db.standard-2,us-west1,3373.6332,179817629.5,4
2026-01-29,Database,RDS-db.m5.large,UNKNOWN,392.9688,87042780.0,1
2026-01-29,Database,RDS-db.m5.large,ap-south-1,3427.0507600000005,84777.91,3
2026-01-29,Database,RDS-db.m5.large,ap-southeast-1,1163.1407199999999,1123035.73,4
2026-01-29,Database,RDS-db.m5.large,eu-west-1,306.53728,51784.27,3
2026-01-29,Database,RDS-db.m5.large,us-east-1,211.61,19236.56,1
2026-01-29,Database,RDS-db.m5.large,us-west-2,1078.26978,78346983.25,2
2026-01-29,Database,SQLDb-S2,canadacentral,4927.6900000000005,74505.34,3
2026-01-29,Database,SQLDb-S2,centralindia,711.4224,26554128.66,2
2026-01-29,Database,SQLDb-S2,eastus,2362.9103999999998,34056.0,2
2026-01-29,Database,SQLDb-S2,southeastasia,2781.4817,69599898.35,2
2026-01-29,Database,SQLDb-S2,westeurope,53.220000000000006,2854596.0,3
2026-01-29,Storage,Blob-Cool,canadacentral,2.04,821.54,1
2026-01-29,Storage,Blob-Cool,centralindia,142.34400000000002,4827.81,1
2026-01-29,Storage,Blob-Cool,eastus,185.0364,2.0934,1
2026-01-29,Storage,Blob-Cool,southeastasia,2.12712,2472.17,1
2026-01-29,Storage,Blob-Hot,canadacentral,93.76,3078.32,1
2026-01-29,Storage,Blob-Hot,centralindia,1.67136,2.2078,2
2026-01-29,Storage,Blob-Hot,eastus,110.998,2.2446,1
2026-01-29,Storage,GCS-Nearline,asia-south1,0.43788,641.63,1
2026-01-29,Storage,GCS-Nearline,us-west1,1.1142,1530.12,1
2026-01-29,Storage,GCS-Standard,asia-south1,0.07536,3.7305,1
2026-01-29,Storage,GCS-Standard,asia-southeast1,18.3652,7098.6752,4
2026-01-29,Storage,GCS-Standard,europe-west1,787.775,5027.4427,3
2026-01-29,Storage,GCS-Standard,us-west1,430.6068,88322.68,1
2026-01-29,Storage,S3-IA,ap-south-1,229.02,86685.37,1
2026-01-29,Storage,S3-IA,us-west-2,154.05790000000002,1810.3024,2
2026-01-29,Storage,S3-Standard,UNKNOWN,2.67156,3043.6,1
2026-01-29,Storage,S3-Standard,ap-south-1,67.05,2139.24,1
2026-01-29,Storage,S3-Standard,ap-southeast-1,1.0068,2262.11,1
2026-01-29,Storage,S3-Standard,eu-west-1,210.28108,5601.0611,3
2026-01-29,Storage,S3-Standard,us-east-1,31.31,1883.56,1
2026-01-29,Storage,S3-Standard,us-west-2,3.11388,3.7457,1
2026-01-29,Storage,UNKNOWN,asia-southeast1,26.01,1.3188,1
2026-01-29,Storage,UNKNOWN,us-west-2,141.50160000000002,4625.83,1
2026-01-30,Compute,EC2-t3.large,UNKNOWN,5.99688,110739888.0,1
2026-01-30,Compute,EC2-t3.large,us-east-1,220.0471,100228464.0,2
2026-01-30,Compute,EC2-t3.large,us-west-2,4831.0927,152594136.0,1
2026-01-30,Compute,EC2-t3.medium,ap-south-1,4128.8589,3358219.8000000003,2
2026-01-30,Compute,EC2-t3.medium,eu-west-1,23.9903,11371356.0,1
2026-01-30,Compute,EC2-t3.medium,us-east-1,-199.12,37655.25,1
2026-01-30,Compute,EC2-t3.medium,us-west-2,32.30832,1684644.0,1
2026-01-30,Compute,EC2-t3.xlarge,ap-south-1,1129.7988,87663168.0,1
2026-01-30,Compute,EC2-t3.xlarge,ap-southeast-1,8227.39,4108221288.0,2
2026-01-30,Compute,EC2-t3.xlarge,eu-west-1,13.0272,125948484.0,1
2026-01-30,Compute,EC2-t3.xlarge,us-east-1,8.44344,40540.79,1
2026-01-30,Compute,EC2-t3.xlarge,us-west-2,1375.91712,325513379.62,3
2026-01-30,Compute,GCE-n1-standard-2,asia-southeast1,1306.476,13946.04,1
2026-01-30,Compute,GCE-n1-standard-2,europe-west1,1209.1543,1094670.0,1
2026-01-30,Compute,GCE-n1-standard-2,us-central1,26.96592,99015.16,2
2026-01-30,Compute,GCE-n1-standard-4,us-central1,6.59724,25768116.0,1
2026-01-30,Compute,GCE-n1-standard-4,us-west1,141.4584,6921.86,1
2026-01-30,Compute,GCE-n1-standard-8,asia-southeast1,1947.86,2364446.4,1
2026-01-30,Compute,GCE-n1-standard-8,europe-west1,5.06112,54492145.2,2
2026-01-30,Compute,GCE-n1-standard-8,us-central1,1639.16048,28860111.7,5
2026-01-30,Compute,UNKNOWN,us-central1,26.92284,2230219.2,1
2026-01-30,Compute,VM-Standard_D2s,UNKNOWN,1.10652,3945.16,1
2026-01-30,Compute,VM-Standard_D2s,canadacentral,155.69220000000004,21163783.86,2
2026-01-30,Compute,VM-Standard_D2s,westeurope,26.15796,27647.52,1
2026-01-30,Compute,VM-Standard_D4s,eastus,216.33,3089.04,1
2026-01-30,Compute,VM-Standard_D4s,westeurope,3423.03,134764560.0,1
2026-01-30,Compute,VM-Standard_D8s,centralindia,236.14,15910.98,1
2026-01-30,Compute,VM-Standard_D8s,eastus,2.06736,43663.45,1
2026-01-30,Database,CloudSQL-db.standard-2,asia-southeast1,78.36,32127336.0,1
2026-01-30,Database,CloudSQL-db.standard-2,europe-west1,310.3596,15666624.0,1
2026-01-30,Database,CloudSQL-db.standard-2,us-central1,3373.5223599999995,342263682.0,5
2026-01-30,Database,RDS-db.m5.large,UNKNOWN,1397.5794,47974095.0,2
2026-01-30,Database,RDS-db.m5.large,ap-south-1,42.84744,152976712.67,2
2026-01-30,Database,RDS-db.m5.large,ap-southeast-1,6.98268,2286045.6,1
2026-01-30,Database,RDS-db.m5.large,eu-west-1,5298.6432,2774301.0,1
2026-01-30,Database,RDS-db.m5.large,us-east-1,1992.24472,171557309.55,6
2026-01-30,Database,SQLDb-S2,canadacentral,5959.2629,192241433.26000002,4
2026-01-30,Database,SQLDb-S2,centralindia,6266.3099999999995,4323459.0,2
2026-01-30,Database,SQLDb-S2,eastus,58.56792000000001,177962073.93,2
2026-01-30,Database,SQLDb-S2,southeastasia,2202.4460400000003,123387430.8,3
2026-01-30,Database,SQLDb-S2,westeurope,40.83,476.15,1
2026-01-30,Database,UNKNOWN,ap-south-1,13.419,42876252.0,1
2026-01-30,Database,UNKNOWN,canadacentral,27.5508,2834568.0,1
2026-01-30,Storage,Blob-Cool,canadacentral,2.34216,1196.1398000000002,2
2026-01-30,Storage,Blob-Hot,canadacentral,0.8917200000000001,2507.39,1
2026-01-30,Storage,Blob-Hot,centralindia,171.81748000000002,2196.7437,3
2026-01-30,Storage,Blob-Hot,eastus,0.8078399999999999,1.3865,1
2026-01-30,Storage,GCS-Nearline,asia-south1,415.40999999999997,2126.3358000000003,2
2026-01-30,Storage,GCS-Nearline,asia-southeast1,393.05816,4494.6662,2
2026-01-30,Storage,GCS-Nearline,europe-west1,68.5044,1587.11,2
2026-01-30,Storage,GCS-Nearline,us-central1,184.55736000000002,3204.9588000000003,3
2026-01-30,Storage,GCS-Standard,asia-southeast1,4.86108,4037.7322000000004,2
2026-01-30,Storage,GCS-Standard,europe-west1,0.4584,1891.56,1
2026-01-30,Storage,GCS-Standard,us-central1,487.68280000000004,8064.9419,4
2026-01-30,Storage,S3-IA,ap-south-1,600.9078,2662.9032,3
2026-01-30,Storage,S3-IA,ap-southeast-1,55.07724,3450.1617,4
2026-01-30,Storage,S3-IA,us-east-1,2.72208,3331.46,2
2026-01-30,Storage,S3-IA,us-west-2,75.98884000000001,1827.6151,2
2026-01-30,Storage,S3-Standard,UNKNOWN,81.93236000000002,2810.5299999999997,3
2026-01-30,Storage,S3-Standard,ap-south-1,646.3284,2769.65,1
2026-01-30,Storage,S3-Standard,ap-southeast-1,6017.97862,6.6423,3
2026-01-30,Storage,S3-Standard,eu-west-1,36.7,2.4637,1
2026-01-30,Storage,S3-Standard,us-east-1,2.83764,4452.52,2
2026-01-30,Storage,UNKNOWN,canadacentral,81.8316,2451.16,1
2026-01-30,Storage,UNKNOWN,us-east-1,1.30716,1.8114,1
2026-01-31,Compute,EC2-t3.large,ap-southeast-1,2550.8414000000002,75927743.14,3
2026-01-31,Compute,EC2-t3.large,eu-west-1,1066.44,26705.31,1
2026-01-31,Compute,EC2-t3.medium,UNKNOWN,980.05,36235.48,1
2026-01-31,Compute,EC2-t3.medium,ap-southeast-1,346.0,32798484.0,1
2026-01-31,Compute,EC2-t3.medium,eu-west-1,2853.8599999999997,129384972.0,2
2026-01-31,Compute,EC2-t3.medium,us-west-2,3232.0219,73819985.4,2
2026-01-31,Compute,EC2-t3.xlarge,ap-south-1,297.75,414231.0,1
2026-01-31,Compute,EC2-t3.xlarge,us-east-1,1686.25504,165232664.34,2
2026-01-31,Compute,GCE-n1-standard-2,asia-south1,2482.694,1844948.3699999999,2
2026-01-31,Compute,GCE-n1-standard-2,asia-southeast1,1941.54424,1010042.79,2
2026-01-31,Compute,GCE-n1-standard-2,us-west1,997.76412,63447812.44,2
2026-01-31,Compute,GCE-n1-standard-4,asia-south1,5.16456,40340520.0,1
2026-01-31,Compute,GCE-n1-standard-4,asia-southeast1,1182.93,58295700.0,1
2026-01-31,Compute,GCE-n1-standard-4,europe-west1,26.72088,105524172.0,1
2026-01-31,Compute,GCE-n1-standard-4,us-west1,49.047,46925172.0,1
2026-01-31,Compute,GCE-n1-standard-8,asia-south1,11.86764,48003372.0,1
2026-01-31,Compute,GCE-n1-standard-8,asia-southeast1,1.79736,15840468.0,1
2026-01-31,Compute,GCE-n1-standard-8,us-central1,4.1066400000000005,6206.97,1
2026-01-31,Compute,UNKNOWN,us-west-2,3509.8549999999996,103010298.0,3
2026-01-31,Compute,VM-Standard_D2s,eastus,2459.0628,158510432.76,2
2026-01-31,Compute,VM-Standard_D2s,southeastasia,2807.70756,168117108.6,2
2026-01-31,Compute,VM-Standard_D2s,westeurope,17.0226,1841593.8,1
2026-01-31,Compute,VM-Standard_D4s,eastus,1197.3744000000002,95671980.0,1
2026-01-31,Compute,VM-Standard_D4s,southeastasia,4906.474,708826.6799999999,3
2026-01-31,Compute,VM-Standard_D8s,canadacentral,5753.876499999999,173683578.6,2
2026-01-31,Compute,VM-Standard_D8s,centralindia,2089.2816000000003,43595.03,1
2026-01-31,Compute,VM-Standard_D8s,eastus,12.526319999999998,2700459.6,1
2026-01-31,Compute,VM-Standard_D8s,southeastasia,3888.2639599999998,207567838.2,4
2026-01-31,Compute,VM-Standard_D8s,westeurope,2184.0698,2247358.2,1
2026-01-31,Database,CloudSQL-db.standard-2,asia-southeast1,24.792360000000002,95466957.0,2
2026-01-31,Database,CloudSQL-db.standard-2,europe-west1,198.77496,16084.79,2
2026-01-31,Database,CloudSQL-db.standard-2,us-central1,103.43736,9370890.1,2
2026-01-31,Database,CloudSQL-db.standard-2,us-west1,1299.5462400000001,77899959.6,2
2026-01-31,Database,RDS-db.m5.large,UNKNOWN,301.9806,15863.28,2
2026-01-31,Database,RDS-db.m5.large,ap-south-1,1753.8965,9564530.620000001,3
2026-01-31,Database,RDS-db.m5.large,ap-southeast-1,2404.28312,4268539.8,3
2026-01-31,Database,RDS-db.m5.large,eu-west-1,2394.27,144972121.85,2
2026-01-31,Database,RDS-db.m5.large,us-east-1,425.46896,28349.85,2
2026-01-31,Database,RDS-db.m5.large,us-west-2,4193.746,4026970.3,6
2026-01-31,Database,SQLDb-S2,canadacentral,538.3323,61053388.2,2
2026-01-31,Database,SQLDb-S2,centralindia,5292.1556,120250189.41,3
2026-01-31,Database,SQLDb-S2,eastus,18.4464,1110.38,1
2026-01-31,Database,SQLDb-S2,southeastasia,19.0404,461692.2,1
2026-01-31,Database,SQLDb-S2,westeurope,123.37232,79265290.22,2
2026-01-31,Storage,Blob-Cool,canadacentral,177.2928,4649.59,2
2026-01-31,Storage,Blob-Cool,eastus,153.94452000000004,2185.9296,3
2026-01-31,Storage,Blob-Cool,southeastasia,369.6192,3.683,2
2026-01-31,Storage,Blob-Cool,westeurope,325.95092,3006.0519,3
2026-01-31,Storage,Blob-Hot,UNKNOWN,17.97,0.6694,1
2026-01-31,Storage,Blob-Hot,canadacentral,295.80828,5125.32,2
2026-01-31,Storage,Blob-Hot,centralindia,5.263920000000001,4557.32,1
2026-01-31,Storage,Blob-Hot,eastus,0.2334,2263.42,1
2026-01-31,Storage,Blob-Hot,southeastasia,87.50300000000001,738.42,1
2026-01-31,Storage,GCS-Nearline,asia-south1,254.49460000000002,7811.514799999999,4
2026-01-31,Storage,GCS-Nearline,asia-southeast1,209.81670000000005,3.4587,1
2026-01-31,Storage,GCS-Nearline,us-west1,2.51328,4.5189,1
2026-01-31,Storage,GCS-Standard,asia-south1,0.8825999999999999,4.3035,1
2026-01-31,Storage,GCS-Standard,europe-west1,301.44,4.4288,1
2026-01-31,Storage,GCS-Standard,us-central1,355.3308,4609.69,1
2026-01-31,Storage,S3-IA,ap-southeast-1,179.1302,2639.0786,4
2026-01-31,Storage,S3-IA,us-east-1,184.98000000000002,8234.218499999999,3
2026-01-31,Storage,S3-IA,us-west-2,191.2315,4117.74,2
2026-01-31,Storage,S3-Standard,ap-south-1,96.69,4309.14,1
2026-01-31,Storage,UNKNOWN,eu-west-1,429.9912,4911.99,1
2026-01-31,Storage,UNKNOWN,europe-west1,1.25316,1598.05,1
2026-02-01,Compute,EC2-t3.large,ap-south-1,577.14,31993.02,1
2026-02-01,Compute,EC2-t3.large,ap-southeast-1,4389.7296,2136012.6,1
2026-02-01,Compute,EC2-t3.large,eu-west-1,1696.9867000000002,22174.3,1
2026-02-01,Compute,EC2-t3.large,us-east-1,673.9234200000001,62683236.0,2
2026-02-01,Compute,EC2-t3.large,us-west-2,7.173,17283.89,1
2026-02-01,Compute,EC2-t3.medium,UNKNOWN,2.95356,1595598.6,1
2026-02-01,Compute,EC2-t3.medium,us-east-1,1233.3859,37255.05,1
2026-02-01,Compute,EC2-t3.xlarge,ap-south-1,18.1188,108700056.0,1
2026-02-01,Compute,EC2-t3.xlarge,ap-southeast-1,304.7902,171638570.8,3
2026-02-01,Compute,EC2-t3.xlarge,eu-west-1,1711.0,112283136.0,2
2026-02-01,Compute,EC2-t3.xlarge,us-east-1,607.10496,43324232.010000005,4
2026-02-01,Compute,GCE-n1-standard-2,asia-southeast1,15.70932,23225.77,1
2026-02-01,Compute,GCE-n1-standard-2,europe-west1,21.55,8515620.0,1
2026-02-01,Compute,GCE-n1-standard-4,asia-south1,3504.1095,189775465.8,2
2026-02-01,Compute,GCE-n1-standard-4,asia-southeast1,596.7,7713.0,1
2026-02-01,Compute,GCE-n1-standard-4,europe-west1,4409.2512,2494578.0,1
2026-02-01,Compute,GCE-n1-standard-8,asia-southeast1,1204.10472,95924627.4,2
2026-02-01,Compute,GCE-n1-standard-8,europe-west1,209.2452,167999.4,1
2026-02-01,Compute,GCE-n1-standard-8,us-central1,3104.0705000000003,28628.6,1
2026-02-01,Compute,GCE-n1-standard-8,us-west1,3048.07968,168233317.8,3
2026-02-01,Compute,UNKNOWN,ap-south-1,6.8,147.78,1
2026-02-01,Compute,UNKNOWN,eu-west-1,26.545800000000003,44044.93,1
2026-02-01,Compute,VM-Standard_D2s,canadacentral,8.96484,43837272.0,1
2026-02-01,Compute,VM-Standard_D2s,southeastasia,48.564800000000005,26581104.0,1
2026-02-01,Compute,VM-Standard_D2s,westeurope,2567.592,1594332.6,1
2026-02-01,Compute,VM-Standard_D4s,southeastasia,1410.1992,122644800.0,1
2026-02-01,Compute,VM-Standard_D4s,westeurope,1954.76,87857.34,2
2026-02-01,Compute,VM-Standard_D8s,centralindia,2519.934,39339.27,1
2026-02-01,Compute,VM-Standard_D8s,southeastasia,22.86996,69639840.0,1
2026-02-01,Database,CloudSQL-db.standard-2,asia-south1,1651.7874,1391238.6,1
2026-02-01,Database,CloudSQL-db.standard-2,asia-southeast1,523.41456,258869268.0,3
2026-02-01,Database,CloudSQL-db.standard-2,us-central1,123.254,13490835.16,4
2026-02-01,Database,CloudSQL-db.standard-2,us-west1,38.73876,206108967.22,3
2026-02-01,Database,RDS-db.m5.large,UNKNOWN,510.76,1743531.6,1
2026-02-01,Database,RDS-db.m5.large,ap-south-1,8763.0726,6184512663.3,6
2026-02-01,Database,RDS-db.m5.large,ap-southeast-1,1304.94,20734.08,1
2026-02-01,Database,RDS-db.m5.large,eu-west-1,3142.4700000000003,117585340.8,2
2026-02-01,Database,RDS-db.m5.large,us-east-1,5222.398260000001,39169260.70999999,5
2026-02-01,Database,RDS-db.m5.large,us-west-2,3.23004,1210894.2,1
2026-02-01,Database,SQLDb-S2,UNKNOWN,17.64,27104.17,1
2026-02-01,Database,SQLDb-S2,canadacentral,185.56163999999998,215901029.4,3
2026-02-01,Database,SQLDb-S2,centralindia,78.48288000000001,11760722.92,3
2026-02-01,Database,SQLDb-S2,westeurope,3857.02944,5645489.76,5
2026-02-01,Database,UNKNOWN,asia-south1,384.6852,43923744.0,1
2026-02-01,Storage,Blob-Cool,canadacentral,0.0,7.9398,2
2026-02-01,Storage,Blob-Cool,centralindia,947.3455600000001,103.5862,4
2026-02-01,Storage,Blob-Cool,eastus,459.1479600000001,4903.966,2
2026-02-01,Storage,Blob-Cool,southeastasia,1.19652,3283.33,1
2026-02-01,Storage,Blob-Hot,canadacentral,3.39,42.89,1
2026-02-01,Storage,Blob-Hot,eastus,66.042,2898.67,1
2026-02-01,Storage,Blob-Hot,southeastasia,307.3956,4058.7617999999998,2
2026-02-01,Storage,Blob-Hot,westeurope,239.0431,2659.7815,2
2026-02-01,Storage,GCS-Nearline,asia-south1,1.94964,2.4583,1
2026-02-01,Storage,GCS-Nearline,asia-southeast1,2.25048,1.8569,1
2026-02-01,Storage,GCS-Nearline,europe-west1,1.5978,1908.07,1
2026-02-01,Storage,GCS-Nearline,us-west1,0.06132,0.1917,1
2026-02-01,Storage,GCS-Standard,asia-southeast1,2.03988,32647.78,1
2026-02-01,Storage,GCS-Standard,europe-west1,531.0482,1262.0114999999998,3
2026-02-01,Storage,GCS-Standard,us-central1,49.56120000000001,1.5018,1
2026-02-01,Storage,S3-IA,ap-south-1,102.97,1287.13,1
2026-02-01,Storage,S3-IA,ap-southeast-1,32.82144,1135.5293,2
2026-02-01,Storage,S3-IA,eu-west-1,129.54600000000002,36202.69,1
2026-02-01,Storage,S3-IA,us-west-2,52.05,3473.32,1
2026-02-01,Storage,S3-Standard,UNKNOWN,249.0,2604.03,1
2026-02-01,Storage,S3-Standard,ap-southeast-1,17.33736,4341.2742,2
2026-02-01,Storage,S3-Standard,us-east-1,1.69404,2.1801,1
2026-02-01,Storage,S3-Standard,us-west-2,294.6618,2275.3023,2
2026-02-02,Compute,EC2-t3.large,UNKNOWN,2635.38,2582944.2,1
2026-02-02,Compute,EC2-t3.large,ap-south-1,-17.91888,81487656.0,1
2026-02-02,Compute,EC2-t3.large,ap-southeast-1,28.62676,7418.25,2
2026-02-02,Compute,EC2-t3.large,eu-west-1,39.4104,7651163.4,2
2026-02-02,Compute,EC2-t3.large,us-east-1,2296.0711,2417101.8,1
2026-02-02,Compute,EC2-t3.large,us-west-2,-1965.6628,6217912044.0,2
2026-02-02,Compute,EC2-t3.medium,ap-south-1,5972.0019,235623261.06,3
2026-02-02,Compute,EC2-t3.medium,ap-southeast-1,43.80156,164705292.0,1
2026-02-02,Compute,EC2-t3.medium,eu-west-1,1774.55376,122719854.0,2
2026-02-02,Compute,EC2-t3.xlarge,ap-south-1,9.2196,130014288.0,1
2026-02-02,Compute,EC2-t3.xlarge,eu-west-1,152.08,23626.53,1
2026-02-02,Compute,EC2-t3.xlarge,us-east-1,15.3024,122180328.0,1
2026-02-02,Compute,EC2-t3.xlarge,us-west-2,294.58,13709124.0,1
2026-02-02,Compute,GCE-n1-standard-2,asia-southeast1,2475.09,2270812.2,1
2026-02-02,Compute,GCE-n1-standard-2,europe-west1,4.71312,103572887.4,3
2026-02-02,Compute,GCE-n1-standard-2,us-west1,1230.77736,39316.96,2
2026-02-02,Compute,GCE-n1-standard-4,asia-south1,315.4553,2405538.6,1
2026-02-02,Compute,GCE-n1-standard-8,asia-south1,27.055080000000004,85771594.8,2
2026-02-02,Compute,GCE-n1-standard-8,asia-southeast1,8.31204,162314172.0,1
2026-02-02,Compute,GCE-n1-standard-8,europe-west1,24.357,36074.18,1
2026-02-02,Compute,VM-Standard_D2s,UNKNOWN,491.65920000000006,409655.57,1
2026-02-02,Compute,VM-Standard_D2s,southeastasia,3454.8445,47015.88,1
2026-02-02,Compute,VM-Standard_D2s,westeurope,807.21,26320.97,1
2026-02-02,Compute,VM-Standard_D4s,canadacentral,1116.1260000000002,12729.06,1
2026-02-02,Compute,VM-Standard_D4s,centralindia,2925.67,33597.35,1
2026-02-02,Compute,VM-Standard_D4s,southeastasia,11.81808,118626341.4,2
2026-02-02,Compute,VM-Standard_D8s,eastus,346.8878,46937016.0,1
2026-02-02,Compute,VM-Standard_D8s,southeastasia,67.9428,10728.72,1
2026-02-02,Database,CloudSQL-db.standard-2,asia-south1,3342.7886399999998,476724737.2,4
2026-02-02,Database,CloudSQL-db.standard-2,asia-southeast1,948.36,970155.6,1
2026-02-02,Database,CloudSQL-db.standard-2,europe-west1,5405.12396,129022711.46000001,8
2026-02-02,Database,CloudSQL-db.standard-2,us-central1,2119.7879,312478980.52,4
2026-02-02,Database,CloudSQL-db.standard-2,us-west1,348.57,9805.6,1
2026-02-02,Database,RDS-db.m5.large,UNKNOWN,0.87132,3558564.0,1
2026-02-02,Database,RDS-db.m5.large,ap-southeast-1,87.01971999999999,172158891.12,2
2026-02-02,Database,RDS-db.m5.large,eu-west-1,912.8307,70053439.8,2
2026-02-02,Database,RDS-db.m5.large,us-east-1,12.33444,101353662.02,2
2026-02-02,Database,RDS-db.m5.large,us-west-2,5034.91508,73468782.25,4
2026-02-02,Database,SQLDb-S2,canadacentral,7823.260800000002,307185480.0,2
2026-02-02,Database,SQLDb-S2,centralindia,1.63932,4515.28,1
2026-02-02,Database,SQLDb-S2,eastus,9584.5505,175555329.81,3
2026-02-02,Database,SQLDb-S2,southeastasia,2017.5100000000002,1093716.94,2
2026-02-02,Database,SQLDb-S2,westeurope,3233.0231999999996,30279152.59,2
2026-02-02,Storage,Blob-Cool,UNKNOWN,49.086000000000006,2.0185,1
2026-02-02,Storage,Blob-Cool,canadacentral,17.733600000000003,4.0558,2
2026-02-02,Storage,Blob-Cool,centralindia,2.29692,5579.59,3
2026-02-02,Storage,Blob-Cool,eastus,239.3163,5813.79,2
2026-02-02,Storage,Blob-Hot,canadacentral,209.6567,2099.9431999999997,2
2026-02-02,Storage,Blob-Hot,centralindia,62.23892,3696.3320000000003,2
2026-02-02,Storage,Blob-Hot,eastus,275.1624,4.2347,1
2026-02-02,Storage,Blob-Hot,southeastasia,174.96,1995.07,1
2026-02-02,Storage,Blob-Hot,westeurope,41.97152,3179.0827,2
2026-02-02,Storage,GCS-Nearline,asia-southeast1,4.17036,29635.5766,2
2026-02-02,Storage,GCS-Nearline,europe-west1,392.31682,2434.2673,3
2026-02-02,Storage,GCS-Nearline,us-central1,217.43,2959.06,1
2026-02-02,Storage,GCS-Nearline,us-west1,12.0636,606.78,1
2026-02-02,Storage,GCS-Standard,asia-south1,1.44504,2783.04,1
2026-02-02,Storage,GCS-Standard,asia-southeast1,2.63016,2546.47,1
2026-02-02,Storage,GCS-Standard,europe-west1,3.76296,3844.56,1
2026-02-02,Storage,GCS-Standard,us-central1,185.293,2671.94,2
2026-02-02,Storage,S3-IA,us-east-1,8.07,0.0938,1
2026-02-02,Storage,S3-IA,us-west-2,265.23091999999997,102960.5849,3
2026-02-02,Storage,S3-Standard,ap-southeast-1,1.14348,43885.63,1
2026-02-02,Storage,S3-Standard,eu-west-1,95.97211999999999,2974.7927999999997,2
2026-02-02,Storage,S3-Standard,us-east-1,28.7172,1.7994,1
2026-02-02,Storage,S3-Standard,us-west-2,63.8496,3.4057,1
2026-02-02,Storage,UNKNOWN,eu-west-1,209.466,4.2419,1
2026-02-03,Compute,EC2-t3.large,ap-southeast-1,945.4321600000001,1836033.5899999999,2
2026-02-03,Compute,EC2-t3.large,us-east-1,2740.7362,138919176.0,1
2026-02-03,Compute,EC2-t3.medium,ap-south-1,24.17736,1658512.7999999998,2
2026-02-03,Compute,EC2-t3.medium,eu-west-1,550.11,36269.79,1
2026-02-03,Compute,EC2-t3.medium,us-west-2,5321.708,1415551.51,2
2026-02-03,Compute,EC2-t3.xlarge,ap-south-1,2277.43,2198433.6,1
2026-02-03,Compute,EC2-t3.xlarge,ap-southeast-1,3931.4808,2718061.8,1
2026-02-03,Compute,EC2-t3.xlarge,eu-west-1,2290.1013,52451.100000000006,2
2026-02-03,Compute,EC2-t3.xlarge,us-east-1,1346.34,39080.44,1
2026-02-03,Compute,EC2-t3.xlarge,us-west-2,1143.85,856051.2,1
2026-02-03,Compute,GCE-n1-standard-4,asia-south1,24.96696,2875277.4,1
2026-02-03,Compute,GCE-n1-standard-8,asia-south1,1005.8472000000002,15557.74,1
2026-02-03,Compute,GCE-n1-standard-8,asia-southeast1,10.43448,36990.32,1
2026-02-03,Compute,GCE-n1-standard-8,us-central1,6.6222,72108792.0,1
2026-02-03,Compute,GCE-n1-standard-8,us-west1,10.00512,61759.149999999994,3
2026-02-03,Compute,UNKNOWN,ap-south-1,2.85204,41059.87,1
2026-02-03,Compute,UNKNOWN,eu-west-1,4124.11,13853.7,1
2026-02-03,Compute,VM-Standard_D2s,centralindia,3.76944,355879944.0,2
2026-02-03,Compute,VM-Standard_D2s,eastus,968.7179,11775.5,1
2026-02-03,Compute,VM-Standard_D4s,canadacentral,618.4944,616647.6,1
2026-02-03,Compute,VM-Standard_D4s,centralindia,24.98424,1050855.92,1
2026-02-03,Compute,VM-Standard_D4s,eastus,43.857,5268356.4,2
2026-02-03,Compute,VM-Standard_D4s,southeastasia,1.51128,399740.4,1
2026-02-03,Compute,VM-Standard_D4s,westeurope,2854.9584,145341360.0,1
2026-02-03,Compute,VM-Standard_D8s,southeastasia,1261.9248,1069591.15,2
2026-02-03,Database,CloudSQL-db.standard-2,asia-south1,359.75364,338044.3,2
2026-02-03,Database,CloudSQL-db.standard-2,asia-southeast1,1700.1109,2409595.2,1
2026-02-03,Database,CloudSQL-db.standard-2,europe-west1,10700.728420000001,519328228.78,5
2026-02-03,Database,CloudSQL-db.standard-2,us-central1,2.67096,148966.8,1
2026-02-03,Database,CloudSQL-db.standard-2,us-west1,23.36052,46812.58,1
2026-02-03,Database,RDS-db.m5.large,UNKNOWN,5515.29,5134291.800000001,2
2026-02-03,Database,RDS-db.m5.large,ap-south-1,313.88994,2791457.4,2
2026-02-03,Database,RDS-db.m5.large,ap-southeast-1,1976.86368,110495737.51,4
2026-02-03,Database,RDS-db.m5.large,eu-west-1,1637.86232,2166337.44,3
2026-02-03,Database,RDS-db.m5.large,us-east-1,2402.42,90442512.0,1
2026-02-03,Database,RDS-db.m5.large,us-west-2,0.0,17114832.0,1
2026-02-03,Database,SQLDb-S2,canadacentral,6596.290000000001,305688456.0,2
2026-02-03,Database,SQLDb-S2,centralindia,3560.5548,175770891.46,2
2026-02-03,Database,SQLDb-S2,eastus,1738.0979200000002,59231822.73,3
2026-02-03,Database,SQLDb-S2,southeastasia,125.2058,1542357.6,2
2026-02-03,Database,SQLDb-S2,westeurope,3238.8429,1723105.8,1
2026-02-03,Storage,Blob-Cool,canadacentral,0.51876,1.0114,1
2026-02-03,Storage,Blob-Cool,eastus,550.8244000000001,4461.51,1
2026-02-03,Storage,Blob-Hot,canadacentral,0.4764,1164.15,1
2026-02-03,Storage,Blob-Hot,centralindia,323.3736,3093.38,1
2026-02-03,Storage,Blob-Hot,eastus,1529.2140000000002,338.96619999999996,2
2026-02-03,Storage,Blob-Hot,southeastasia,46.15568,17417.6303,2
2026-02-03,Storage,GCS-Nearline,asia-south1,234.3658,3284.18,1
2026-02-03,Storage,GCS-Nearline,asia-southeast1,1.0960800000000002,2.0676,1
2026-02-03,Storage,GCS-Nearline,europe-west1,61.75,2457.86,2
2026-02-03,Storage,GCS-Nearline,us-west1,366.8903,4947.77,1
2026-02-03,Storage,GCS-Standard,asia-southeast1,0.67332,0.7994,1
2026-02-03,Storage,GCS-Standard,us-west1,567.6773000000001,4820.42,1
2026-02-03,Storage,S3-IA,eu-west-1,26.45924,1547.2715,2
2026-02-03,Storage,S3-Standard,UNKNOWN,0.6264,189.17,1
2026-02-03,Storage,S3-Standard,ap-southeast-1,59.08,4345.41,1
2026-02-03,Storage,S3-Standard,eu-west-1,344.6712,3366.02,1
2026-02-03,Storage,S3-Standard,us-west-2,33.44,634.39,1
2026-02-03,Storage,UNKNOWN,us-central1,77.77080000000001,2072.95,1
2026-02-04,Compute,EC2-t3.large,UNKNOWN,8.15808,1826589.6,1
2026-02-04,Compute,EC2-t3.large,ap-south-1,6673.5198,4383097.2,2
2026-02-04,Compute,EC2-t3.large,eu-west-1,1076.3758,47593080.0,1
2026-02-04,Compute,EC2-t3.large,us-west-2,21.5712,82874196.0,1
2026-02-04,Compute,EC2-t3.medium,UNKNOWN,519.5988000000001,26195364.0,1
2026-02-04,Compute,EC2-t3.medium,ap-south-1,2863.6078,9625194252.0,3
2026-02-04,Compute,EC2-t3.medium,ap-southeast-1,12.05748,71337852.0,1
2026-02-04,Compute,EC2-t3.medium,eu-west-1,23.72232,1723939.8,1
2026-02-04,Compute,EC2-t3.medium,us-east-1,4456.63776,3002740.39,2
2026-02-04,Compute,EC2-t3.medium,us-west-2,6405.72,257675112.0,2
2026-02-04,Compute,EC2-t3.xlarge,ap-south-1,1.15632,3606.17,1
2026-02-04,Compute,EC2-t3.xlarge,ap-southeast-1,905.12116,82336320.6,2
2026-02-04,Compute,EC2-t3.xlarge,eu-west-1,76.2762,6014736.0,1
2026-02-04,Compute,EC2-t3.xlarge,us-east-1,4537.6729000000005,139877873.4,3
2026-02-04,Compute,GCE-n1-standard-2,europe-west1,5784.47066,128842268.63,5
2026-02-04,Compute,GCE-n1-standard-4,europe-west1,6.94692,37537444.2,1
2026-02-04,Compute,GCE-n1-standard-4,us-west1,2548.75108,168910913.4,2
2026-02-04,Compute,GCE-n1-standard-8,europe-west1,673.79668,52147770.58,3
2026-02-04,Compute,GCE-n1-standard-8,us-west1,2190.41,91523448.0,1
2026-02-04,Compute,VM-Standard_D2s,UNKNOWN,2443.1652000000004,38461.17,1
2026-02-04,Compute,VM-Standard_D2s,canadacentral,4180.6152,143531532.0,1
2026-02-04,Compute,VM-Standard_D2s,centralindia,1322.84,122531215.2,2
2026-02-04,Compute,VM-Standard_D2s,eastus,619.4448,61474716.0,1
2026-02-04,Compute,VM-Standard_D2s,westeurope,6576.406800000001,94652100.0,3
2026-02-04,Compute,VM-Standard_D4s,UNKNOWN,429.5268,782455.2,1
2026-02-04,Compute,VM-Standard_D4s,canadacentral,1288.7977999999998,98768745.6,2
2026-02-04,Compute,VM-Standard_D4s,centralindia,877.0957,11114079.84,2
2026-02-04,Compute,VM-Standard_D4s,eastus,17.5641,636192.0,1
2026-02-04,Compute,VM-Standard_D4s,westeurope,1485.5184000000002,30474.09,1
2026-02-04,Compute,VM-Standard_D8s,UNKNOWN,48.28584,173059812.0,1
2026-02-04,Compute,VM-Standard_D8s,centralindia,22.78344,132238764.0,1
2026-02-04,Compute,VM-Standard_D8s,eastus,930.9924,17714.9,1
2026-02-04,Compute,VM-Standard_D8s,southeastasia,48.75828,2910126.6,1
2026-02-04,Database,CloudSQL-db.standard-2,asia-south1,54.61236,121253740.80000001,3
2026-02-04,Database,CloudSQL-db.standard-2,asia-southeast1,2756.38584,91924920.29,6
2026-02-04,Database,CloudSQL-db.standard-2,europe-west1,5984.7579000000005,2926150.9,6
2026-02-04,Database,CloudSQL-db.standard-2,us-central1,140.72696,2408810.5999999996,3
2026-02-04,Database,CloudSQL-db.standard-2,us-west1,6372.377399999999,137840871.53,4
2026-02-04,Database,RDS-db.m5.large,ap-south-1,2641.35,2625816.6799999997,2
2026-02-04,Database,RDS-db.m5.large,ap-southeast-1,12.33936,13705.95,1
2026-02-04,Database,RDS-db.m5.large,eu-west-1,505.68,24442632.0,1
2026-02-04,Database,RDS-db.m5.large,us-east-1,3643.488,206909712.0,2
2026-02-04,Database,SQLDb-S2,centralindia,474.29808,49611266.4,3
2026-02-04,Database,SQLDb-S2,southeastasia,4386.2484,1655057918.23,2
2026-02-04,Database,SQLDb-S2,westeurope,646.9729,2594494.2,2
2026-02-04,Database,UNKNOWN,centralindia,296.892,617194.8,1
2026-02-04,Database,UNKNOWN,eu-west-1,48.48648,162008748.0,1
2026-02-04,Storage,Blob-Cool,centralindia,251.7912,4229.469999999999,2
2026-02-04,Storage,Blob-Cool,eastus,3904.91,2610.03,1
2026-02-04,Storage,Blob-Cool,westeurope,119.7,1.5866,1
2026-02-04,Storage,Blob-Hot,canadacentral,405.73960000000005,4072.58,1
2026-02-04,Storage,Blob-Hot,eastus,310.48080000000004,3439.9356000000002,2
2026-02-04,Storage,Blob-Hot,westeurope,87.59,1952.13,1
2026-02-04,Storage,GCS-Nearline,asia-southeast1,349.2276,4599.211,2
2026-02-04,Storage,GCS-Nearline,europe-west1,0.3114,0.7337,1
2026-02-04,Storage,GCS-Nearline,us-west1,345.9132000000001,4644.1368999999995,3
2026-02-04,Storage,GCS-Standard,asia-south1,1.39452,3185.83,1
2026-02-04,Storage,GCS-Standard,asia-southeast1,333.8322,2.6882,1
2026-02-04,Storage,GCS-Standard,europe-west1,81.78840000000001,1.4251,1
2026-02-04,Storage,GCS-Standard,us-central1,0.48408,1.1361,1
2026-02-04,Storage,GCS-Standard,us-west1,29.215440000000005,373.6379,2
2026-02-04,Storage,S3-IA,ap-south-1,351.69752,1890.7714,2
2026-02-04,Storage,S3-IA,ap-southeast-1,371.93064000000004,4720.056100000001,2
2026-02-04,Storage,S3-IA,eu-west-1,65.47272,4336.5332,2
2026-02-04,Storage,S3-IA,us-west-2,14.21,1.544,1
2026-02-04,Storage,S3-Standard,ap-southeast-1,394.53,4117.22,1
2026-02-04,Storage,S3-Standard,eu-west-1,193.83,4485.280000000001,2
2026-02-04,Storage,S3-Standard,us-east-1,387.26331999999996,8.7314,2
2026-02-04,Storage,UNKNOWN,europe-west1,0.75096,2.0486,1
2026-02-05,Compute,EC2-t3.large,ap-south-1,3223.8842,1809951.0,2
2026-02-05,Compute,EC2-t3.large,us-east-1,797.9580000000001,132381396.0,1
2026-02-05,Compute,EC2-t3.large,us-west-2,735.9144000000001,164402111.72,2
2026-02-05,Compute,EC2-t3.medium,ap-south-1,3882.5424,119048544.0,1
2026-02-05,Compute,EC2-t3.medium,eu-west-1,26.10936,2187166.8,1
2026-02-05,Compute,EC2-t3.medium,us-east-1,1252.99068,3653051.3499999996,3
2026-02-05,Compute,EC2-t3.xlarge,us-west-2,7.31592,42502356.0,1
2026-02-05,Compute,GCE-n1-standard-2,asia-south1,364.7808,23373180.0,1
2026-02-05,Compute,GCE-n1-standard-2,asia-southeast1,26.0838,38243.88,1
2026-02-05,Compute,GCE-n1-standard-2,europe-west1,8.94492,84978720.0,1
2026-02-05,Compute,GCE-n1-standard-2,us-central1,1160.1725999999999,69956077.8,2
2026-02-05,Compute,GCE-n1-standard-4,asia-south1,4.01172,48077.19,1
2026-02-05,Compute,GCE-n1-standard-8,asia-south1,9.70272,38022264.0,1
2026-02-05,Compute,GCE-n1-standard-8,europe-west1,0.93168,2555155.8,1
2026-02-05,Compute,VM-Standard_D2s,centralindia,36.24576,41839.24,2
2026-02-05,Compute,VM-Standard_D2s,southeastasia,122.7,8674272.0,1
2026-02-05,Compute,VM-Standard_D4s,eastus,1374.7428000000002,2463765.0,1
2026-02-05,Compute,VM-Standard_D4s,southeastasia,3136.2767999999996,92616952.2,2
2026-02-05,Compute,VM-Standard_D4s,westeurope,654.64308,1686015.6,2
2026-02-05,Compute,VM-Standard_D8s,canadacentral,261.20880000000005,668904.6,1
2026-02-05,Compute,VM-Standard_D8s,southeastasia,3662.76,2882548.2,1
2026-02-05,Database,CloudSQL-db.standard-2,asia-south1,2381.3596,1256616.06,2
2026-02-05,Database,CloudSQL-db.standard-2,asia-southeast1,415.57,5355587319.0,3
2026-02-05,Database,CloudSQL-db.standard-2,europe-west1,66.97044,261561182.4,3
2026-02-05,Database,CloudSQL-db.standard-2,us-central1,22.17828,1423099.2,1
2026-02-05,Database,CloudSQL-db.standard-2,us-west1,217.38424,4079647717.8,3
2026-02-05,Database,RDS-db.m5.large,ap-south-1,25.237920000000003,98854413.0,2
2026-02-05,Database,RDS-db.m5.large,ap-southeast-1,3712.6459600000003,103527.65,3
2026-02-05,Database,RDS-db.m5.large,eu-west-1,7918.5549,162579946.3,5
2026-02-05,Database,RDS-db.m5.large,us-east-1,3835.7668400000002,890127.79,4
2026-02-05,Database,RDS-db.m5.large,us-west-2,76.95516,4700956.8,2
2026-02-05,Database,SQLDb-S2,canadacentral,1423.528,47274703.8,2
2026-02-05,Database,SQLDb-S2,centralindia,3640.518,79440828.83999999,4
2026-02-05,Database,SQLDb-S2,eastus,2379.2508000000003,94936716.0,1
2026-02-05,Database,SQLDb-S2,southeastasia,3360.0965000000006,136456450.29,2
2026-02-05,Database,SQLDb-S2,westeurope,1102.9282,45791448.75,2
2026-02-05,Storage,Blob-Cool,UNKNOWN,36.0045,3201.41,1
2026-02-05,Storage,Blob-Cool,canadacentral,119.8452,4618.4382000000005,2
2026-02-05,Storage,Blob-Hot,UNKNOWN,247.3632,88.86840000000001,2
2026-02-05,Storage,Blob-Hot,canadacentral,141.15,2.785,1
2026-02-05,Storage,Blob-Hot,centralindia,4.36308,1462.387,3
2026-02-05,Storage,Blob-Hot,southeastasia,2.65224,61343.0313,2
2026-02-05,Storage,GCS-Nearline,UNKNOWN,2.2908,2.4528,2
2026-02-05,Storage,GCS-Nearline,asia-south1,398.1704,4749.11,1
2026-02-05,Storage,GCS-Nearline,asia-southeast1,83.2,1087.97,1
2026-02-05,Storage,GCS-Nearline,europe-west1,2.88444,2774.07,1
2026-02-05,Storage,GCS-Nearline,us-central1,192.7987,1.6958,1
2026-02-05,Storage,GCS-Nearline,us-west1,0.06816,2567.88,1
2026-02-05,Storage,GCS-Standard,asia-south1,580.484,4985.2659,2
2026-02-05,Storage,GCS-Standard,asia-southeast1,333.72,3135.7281,2
2026-02-05,Storage,GCS-Standard,europe-west1,39.2148,555.23,1
2026-02-05,Storage,GCS-Standard,us-central1,193.28,2661.23,1
2026-02-05,Storage,GCS-Standard,us-west1,0.14868,2.4847,1
2026-02-05,Storage,S3-IA,UNKNOWN,297.40860000000004,4.2821,1
2026-02-05,Storage,S3-IA,ap-south-1,146.31176,4662.300300000001,4
2026-02-05,Storage,S3-IA,ap-southeast-1,0.94944,1271.35,1
2026-02-05,Storage,S3-Standard,ap-south-1,2.72088,30042.75,1
2026-02-05,Storage,S3-Standard,eu-west-1,287.44960000000003,3.584,2
2026-02-05,Storage,S3-Standard,us-west-2,3831.7149999999997,4912.1237,5
2026-02-06,Compute,EC2-t3.large,ap-south-1,1446.32,43216.95,1
2026-02-06,Compute,EC2-t3.large,ap-southeast-1,4166.58,2940942.7800000003,2
2026-02-06,Compute,EC2-t3.large,us-east-1,4971.250800000001,28519.37,1
2026-02-06,Compute,EC2-t3.large,us-west-2,2031.4,80798292.0,1
2026-02-06,Compute,EC2-t3.medium,ap-south-1,1830.63,1882265.4,1
2026-02-06,Compute,EC2-t3.medium,ap-southeast-1,700.48,26030484.0,1
2026-02-06,Compute,EC2-t3.medium,eu-west-1,516.0,43260984.0,1
2026-02-06,Compute,EC2-t3.medium,us-east-1,823.49072,38124172.2,2
2026-02-06,Compute,EC2-t3.medium,us-west-2,1231.91,2278503.6,1
2026-02-06,Compute,EC2-t3.xlarge,UNKNOWN,312.3036,56716020.0,1
2026-02-06,Compute,EC2-t3.xlarge,ap-southeast-1,4064.381,134683452.0,1
2026-02-06,Compute,EC2-t3.xlarge,eu-west-1,3828.62324,316396889.35,3
2026-02-06,Compute,EC2-t3.xlarge,us-east-1,2379.41,1833565.8,1
2026-02-06,Compute,EC2-t3.xlarge,us-west-2,1493.87,170546427.75,2
2026-02-06,Compute,GCE-n1-standard-4,asia-south1,27.78696,40118.53,1
2026-02-06,Compute,GCE-n1-standard-4,asia-southeast1,887.8032000000001,59032116.0,1
2026-02-06,Compute,GCE-n1-standard-4,europe-west1,31.8816,12486.82,1
2026-02-06,Compute,GCE-n1-standard-4,us-central1,1832.61,72235512.0,1
2026-02-06,Compute,GCE-n1-standard-4,us-west1,3939.8508000000006,2214007.8,1
2026-02-06,Compute,GCE-n1-standard-8,asia-south1,3450.89,125908452.0,1
2026-02-06,Compute,GCE-n1-standard-8,europe-west1,254.8763,396748.62,1
2026-02-06,Compute,GCE-n1-standard-8,us-central1,7.26804,6523.6,1
2026-02-06,Compute,UNKNOWN,us-east-1,2412.3777,19368.4,1
2026-02-06,Compute,VM-Standard_D2s,canadacentral,2466.6984,1435992.0,1
2026-02-06,Compute,VM-Standard_D2s,centralindia,510.05,92024707.2,2
2026-02-06,Compute,VM-Standard_D2s,southeastasia,2689.5456000000004,44481.68,1
2026-02-06,Compute,VM-Standard_D8s,UNKNOWN,200.664,6855552.0,2
2026-02-06,Compute,VM-Standard_D8s,canadacentral,1235.0232,152458272.0,1
2026-02-06,Compute,VM-Standard_D8s,southeastasia,616.95884,67754.45999999999,2
2026-02-06,Compute,VM-Standard_D8s,westeurope,2136.7476,83414124.0,1
2026-02-06,Database,CloudSQL-db.standard-2,asia-south1,1385.16816,2129435.4,3
2026-02-06,Database,CloudSQL-db.standard-2,asia-southeast1,3290.29342,101103634.21,7
2026-02-06,Database,CloudSQL-db.standard-2,europe-west1,6564.575699999999,132945634.87,3
2026-02-06,Database,CloudSQL-db.standard-2,us-central1,4829.3768,148813584.6,3
2026-02-06,Database,CloudSQL-db.standard-2,us-west1,1675.9872,37003.88,1
2026-02-06,Database,RDS-db.m5.large,ap-south-1,3214.33776,122207661.86,4
2026-02-06,Database,RDS-db.m5.large,ap-southeast-1,3858.63326,225380884.24,5
2026-02-06,Database,RDS-db.m5.large,eu-west-1,2461.6478,48674239.17,4
2026-02-06,Database,RDS-db.m5.large,us-east-1,1499.56648,217015458.03,4
2026-02-06,Database,RDS-db.m5.large,us-west-2,162.1518,4372198.640000001,8
2026-02-06,Database,SQLDb-S2,UNKNOWN,21.08172,125993484.0,1
2026-02-06,Database,SQLDb-S2,centralindia,4364.0655,66040324.800000004,3
2026-02-06,Database,SQLDb-S2,eastus,1.31712,708453324.0,1
2026-02-06,Database,SQLDb-S2,southeastasia,2289.7943999999998,5976664272.0,2
2026-02-06,Database,SQLDb-S2,westeurope,1237.3752000000002,38263749.34,3
2026-02-06,Storage,Blob-Cool,eastus,5.15,611.28,1
2026-02-06,Storage,Blob-Cool,westeurope,70.2756,2.4211,1
2026-02-06,Storage,Blob-Hot,canadacentral,117.02,2.1936,1
2026-02-06,Storage,Blob-Hot,centralindia,100.278,1.3163,1
2026-02-06,Storage,Blob-Hot,eastus,1.49364,2.1953,1
2026-02-06,Storage,Blob-Hot,southeastasia,4.22016,3.9431,1
2026-02-06,Storage,Blob-Hot,westeurope,133.80120000000002,2.5738,1
2026-02-06,Storage,GCS-Nearline,europe-west1,33.3774,310.4066,2
2026-02-06,Storage,GCS-Nearline,us-central1,1561.6044000000002,1.9629,1
2026-02-06,Storage,GCS-Standard,asia-south1,125.06592,4.181,2
2026-02-06,Storage,GCS-Standard,asia-southeast1,387.1832,4181.2896,3
2026-02-06,Storage,GCS-Standard,us-central1,2.058,1.8173,1
2026-02-06,Storage,S3-IA,ap-southeast-1,63.19,2841.79,1
2026-02-06,Storage,S3-IA,us-east-1,44.54,1.9049,1
2026-02-06,Storage,S3-IA,us-west-2,0.80856,1.2274,2
2026-02-06,Storage,S3-Standard,UNKNOWN,62.6491,0.515,1
2026-02-06,Storage,S3-Standard,ap-south-1,92.63168,4657.5275,2
2026-02-06,Storage,S3-Standard,us-east-1,237.33,4.519,1
2026-02-06,Storage,S3-Standard,us-west-2,2.2662,3.7968,1
2026-02-06,Storage,UNKNOWN,asia-south1,58.178700000000006,4850.43,1
2026-02-07,Compute,EC2-t3.large,UNKNOWN,202.446,238023.6,1
2026-02-07,Compute,EC2-t3.large,us-east-1,6336.320600000001,1456546678.8,2
2026-02-07,Compute,EC2-t3.medium,ap-south-1,3343.1448,266587524.0,2
2026-02-07,Compute,EC2-t3.medium,ap-southeast-1,2932.35,112441120.45,2
2026-02-07,Compute,EC2-t3.medium,eu-west-1,3064.7513,148560156.0,1
2026-02-07,Compute,EC2-t3.medium,us-east-1,2306.97,48803.71,2
2026-02-07,Compute,EC2-t3.xlarge,ap-south-1,1177.544,2065204.8,1
2026-02-07,Compute,EC2-t3.xlarge,us-east-1,353.74580000000003,1588230720.0,1
2026-02-07,Compute,GCE-n1-standard-2,asia-south1,912.33074,28155955.799999997,2
2026-02-07,Compute,GCE-n1-standard-2,europe-west1,-0.70644,4036.03,1
2026-02-07,Compute,GCE-n1-standard-4,europe-west1,1670.74,66748824.0,1
2026-02-07,Compute,GCE-n1-standard-4,us-central1,7.567080000000001,20724.74,1
2026-02-07,Compute,GCE-n1-standard-8,asia-south1,785.6034000000001,79601.04,2
2026-02-07,Compute,GCE-n1-standard-8,asia-southeast1,51.61392,50369.92,2
2026-02-07,Compute,GCE-n1-standard-8,europe-west1,19.90944,2369509.2,1
2026-02-07,Compute,GCE-n1-standard-8,us-west1,0.0,48825.11,1
2026-02-07,Compute,VM-Standard_D2s,canadacentral,259.6642,20065680.0,1
2026-02-07,Compute,VM-Standard_D2s,centralindia,764.2098,1641856.8,1
2026-02-07,Compute,VM-Standard_D2s,southeastasia,69.8328,10099.95,1
2026-02-07,Compute,VM-Standard_D4s,canadacentral,16.87896,25855.62,1
2026-02-07,Compute,VM-Standard_D4s,centralindia,1882.8942,9619602.48,2
2026-02-07,Compute,VM-Standard_D4s,eastus,809.49612,75450727.24,4
2026-02-07,Compute,VM-Standard_D4s,westeurope,27.79536,23562.89,1
2026-02-07,Compute,VM-Standard_D8s,canadacentral,1036.314,2401097472.0,1
2026-02-07,Compute,VM-Standard_D8s,centralindia,1413.9576000000002,47678112.0,1
2026-02-07,Compute,VM-Standard_D8s,southeastasia,4217.6352,151946003.79,2
2026-02-07,Compute,VM-Standard_D8s,westeurope,28.12,1517.27,1
2026-02-07,Database,CloudSQL-db.standard-2,asia-south1,1802.1096,34261.41,1
2026-02-07,Database,CloudSQL-db.standard-2,asia-southeast1,1842.49,33758.91,1
2026-02-07,Database,CloudSQL-db.standard-2,europe-west1,2222.9549,479135084.18,5
2026-02-07,Database,CloudSQL-db.standard-2,us-central1,36.54744,151993848.18,2
2026-02-07,Database,CloudSQL-db.standard-2,us-west1,78.48948,172877187.72,2
2026-02-07,Database,RDS-db.m5.large,ap-south-1,195.56,5874.47,1
2026-02-07,Database,RDS-db.m5.large,ap-southeast-1,1199.91852,1691265.6,2
2026-02-07,Database,RDS-db.m5.large,eu-west-1,891.4752000000001,609344.4,1
2026-02-07,Database,RDS-db.m5.large,us-east-1,11232.148799999999,6425340.84,6
2026-02-07,Database,RDS-db.m5.large,us-west-2,24.22008,85622256.0,2
2026-02-07,Database,SQLDb-S2,canadacentral,7149.24348,1627557503.3,4
2026-02-07,Database,SQLDb-S2,centralindia,2722.3776,655797.0,1
2026-02-07,Database,SQLDb-S2,eastus,3245.68692,251047692.0,2
2026-02-07,Database,SQLDb-S2,southeastasia,2824.9236,175538606.87,2
2026-02-07,Storage,Blob-Cool,UNKNOWN,250.22136,3063.7765,3
2026-02-07,Storage,Blob-Cool,canadacentral,348.6672,3301.06,1
2026-02-07,Storage,Blob-Cool,eastus,400.7358,3.7242,2
2026-02-07,Storage,Blob-Cool,westeurope,92.5,1763.16,1
2026-02-07,Storage,Blob-Hot,canadacentral,56.6,1.868,1
2026-02-07,Storage,GCS-Nearline,asia-south1,84.51,1306.98,1
2026-02-07,Storage,GCS-Nearline,europe-west1,220.86,3314.55,1
2026-02-07,Storage,GCS-Standard,europe-west1,9.80592,12263.029999999999,3
2026-02-07,Storage,GCS-Standard,us-central1,3.27396,2839.35,1
2026-02-07,Storage,S3-IA,ap-south-1,708.4164000000001,15367.6195,7
2026-02-07,Storage,S3-IA,ap-southeast-1,174.70324,4951.2072,3
2026-02-07,Storage,S3-IA,eu-west-1,137.02,6244.14,2
2026-02-07,Storage,S3-Standard,UNKNOWN,0.03864,0.0434,1
2026-02-07,Storage,S3-Standard,ap-south-1,58.236000000000004,4930.46,2
2026-02-07,Storage,S3-Standard,ap-southeast-1,120.20284,4497.485299999999,2
2026-02-07,Storage,S3-Standard,eu-west-1,2.0094,3.4254,1
2026-02-07,Storage,S3-Standard,us-east-1,314.76564,5337.2645,3
2026-02-08,Compute,EC2-t3.large,ap-southeast-1,3024.05,46252.13,1
2026-02-08,Compute,EC2-t3.medium,ap-south-1,4879.9584,3377652.0,2
2026-02-08,Compute,EC2-t3.medium,eu-west-1,2973.1112000000003,1938599.97,4
2026-02-08,Compute,EC2-t3.medium,us-west-2,1308.2016,135113868.0,1
2026-02-08,Compute,EC2-t3.xlarge,ap-south-1,9441.292259999998,103759828.5,4
2026-02-08,Compute,EC2-t3.xlarge,ap-southeast-1,16.41636,93883428.0,1
2026-02-08,Compute,EC2-t3.xlarge,us-east-1,-274.3632,40334.38,1
2026-02-08,Compute,EC2-t3.xlarge,us-west-2,300.6979,271441.2,1
2026-02-08,Compute,GCE-n1-standard-2,asia-south1,18.21984,124754724.0,1
2026-02-08,Compute,GCE-n1-standard-2,europe-west1,2579.5044,175927896.0,1
2026-02-08,Compute,GCE-n1-standard-2,us-central1,8.27904,7606.81,1
2026-02-08,Compute,GCE-n1-standard-2,us-west1,2548.38,129684204.0,1
2026-02-08,Compute,GCE-n1-standard-4,asia-south1,28.467600000000004,2348427765.68,2
2026-02-08,Compute,GCE-n1-standard-4,asia-southeast1,919.2006,451669.2,1
2026-02-08,Compute,GCE-n1-standard-4,europe-west1,1093.29072,122288923.2,3
2026-02-08,Compute,GCE-n1-standard-8,us-central1,1674.8887,1222647.0,1
2026-02-08,Compute,GCE-n1-standard-8,us-west1,10.5438,1772853.6,1
2026-02-08,Compute,VM-Standard_D2s,canadacentral,3539.1384000000003,2285929.8,1
2026-02-08,Compute,VM-Standard_D2s,centralindia,-2461.23,735145.2,1
2026-02-08,Compute,VM-Standard_D2s,westeurope,128.8656,948505.8,1
2026-02-08,Compute,VM-Standard_D4s,UNKNOWN,70.3512,1630.91,1
2026-02-08,Compute,VM-Standard_D4s,canadacentral,386.18,524866.2,1
2026-02-08,Compute,VM-Standard_D4s,centralindia,1847.7504,126654588.0,1
2026-02-08,Compute,VM-Standard_D4s,southeastasia,7.804320000000001,2725476.6,1
2026-02-08,Compute,VM-Standard_D8s,centralindia,25.884120000000003,1339326.6,1
2026-02-08,Compute,VM-Standard_D8s,westeurope,756.2723,13516.33,1
2026-02-08,Database,CloudSQL-db.standard-2,asia-south1,1794.96592,90247224.85,4
2026-02-08,Database,CloudSQL-db.standard-2,asia-southeast1,134.0598,6037555.85,2
2026-02-08,Database,CloudSQL-db.standard-2,europe-west1,179.2,7887744.0,1
2026-02-08,Database,CloudSQL-db.standard-2,us-central1,1080.26588,68331758.76,3
2026-02-08,Database,CloudSQL-db.standard-2,us-west1,2660.2397800000003,2913905.36,3
2026-02-08,Database,RDS-db.m5.large,UNKNOWN,256.09912,586395462.86,2
2026-02-08,Database,RDS-db.m5.large,ap-south-1,10.32048,200032956.0,2
2026-02-08,Database,RDS-db.m5.large,ap-southeast-1,2469.6714,21915358.19,5
2026-02-08,Database,RDS-db.m5.large,eu-west-1,4259.9157000000005,137890425.6,2
2026-02-08,Database,RDS-db.m5.large,us-east-1,6752.1634,15963248.18,6
2026-02-08,Database,RDS-db.m5.large,us-west-2,1241.7998400000001,528186.67,3
2026-02-08,Database,SQLDb-S2,UNKNOWN,2214.5184000000004,29264.76,1
2026-02-08,Database,SQLDb-S2,canadacentral,428.60184000000004,169000768.71,4
2026-02-08,Database,SQLDb-S2,eastus,4529.192800000001,5897832.6,3
2026-02-08,Database,SQLDb-S2,southeastasia,325.68460000000005,1269037.2,3
2026-02-08,Database,SQLDb-S2,westeurope,33.49308,139753548.0,1
2026-02-08,Storage,Blob-Cool,canadacentral,258.57928000000004,7054.33,2
2026-02-08,Storage,Blob-Cool,centralindia,411.981,5.416399999999999,2
2026-02-08,Storage,Blob-Cool,eastus,217.53984,6159.7268,4
2026-02-08,Storage,Blob-Cool,southeastasia,173.85840000000002,6.0784,3
2026-02-08,Storage,Blob-Hot,canadacentral,0.7995599999999999,811.84,1
2026-02-08,Storage,Blob-Hot,centralindia,1.4976,3.4811,1
2026-02-08,Storage,Blob-Hot,eastus,367.4898,3469.6543,2
2026-02-08,Storage,Blob-Hot,westeurope,0.05472,2.4744,1
2026-02-08,Storage,GCS-Nearline,asia-south1,2.524000000000001,2922.0735000000004,5
2026-02-08,Storage,GCS-Nearline,asia-southeast1,618.5452,5.852600000000001,2
2026-02-08,Storage,GCS-Nearline,europe-west1,182.6006,80009.79,1
2026-02-08,Storage,GCS-Standard,asia-south1,40.0,1004.96,1
2026-02-08,Storage,GCS-Standard,us-central1,1.04436,3.5898,2
2026-02-08,Storage,GCS-Standard,us-west1,368.98066000000006,3320.6903999999995,4
2026-02-08,Storage,S3-IA,ap-south-1,31.9151,1.5236,1
2026-02-08,Storage,S3-IA,ap-southeast-1,4.50516,4996.31,1
2026-02-08,Storage,S3-IA,eu-west-1,0.1266,1.0959,1
2026-02-08,Storage,S3-IA,us-east-1,381.94182,3888.3763999999996,2
2026-02-08,Storage,S3-IA,us-west-2,333.69804,3482.5941,4
2026-02-08,Storage,S3-Standard,UNKNOWN,78.47,1697.34,1
2026-02-08,Storage,S3-Standard,ap-south-1,110.4,1903.08,1
2026-02-08,Storage,S3-Standard,ap-southeast-1,1.7376000000000005,4183.7,1
2026-02-08,Storage,UNKNOWN,ap-south-1,10.39,0.2274,1
2026-02-08,Storage,UNKNOWN,eastus,37.368,0.4617,1
2026-02-09,Compute,EC2-t3.large,ap-southeast-1,2685.6929800000003,136625680.47,2
2026-02-09,Compute,EC2-t3.large,eu-west-1,6.43068,420507.6,1
2026-02-09,Compute,EC2-t3.large,us-east-1,6343.37432,191749724.42,4
2026-02-09,Compute,EC2-t3.medium,eu-west-1,15.27456,2462804.4,1
2026-02-09,Compute,EC2-t3.medium,us-west-2,20.111040000000003,1532343.0,1
2026-02-09,Compute,EC2-t3.xlarge,ap-south-1,3420.4010399999997,144177975.61,3
2026-02-09,Compute,EC2-t3.xlarge,eu-west-1,51.50544,45438.92,1
2026-02-09,Compute,EC2-t3.xlarge,us-west-2,12139.633720000002,445201088.4,5
2026-02-09,Compute,GCE-n1-standard-2,asia-south1,671.1076,216511596.0,2
2026-02-09,Compute,GCE-n1-standard-2,europe-west1,2450.0915800000002,670152.61,2
2026-02-09,Compute,GCE-n1-standard-4,europe-west1,94.5438,172462482.6,3
2026-02-09,Compute,GCE-n1-standard-4,us-west1,1.75236,31299.12,1
2026-02-09,Compute,GCE-n1-standard-8,us-central1,19.33788,81967536.0,1
2026-02-09,Compute,VM-Standard_D2s,southeastasia,2985.1200000000003,106030493.84,2
2026-02-09,Compute,VM-Standard_D4s,canadacentral,0.0,20149.24,1
2026-02-09,Compute,VM-Standard_D8s,canadacentral,4850.0348,80552.13,2
2026-02-09,Compute,VM-Standard_D8s,southeastasia,609.11,2937857.4,1
2026-02-09,Compute,VM-Standard_D8s,westeurope,16.61064,114916212.0,1
2026-02-09,Database,CloudSQL-db.standard-2,asia-south1,5141.4426,169350300.0,1
2026-02-09,Database,CloudSQL-db.standard-2,asia-southeast1,4491.6888,144724045.97,2
2026-02-09,Database,CloudSQL-db.standard-2,europe-west1,13.16928,27077.81,1
2026-02-09,Database,CloudSQL-db.standard-2,us-west1,1869.4394399999999,4726952.96,4
2026-02-09,Database,RDS-db.m5.large,UNKNOWN,3149.3155,66939.78,2
2026-02-09,Database,RDS-db.m5.large,ap-south-1,205.86303999999998,82821472.78999999,4
2026-02-09,Database,RDS-db.m5.large,ap-southeast-1,5839.374,2954905.8,3
2026-02-09,Database,RDS-db.m5.large,eu-west-1,4086.75712,176000608.87,5
2026-02-09,Database,RDS-db.m5.large,us-east-1,4904.7625800000005,232784917.94,6
2026-02-09,Database,RDS-db.m5.large,us-west-2,1768.36132,170359447.88,2
2026-02-09,Database,SQLDb-S2,canadacentral,1983.232,15884454.0,1
2026-02-09,Database,SQLDb-S2,centralindia,2686.7860000000005,40462233.89,4
2026-02-09,Database,SQLDb-S2,eastus,3793.2942000000003,252662.66999999998,2
2026-02-09,Database,SQLDb-S2,southeastasia,1733.78,1983865.2,1
2026-02-09,Database,SQLDb-S2,westeurope,194.1624,43907472.0,1
2026-02-09,Storage,Blob-Cool,centralindia,614.11244,3118.7721,3
2026-02-09,Storage,Blob-Cool,eastus,1951.6788000000001,7992.17,2
2026-02-09,Storage,Blob-Cool,southeastasia,809.94,1.5588,1
2026-02-09,Storage,Blob-Cool,westeurope,269.94,4242.85,1
2026-02-09,Storage,Blob-Hot,UNKNOWN,58.84308,3680.45,1
2026-02-09,Storage,Blob-Hot,southeastasia,7.975,236.1001,2
2026-02-09,Storage,Blob-Hot,westeurope,294.55284,3515.26,2
2026-02-09,Storage,GCS-Nearline,asia-south1,604.43828,4754.046200000001,3
2026-02-09,Storage,GCS-Nearline,us-central1,424.71384,24.1286,2
2026-02-09,Storage,GCS-Standard,asia-southeast1,1.53396,3.8692,1
2026-02-09,Storage,GCS-Standard,europe-west1,349.03,108089.76,1
2026-02-09,Storage,GCS-Standard,us-west1,276.64410000000004,2620.37,1
2026-02-09,Storage,S3-IA,ap-south-1,0.07812,350.44,1
2026-02-09,Storage,S3-IA,ap-southeast-1,192.02512,5791.9172,3
2026-02-09,Storage,S3-IA,eu-west-1,83.43436000000001,1084.5106,3
2026-02-09,Storage,S3-IA,us-east-1,107.92,4.7608,1
2026-02-09,Storage,S3-IA,us-west-2,217.5228,2.4419,1
2026-02-09,Storage,S3-Standard,eu-west-1,0.84888,1.8231,1
2026-02-09,Storage,S3-Standard,us-west-2,3.35448,3307.7163,2
2026-02-09,Storage,UNKNOWN,southeastasia,76.3992,1670.27,1
2026-02-10,Compute,EC2-t3.large,ap-southeast-1,1928.6601,35897.76,1
2026-02-10,Compute,EC2-t3.large,eu-west-1,4334.7513,2310661.2,1
2026-02-10,Compute,EC2-t3.large,us-west-2,5444.3684,134412687.6,2
2026-02-10,Compute,EC2-t3.medium,ap-south-1,59.04456,3786373235.94,3
2026-02-10,Compute,EC2-t3.medium,ap-southeast-1,13.171199999999999,139506736.8,2
2026-02-10,Compute,EC2-t3.medium,us-east-1,1.44756,165174.6,1
2026-02-10,Compute,EC2-t3.medium,us-west-2,5423.624400000001,3367722.5100000002,2
2026-02-10,Compute,EC2-t3.xlarge,UNKNOWN,2626.32,2287305.6,1
2026-02-10,Compute,EC2-t3.xlarge,ap-southeast-1,40.11,14110524.0,1
2026-02-10,Compute,EC2-t3.xlarge,eu-west-1,29.18424,5258969496.0,1
2026-02-10,Compute,GCE-n1-standard-2,UNKNOWN,23.402520000000003,45705.8,1
2026-02-10,Compute,GCE-n1-standard-2,asia-south1,616.7375999999999,60273715.8,2
2026-02-10,Compute,GCE-n1-standard-2,asia-southeast1,4917.780000000001,2788666.8,1
2026-02-10,Compute,GCE-n1-standard-4,europe-west1,19.65456,53185796.4,1
2026-02-10,Compute,GCE-n1-standard-4,us-central1,1310.64,72794700.0,1
2026-02-10,Compute,GCE-n1-standard-4,us-west1,21.79212,72398340.0,1
2026-02-10,Compute,GCE-n1-standard-8,asia-south1,1837.8176799999999,1285049.01,2
2026-02-10,Compute,GCE-n1-standard-8,asia-southeast1,164.78,6667.16,1
2026-02-10,Compute,GCE-n1-standard-8,us-central1,101.3364,19468440.0,1
2026-02-10,Compute,VM-Standard_D2s,centralindia,2365.08,146039832.0,1
2026-02-10,Compute,VM-Standard_D4s,canadacentral,2082.85,140235444.0,1
2026-02-10,Compute,VM-Standard_D4s,eastus,9.36588,1906654.8,1
2026-02-10,Compute,VM-Standard_D4s,southeastasia,4858.479600000001,291645349.8,3
2026-02-10,Compute,VM-Standard_D8s,canadacentral,759.3804,1926114.0,1
2026-02-10,Compute,VM-Standard_D8s,centralindia,41.80824,2202770.52,2
2026-02-10,Compute,VM-Standard_D8s,eastus,14.35284,20847927.32,2
2026-02-10,Compute,VM-Standard_D8s,westeurope,2539.8468000000003,36827.62,1
2026-02-10,Database,CloudSQL-db.standard-2,asia-south1,221.2024,3672290755.8,5
2026-02-10,Database,CloudSQL-db.standard-2,asia-southeast1,2430.345600000001,70371462.6,1
2026-02-10,Database,CloudSQL-db.standard-2,europe-west1,673.26176,3002973.8200000003,2
2026-02-10,Database,CloudSQL-db.standard-2,us-central1,19.97268,41844.87,1
2026-02-10,Database,CloudSQL-db.standard-2,us-west1,3859.474880000001,54266692.2,3
2026-02-10,Database,RDS-db.m5.large,UNKNOWN,23.016,86039676.0,1
2026-02-10,Database,RDS-db.m5.large,ap-south-1,4746.7534,4969557.54,3
2026-02-10,Database,RDS-db.m5.large,ap-southeast-1,2305.21,1394590.8,1
2026-02-10,Database,RDS-db.m5.large,eu-west-1,3138.13,7787256.699999999,3
2026-02-10,Database,RDS-db.m5.large,us-east-1,2.04132,38271.28,1
2026-02-10,Database,RDS-db.m5.large,us-west-2,6446.755,112387621.58,5
2026-02-10,Database,SQLDb-S2,canadacentral,2435.61156,92446627.11,3
2026-02-10,Database,SQLDb-S2,centralindia,5742.7646,280458890.75,4
2026-02-10,Database,SQLDb-S2,eastus,3773.76726,168664945.8,3
2026-02-10,Database,SQLDb-S2,westeurope,2561.6065,20696607.6,3
2026-02-10,Database,UNKNOWN,us-east-1,152.85,16535.76,1
2026-02-10,Database,UNKNOWN,us-west-2,722.7792000000001,14536.61,1
2026-02-10,Storage,Blob-Cool,canadacentral,35.0626,118.55489999999999,3
2026-02-10,Storage,Blob-Cool,southeastasia,3.44808,6.7798,2
2026-02-10,Storage,Blob-Cool,westeurope,4.48,2.6959,1
2026-02-10,Storage,Blob-Hot,eastus,31.752,0.7724,1
2026-02-10,Storage,Blob-Hot,southeastasia,136.6015,1720.44,2
2026-02-10,Storage,Blob-Hot,westeurope,19.7739,1989.78,1
2026-02-10,Storage,GCS-Nearline,asia-southeast1,4.29672,7270.83,3
2026-02-10,Storage,GCS-Nearline,europe-west1,343.1159,2.8087,1
2026-02-10,Storage,GCS-Nearline,us-central1,0.68496,3068.63,1
2026-02-10,Storage,GCS-Nearline,us-west1,58.143480000000004,1809.5934,3
2026-02-10,Storage,GCS-Standard,asia-south1,173.22,1.8544,1
2026-02-10,Storage,GCS-Standard,europe-west1,1.48392,2495.94,1
2026-02-10,Storage,GCS-Standard,us-west1,5.26,82.708,1
2026-02-10,Storage,S3-IA,ap-south-1,465.26340000000005,25739.012499999997,4
2026-02-10,Storage,S3-IA,eu-west-1,0.26484,519.98,1
2026-02-10,Storage,S3-IA,us-west-2,2837.8512,1804.79,1
2026-02-10,Storage,S3-Standard,UNKNOWN,573.8241,4820.37,1
2026-02-10,Storage,S3-Standard,ap-south-1,150.66,676.9938,3
2026-02-10,Storage,S3-Standard,ap-southeast-1,240.757,5496.8112,4
2026-02-10,Storage,S3-Standard,eu-west-1,170.5604,169.4667,2
2026-02-10,Storage,S3-Standard,us-east-1,0.2827199999999999,0.2523,1
2026-02-10,Storage,S3-Standard,us-west-2,721.835,9732.0048,4
2026-02-11,Compute,EC2-t3.large,ap-south-1,3797.5227999999997,51113.41,2
2026-02-11,Compute,EC2-t3.large,ap-southeast-1,25.932,2172895.2,1
2026-02-11,Compute,EC2-t3.large,us-east-1,4.60332,593875.8,1
2026-02-11,Compute,EC2-t3.medium,eu-west-1,5039.987999999999,179320161.6,2
2026-02-11,Compute,EC2-t3.xlarge,ap-south-1,3640.65,148338612.0,1
2026-02-11,Compute,EC2-t3.xlarge,eu-west-1,70.86,6236.89,1
2026-02-11,Compute,EC2-t3.xlarge,us-east-1,8818.0972,2867391.32,3
2026-02-11,Compute,EC2-t3.xlarge,us-west-2,3.30672,87108660.0,1
2026-02-11,Compute,GCE-n1-standard-2,asia-southeast1,6.327960000000001,2960322.6,1
2026-02-11,Compute,GCE-n1-standard-2,us-central1,475.2975,21605.42,1
2026-02-11,Compute,GCE-n1-standard-2,us-west1,865.0604999999999,30384360.0,1
2026-02-11,Compute,GCE-n1-standard-4,europe-west1,3813.93426,108176015.93,2
2026-02-11,Compute,GCE-n1-standard-4,us-west1,4.59312,154703844.0,1
2026-02-11,Compute,GCE-n1-standard-8,europe-west1,3678.78128,112478620.30000001,3
2026-02-11,Compute,GCE-n1-standard-8,us-west1,756.71672,3115746.0,2
2026-02-11,Compute,VM-Standard_D2s,southeastasia,15.93528,157580532.0,1
2026-02-11,Compute,VM-Standard_D4s,canadacentral,1024.8452,1033886.35,2
2026-02-11,Compute,VM-Standard_D4s,centralindia,2540.7493,30676.58,1
2026-02-11,Compute,VM-Standard_D4s,westeurope,2000.5704000000005,9018338.81,2
2026-02-11,Compute,VM-Standard_D8s,canadacentral,2792.3169,128788986.6,2
2026-02-11,Compute,VM-Standard_D8s,eastus,874.54,20002.98,1
2026-02-11,Database,CloudSQL-db.standard-2,asia-south1,1152.6118800000002,2065236.65,4
2026-02-11,Database,CloudSQL-db.standard-2,asia-southeast1,6581.4219,136399404.6,3
2026-02-11,Database,CloudSQL-db.standard-2,europe-west1,23.76552,21693167.240000002,4
2026-02-11,Database,CloudSQL-db.standard-2,us-central1,8546.983,55110910.2,3
2026-02-11,Database,CloudSQL-db.standard-2,us-west1,2052.7981,181091913.69,4
2026-02-11,Database,RDS-db.m5.large,ap-south-1,9907.539999999999,336999482.24,7
2026-02-11,Database,RDS-db.m5.large,ap-southeast-1,5410.5086,2036174.93,3
2026-02-11,Database,RDS-db.m5.large,eu-west-1,8797.5315,177769956.8,4
2026-02-11,Database,RDS-db.m5.large,us-west-2,3.15672,19548.48,1
2026-02-11,Database,SQLDb-S2,canadacentral,2688.5394,67921714.4,4
2026-02-11,Database,SQLDb-S2,centralindia,986.59,40511160.0,1
2026-02-11,Database,SQLDb-S2,eastus,1130.6520000000005,1205542.2,1
2026-02-11,Database,SQLDb-S2,southeastasia,5393.6328,5170113252.0,3
2026-02-11,Database,SQLDb-S2,westeurope,932.7528,964371.0,1
2026-02-11,Storage,Blob-Cool,UNKNOWN,40.21,1354.89,1
2026-02-11,Storage,Blob-Cool,canadacentral,0.81072,2853.04,1
2026-02-11,Storage,Blob-Cool,centralindia,116.40444,4105.411,2
2026-02-11,Storage,Blob-Cool,eastus,3.6449,313.86,1
2026-02-11,Storage,Blob-Cool,southeastasia,91.368,2957.49,1
2026-02-11,Storage,Blob-Cool,westeurope,0.8485199999999999,4272.12,1
2026-02-11,Storage,Blob-Hot,canadacentral,241.53920000000002,3587.7700000000004,2
2026-02-11,Storage,Blob-Hot,centralindia,50.50224,6876.25,2
2026-02-11,Storage,Blob-Hot,eastus,303.8922,4994.42,2
2026-02-11,Storage,Blob-Hot,southeastasia,23.0472,541.76,1
2026-02-11,Storage,Blob-Hot,westeurope,201.5388,6288.360000000001,2
2026-02-11,Storage,GCS-Nearline,asia-south1,0.8581200000000001,2892.43,1
2026-02-11,Storage,GCS-Nearline,asia-southeast1,51.3266,6235.98,2
2026-02-11,Storage,GCS-Nearline,europe-west1,225.9584,3.0082,1
2026-02-11,Storage,GCS-Nearline,us-central1,22.32,0.9979,1
2026-02-11,Storage,GCS-Standard,asia-southeast1,53.85,4.2035,1
2026-02-11,Storage,GCS-Standard,europe-west1,19.97304,160061.29,2
2026-02-11,Storage,S3-IA,ap-south-1,331.10612000000003,42228.59,3
2026-02-11,Storage,S3-IA,eu-west-1,201.58,79.5422,1
2026-02-11,Storage,S3-IA,us-west-2,2.6376000000000004,2623.23,1
2026-02-11,Storage,S3-Standard,ap-south-1,498.9708,4.8601,1
2026-02-11,Storage,S3-Standard,eu-west-1,135.34,2404.65,1
2026-02-11,Storage,S3-Standard,us-east-1,491.7567,4690.02,1
2026-02-11,Storage,S3-Standard,us-west-2,104.25692,6519.63,2
2026-02-11,Storage,UNKNOWN,canadacentral,157.4208,2.4083,1
2026-02-12,Compute,EC2-t3.large,ap-southeast-1,909.54,9289157.93,2
2026-02-12,Compute,EC2-t3.large,us-east-1,64.21368000000001,6293391.0,2
2026-02-12,Compute,EC2-t3.large,us-west-2,696.7877599999999,2911905.58,3
2026-02-12,Compute,EC2-t3.medium,ap-south-1,42.52296,2952089.4,1
2026-02-12,Compute,EC2-t3.medium,ap-southeast-1,183.28,25052940.0,1
2026-02-12,Compute,EC2-t3.medium,eu-west-1,9533.6547,44371274.0,3
2026-02-12,Compute,EC2-t3.medium,us-west-2,10.677,572407.8,1
2026-02-12,Compute,EC2-t3.xlarge,eu-west-1,2.739,96109416.0,1
2026-02-12,Compute,EC2-t3.xlarge,us-east-1,1806.57584,4844410.800000001,3
2026-02-12,Compute,EC2-t3.xlarge,us-west-2,2650.5609799999997,109069038.0,2
2026-02-12,Compute,GCE-n1-standard-2,asia-south1,6.8106,92217528.0,1
2026-02-12,Compute,GCE-n1-standard-2,europe-west1,22.33176,116853984.0,1
2026-02-12,Compute,GCE-n1-standard-2,us-west1,4.10652,7501.27,1
2026-02-12,Compute,GCE-n1-standard-4,asia-south1,32.289,122134386.62,2
2026-02-12,Compute,GCE-n1-standard-4,asia-southeast1,837.5,116763732.0,1
2026-02-12,Compute,GCE-n1-standard-4,us-central1,13.4556,199415938.2,3
2026-02-12,Compute,GCE-n1-standard-8,asia-south1,0.78396,2208.67,1
2026-02-12,Compute,GCE-n1-standard-8,asia-southeast1,16.3626,42941.41,1
2026-02-12,Compute,GCE-n1-standard-8,europe-west1,1.13904,530397396.0,1
2026-02-12,Compute,GCE-n1-standard-8,us-west1,20.86632,89275572.0,1
2026-02-12,Compute,VM-Standard_D2s,centralindia,376.91,7245.89,1
2026-02-12,Compute,VM-Standard_D2s,westeurope,1.08792,41069.76,1
2026-02-12,Compute,VM-Standard_D4s,canadacentral,1980.1908,1005257.3400000001,2
2026-02-12,Compute,VM-Standard_D8s,centralindia,1904.52,88059240.0,1
2026-02-12,Compute,VM-Standard_D8s,westeurope,3510.7668000000003,38682.78,1
2026-02-12,Database,CloudSQL-db.standard-2,asia-south1,973.06068,74386991.43,2
2026-02-12,Database,CloudSQL-db.standard-2,asia-southeast1,5217.25296,157637514.94,4
2026-02-12,Database,CloudSQL-db.standard-2,europe-west1,4.607760000000001,41163.86,1
2026-02-12,Database,CloudSQL-db.standard-2,us-central1,27.86712,2047477.6,2
2026-02-12,Database,RDS-db.m5.large,UNKNOWN,646.29,420908.4,1
2026-02-12,Database,RDS-db.m5.large,ap-south-1,7891.101,163122576.0,3
2026-02-12,Database,RDS-db.m5.large,ap-southeast-1,6239.3243,178324815.29,3
2026-02-12,Database,RDS-db.m5.large,eu-west-1,28.764,2410164.0,1
2026-02-12,Database,RDS-db.m5.large,us-east-1,69.23076,2083945.1099999999,2
2026-02-12,Database,RDS-db.m5.large,us-west-2,2331.4794399999996,1923309099.0,4
2026-02-12,Database,SQLDb-S2,UNKNOWN,5.4259200000000005,4780.11,1
2026-02-12,Database,SQLDb-S2,canadacentral,2648.9694,219952093.98000002,4
2026-02-12,Database,SQLDb-S2,centralindia,799.8582799999999,234223545.07,5
2026-02-12,Database,SQLDb-S2,eastus,4588.9037,48488.76,1
2026-02-12,Database,SQLDb-S2,southeastasia,5614.758,101089712.15,4
2026-02-12,Database,SQLDb-S2,westeurope,56.22672,157161966.0,3
2026-02-12,Database,UNKNOWN,ap-south-1,329.6031,277145.4,1
2026-02-12,Storage,Blob-Cool,canadacentral,2.3652,43.87,1
2026-02-12,Storage,Blob-Cool,centralindia,107.20080000000002,2360.7650000000003,2
2026-02-12,Storage,Blob-Cool,westeurope,163.91160000000002,2660.06,1
2026-02-12,Storage,Blob-Hot,canadacentral,303.19424000000004,1132.3969999999997,3
2026-02-12,Storage,Blob-Hot,centralindia,507.654,3904.4639,2
2026-02-12,Storage,Blob-Hot,eastus,443.23,4.3625,1
2026-02-12,Storage,Blob-Hot,southeastasia,0.5376,4.6352,1
2026-02-12,Storage,Blob-Hot,westeurope,3.27936,4.565,1
2026-02-12,Storage,GCS-Nearline,asia-south1,12.96,1.5624,1
2026-02-12,Storage,GCS-Nearline,europe-west1,33.860620000000004,2422.1434,3
2026-02-12,Storage,GCS-Standard,asia-south1,340.88,4215.14,1
2026-02-12,Storage,GCS-Standard,asia-southeast1,0.00132,4.47,1
2026-02-12,Storage,GCS-Standard,us-central1,115.0239,1.0536,1
2026-02-12,Storage,GCS-Standard,us-west1,59.081599999999995,3527.26,2
2026-02-12,Storage,S3-IA,ap-south-1,0.09516,2503.38,1
2026-02-12,Storage,S3-IA,ap-southeast-1,69.2658,108.6968,1
2026-02-12,Storage,S3-IA,us-west-2,4.20288,4400.92,1
2026-02-12,Storage,S3-Standard,UNKNOWN,0.4427999999999999,4.1374,1
2026-02-12,Storage,S3-Standard,ap-southeast-1,373.969,1963.6557,2
2026-02-12,Storage,S3-Standard,eu-west-1,7.92972,9.0437,2
2026-02-12,Storage,S3-Standard,us-east-1,455.72716,7348.3184,3
2026-02-12,Storage,S3-Standard,us-west-2,177.78,1942.37,1
2026-02-13,Compute,EC2-t3.large,ap-south-1,1621.409,13464.7,1
2026-02-13,Compute,EC2-t3.large,ap-southeast-1,1694.83404,59530651.96,3
2026-02-13,Compute,EC2-t3.large,us-east-1,1496.16116,38020.37,2
2026-02-13,Compute,EC2-t3.medium,ap-south-1,3.67176,46574568.0,1
2026-02-13,Compute,EC2-t3.medium,us-west-2,97.34,22856112.0,1
2026-02-13,Compute,EC2-t3.xlarge,UNKNOWN,944.1692,12208.17,2
2026-02-13,Compute,EC2-t3.xlarge,ap-south-1,1366.58,31521.66,1
2026-02-13,Compute,EC2-t3.xlarge,ap-southeast-1,101.68268,9386786.75,2
2026-02-13,Compute,EC2-t3.xlarge,us-west-2,477.62,101621844.0,1
2026-02-13,Compute,GCE-n1-standard-2,asia-southeast1,0.1253999999999999,2184.81,1
2026-02-13,Compute,GCE-n1-standard-2,europe-west1,6.06144,25013700.0,1
2026-02-13,Compute,GCE-n1-standard-2,us-central1,929.88,44180.28,1
2026-02-13,Compute,GCE-n1-standard-4,asia-southeast1,1785.4194,550350.65,2
2026-02-13,Compute,GCE-n1-standard-4,us-central1,2417.572,2101833.6,1
2026-02-13,Compute,GCE-n1-standard-8,asia-south1,-38.9448,108472811.35,3
2026-02-13,Compute,GCE-n1-standard-8,asia-southeast1,20.8368,1191712.8,1
2026-02-13,Compute,GCE-n1-standard-8,europe-west1,8.05608,2511076.2,1
2026-02-13,Compute,GCE-n1-standard-8,us-central1,1620.6048,41690.8,1
2026-02-13,Compute,UNKNOWN,ap-south-1,1899.2772,69512220.0,1
2026-02-13,Compute,VM-Standard_D2s,southeastasia,7.16124,7247.85,1
2026-02-13,Compute,VM-Standard_D2s,westeurope,2119.04,170571240.0,1
2026-02-13,Compute,VM-Standard_D4s,southeastasia,20.358000000000004,2384064.0,1
2026-02-13,Compute,VM-Standard_D4s,westeurope,6.65892,15626.48,1
2026-02-13,Database,CloudSQL-db.standard-2,asia-southeast1,538.2936,405666.44,2
2026-02-13,Database,CloudSQL-db.standard-2,europe-west1,1639.0236000000002,23534249.35,2
2026-02-13,Database,CloudSQL-db.standard-2,us-central1,544.1442,619218.0,1
2026-02-13,Database,CloudSQL-db.standard-2,us-west1,1156.5418,177934028.4,3
2026-02-13,Database,RDS-db.m5.large,UNKNOWN,16.445040000000002,2190409.16,2
2026-02-13,Database,RDS-db.m5.large,ap-south-1,968.78,2310068.4,1
2026-02-13,Database,RDS-db.m5.large,ap-southeast-1,2934.06284,209556297.6,5
2026-02-13,Database,RDS-db.m5.large,eu-west-1,1046.80716,545070.5700000001,2
2026-02-13,Database,RDS-db.m5.large,us-east-1,3861.94166,2836766.6900000004,5
2026-02-13,Database,RDS-db.m5.large,us-west-2,1981.15,161723185.43,2
2026-02-13,Database,SQLDb-S2,UNKNOWN,170.0784,42742512.0,1
2026-02-13,Database,SQLDb-S2,canadacentral,3277.562400000001,195640632.0,2
2026-02-13,Database,SQLDb-S2,centralindia,2216.6072,2353344.0,1
2026-02-13,Database,SQLDb-S2,eastus,1771.02068,2895503.34,3
2026-02-13,Database,SQLDb-S2,southeastasia,5807.72,211058640.0,2
2026-02-13,Database,SQLDb-S2,westeurope,2573.2188,2163650.4,1
2026-02-13,Storage,Blob-Cool,canadacentral,178.3816,699.9953999999999,3
2026-02-13,Storage,Blob-Cool,centralindia,81.11880000000001,3393.26,1
2026-02-13,Storage,Blob-Cool,eastus,0.23664,0.197,1
2026-02-13,Storage,Blob-Cool,southeastasia,501.8659,788.2423,2
2026-02-13,Storage,Blob-Cool,westeurope,120.66058000000001,3753.98,3
2026-02-13,Storage,Blob-Hot,canadacentral,646.1645,8975.7291,3
2026-02-13,Storage,Blob-Hot,centralindia,387.9403,3924.6725,3
2026-02-13,Storage,Blob-Hot,eastus,186.6562,6704.663500000001,4
2026-02-13,Storage,Blob-Hot,southeastasia,61.068000000000005,583.4356,3
2026-02-13,Storage,Blob-Hot,westeurope,498.53152,2693.6164,3
2026-02-13,Storage,GCS-Nearline,asia-south1,2.5776000000000003,2.4701,1
2026-02-13,Storage,GCS-Nearline,asia-southeast1,63.8172,2567.2441,2
2026-02-13,Storage,GCS-Nearline,europe-west1,236.61064000000002,2469.2398000000003,3
2026-02-13,Storage,GCS-Standard,UNKNOWN,0.99168,1.3128,1
2026-02-13,Storage,GCS-Standard,asia-south1,76.56968,582.5500000000001,2
2026-02-13,Storage,GCS-Standard,asia-southeast1,75.0697,965.09,1
2026-02-13,Storage,GCS-Standard,europe-west1,40.1,651.3,2
2026-02-13,Storage,GCS-Standard,us-west1,5.22168,105279.9298,2
2026-02-13,Storage,S3-IA,UNKNOWN,262.4832,3102.31,1
2026-02-13,Storage,S3-IA,eu-west-1,0.29232,1094.73,1
2026-02-13,Storage,S3-IA,us-east-1,323.6924,2987.5148,3
2026-02-13,Storage,S3-IA,us-west-2,80.87884,4953.198,4
2026-02-13,Storage,S3-Standard,eu-west-1,2.3169600000000004,4082.91,1
2026-02-13,Storage,S3-Standard,us-east-1,64.8716,1.1708,1
2026-02-13,Storage,S3-Standard,us-west-2,21.17,3502.57,1
2026-02-14,Compute,EC2-t3.large,ap-southeast-1,2506.89,43534.89,1
2026-02-14,Compute,EC2-t3.medium,ap-southeast-1,336.49,462179.4,1
2026-02-14,Compute,EC2-t3.medium,eu-west-1,2955.60612,968853.0499999999,2
2026-02-14,Compute,EC2-t3.medium,us-east-1,2329.3069,106008368.02,2
2026-02-14,Compute,EC2-t3.xlarge,ap-south-1,4011.51,172383984.0,1
2026-02-14,Compute,EC2-t3.xlarge,ap-southeast-1,1481.31,121399716.04,2
2026-02-14,Compute,EC2-t3.xlarge,eu-west-1,2706.02,49697.55,1
2026-02-14,Compute,EC2-t3.xlarge,us-west-2,389.15,33660072.0,1
2026-02-14,Compute,GCE-n1-standard-2,asia-southeast1,13.63872,79264656.0,1
2026-02-14,Compute,GCE-n1-standard-2,us-west1,1881.63,33324.64,1
2026-02-14,Compute,GCE-n1-standard-4,asia-south1,27.28488,46902.28,1
2026-02-14,Compute,GCE-n1-standard-4,asia-southeast1,38.18124,1034559.6200000001,3
2026-02-14,Compute,GCE-n1-standard-4,europe-west1,8.532,73905732.0,1
2026-02-14,Compute,GCE-n1-standard-8,asia-southeast1,14.88768,1260575.4,1
2026-02-14,Compute,GCE-n1-standard-8,us-west1,46.43088,39564.28,1
2026-02-14,Compute,VM-Standard_D2s,canadacentral,311.202,621729.6,1
2026-02-14,Compute,VM-Standard_D2s,centralindia,2593.0692,1879414.2,1
2026-02-14,Compute,VM-Standard_D2s,eastus,1635.1,24907.34,1
2026-02-14,Compute,VM-Standard_D4s,UNKNOWN,4432.611600000001,2972094.0,1
2026-02-14,Compute,VM-Standard_D4s,westeurope,32.36772,2370800.4,1
2026-02-14,Compute,VM-Standard_D8s,canadacentral,65.3292,27680411.4,1
2026-02-14,Compute,VM-Standard_D8s,centralindia,2069.361,103986266.4,3
2026-02-14,Compute,VM-Standard_D8s,westeurope,3820.8174000000004,63135617.4,2
2026-02-14,Database,CloudSQL-db.standard-2,UNKNOWN,14.16516,47402.78,1
2026-02-14,Database,CloudSQL-db.standard-2,asia-south1,8562.515,78051825.09,4
2026-02-14,Database,CloudSQL-db.standard-2,asia-southeast1,2308.7711,2483802.0,1
2026-02-14,Database,CloudSQL-db.standard-2,europe-west1,75.43032,244967040.0,2
2026-02-14,Database,CloudSQL-db.standard-2,us-central1,459.19356,180548469.6,3
2026-02-14,Database,CloudSQL-db.standard-2,us-west1,47.792159999999996,21419507.07,2
2026-02-14,Database,RDS-db.m5.large,UNKNOWN,7.66092,16422.53,1
2026-02-14,Database,RDS-db.m5.large,ap-south-1,751.0278,378210416.08,5
2026-02-14,Database,RDS-db.m5.large,ap-southeast-1,4291.16,165922128.0,1
2026-02-14,Database,RDS-db.m5.large,eu-west-1,868.6872000000001,12874.44,1
2026-02-14,Database,RDS-db.m5.large,us-east-1,52.02864,2843524.8,2
2026-02-14,Database,RDS-db.m5.large,us-west-2,608.22,25079.25,1
2026-02-14,Database,SQLDb-S2,canadacentral,1072.11288,321345123.36,7
2026-02-14,Database,SQLDb-S2,eastus,1809.6264,50940156.56,2
2026-02-14,Database,UNKNOWN,asia-south1,21.06144,20537.61,1
2026-02-14,Storage,Blob-Cool,UNKNOWN,4.38504,4.3581,1
2026-02-14,Storage,Blob-Cool,canadacentral,284.20200000000006,3653.12,2
2026-02-14,Storage,Blob-Cool,centralindia,0.5980800000000001,2069.6,1
2026-02-14,Storage,Blob-Cool,eastus,271.62,3558.14,1
2026-02-14,Storage,Blob-Cool,westeurope,0.44244,2.7651,1
2026-02-14,Storage,Blob-Hot,canadacentral,0.5775600000000001,14.9779,1
2026-02-14,Storage,Blob-Hot,southeastasia,229.4568,5446.06,2
2026-02-14,Storage,Blob-Hot,westeurope,141.1986,1894.41,1
2026-02-14,Storage,GCS-Nearline,asia-south1,170.9754,2426.8785000000003,3
2026-02-14,Storage,GCS-Nearline,asia-southeast1,243.594,3.9469,1
2026-02-14,Storage,GCS-Nearline,europe-west1,162.486,3387.1621,2
2026-02-14,Storage,GCS-Nearline,us-central1,59.184,3.8604,2
2026-02-14,Storage,GCS-Nearline,us-west1,0.19212,1449.42,1
2026-02-14,Storage,GCS-Standard,us-west1,55.44144,3.2933,1
2026-02-14,Storage,S3-IA,UNKNOWN,81.98,13297.78,2
2026-02-14,Storage,S3-IA,ap-south-1,370.56440000000003,1125.529,3
2026-02-14,Storage,S3-IA,eu-west-1,5.40996,5108.6834,3
2026-02-14,Storage,S3-IA,us-east-1,27.0547,503.90999999999997,2
2026-02-14,Storage,S3-Standard,ap-southeast-1,35.662800000000004,391.8175,2
2026-02-14,Storage,S3-Standard,eu-west-1,4.29588,3041.4683,4
2026-02-14,Storage,S3-Standard,us-west-2,539.1768999999999,9504.58,3
2026-02-14,Storage,UNKNOWN,eu-west-1,-0.97404,4.4228,1
2026-02-14,Storage,UNKNOWN,westeurope,0.4302,2466.43,1
2026-02-15,Compute,EC2-t3.large,ap-south-1,1122.7332000000001,138716794.9,3
2026-02-15,Compute,EC2-t3.large,eu-west-1,4843.57,167789648.06,2
2026-02-15,Compute,EC2-t3.large,us-east-1,7.96524,2887568.4,1
2026-02-15,Compute,EC2-t3.large,us-west-2,35.36112000000001,41819.1,2
2026-02-15,Compute,EC2-t3.medium,ap-south-1,1519.4952,29575.66,1
2026-02-15,Compute,EC2-t3.medium,ap-southeast-1,13.18128,41872536.0,1
2026-02-15,Compute,EC2-t3.medium,us-east-1,1341.6026000000002,15794.83,1
2026-02-15,Compute,EC2-t3.medium,us-west-2,29.38788,3431046.6,2
2026-02-15,Compute,EC2-t3.xlarge,UNKNOWN,1103.35,36549.01,1
2026-02-15,Compute,EC2-t3.xlarge,ap-southeast-1,2584.8691,32411.32,1
2026-02-15,Compute,EC2-t3.xlarge,us-west-2,2893.11,29832.37,1
2026-02-15,Compute,GCE-n1-standard-2,europe-west1,6886.576800000001,282856464.0,3
2026-02-15,Compute,GCE-n1-standard-2,us-central1,5421.3887,164697804.0,1
2026-02-15,Compute,GCE-n1-standard-4,asia-southeast1,230.85240000000002,2003732.05,2
2026-02-15,Compute,GCE-n1-standard-4,us-central1,40.65168,144404198.4,2
2026-02-15,Compute,GCE-n1-standard-8,asia-south1,941.8032,143030664.0,1
2026-02-15,Compute,GCE-n1-standard-8,asia-southeast1,6.855840000000001,10273.16,1
2026-02-15,Compute,GCE-n1-standard-8,us-central1,2936.4012,102644352.0,1
2026-02-15,Compute,GCE-n1-standard-8,us-west1,81.4,64861.2,1
2026-02-15,Compute,UNKNOWN,eastus,1749.0384,29779.29,1
2026-02-15,Compute,UNKNOWN,us-west-2,580.57,46778.4,1
2026-02-15,Compute,VM-Standard_D2s,UNKNOWN,27.83544,41082.91,1
2026-02-15,Compute,VM-Standard_D2s,canadacentral,110.6028,1542591.6,1
2026-02-15,Compute,VM-Standard_D2s,southeastasia,51.28,35292014.96,2
2026-02-15,Compute,VM-Standard_D4s,UNKNOWN,21.2892,38512.27,1
2026-02-15,Compute,VM-Standard_D4s,canadacentral,10.41408,39269232.0,1
2026-02-15,Compute,VM-Standard_D4s,eastus,3213.97,39675.05,1
2026-02-15,Compute,VM-Standard_D4s,southeastasia,867.89896,45024216.39,2
2026-02-15,Compute,VM-Standard_D8s,centralindia,39.6576,9723384.0,1
2026-02-15,Compute,VM-Standard_D8s,westeurope,4035.68,172975464.0,1
2026-02-15,Database,CloudSQL-db.standard-2,UNKNOWN,178.5747,30809016.0,1
2026-02-15,Database,CloudSQL-db.standard-2,asia-south1,1025.0780399999999,54585089.28,4
2026-02-15,Database,CloudSQL-db.standard-2,asia-southeast1,200.04,37609920.0,1
2026-02-15,Database,CloudSQL-db.standard-2,europe-west1,4641.41648,147091393.47,4
2026-02-15,Database,CloudSQL-db.standard-2,us-central1,9.85872,1514902.2,2
2026-02-15,Database,CloudSQL-db.standard-2,us-west1,213.9744,32586646.8,2
2026-02-15,Database,RDS-db.m5.large,ap-south-1,3550.1919,2224819.92,3
2026-02-15,Database,RDS-db.m5.large,ap-southeast-1,1291.8852,247555746.0,3
2026-02-15,Database,RDS-db.m5.large,eu-west-1,1095.0423600000001,27873202.83,2
2026-02-15,Database,RDS-db.m5.large,us-east-1,767.0736,59221562.93,2
2026-02-15,Database,RDS-db.m5.large,us-west-2,366.78927999999996,176939328.4,4
2026-02-15,Database,SQLDb-S2,centralindia,6937.004000000001,334817748.26,4
2026-02-15,Database,SQLDb-S2,eastus,0.0,1412892.0,1
2026-02-15,Database,SQLDb-S2,southeastasia,1742.094,97686576.0,1
2026-02-15,Database,SQLDb-S2,westeurope,4.95492,41182.16,1
2026-02-15,Storage,Blob-Cool,eastus,379.79280000000006,4.3525,1
2026-02-15,Storage,Blob-Cool,westeurope,368.02700000000004,1416.5342,2
2026-02-15,Storage,Blob-Hot,canadacentral,3234.9456000000005,4079.7,1
2026-02-15,Storage,Blob-Hot,eastus,505.7748,4843.88,1
2026-02-15,Storage,Blob-Hot,southeastasia,842.0436,8.6522,2
2026-02-15,Storage,Blob-Hot,westeurope,17.3448,295.58,2
2026-02-15,Storage,GCS-Nearline,asia-southeast1,135.37,2.4792,1
2026-02-15,Storage,GCS-Nearline,us-central1,356.9508,3856.69,1
2026-02-15,Storage,GCS-Standard,asia-southeast1,0.8931600000000001,1294.2,1
2026-02-15,Storage,GCS-Standard,us-west1,2.4554400000000003,4412.24,1
2026-02-15,Storage,S3-IA,UNKNOWN,160.73952,1432.3521999999998,3
2026-02-15,Storage,S3-IA,ap-south-1,268.0589,2.5895,1
2026-02-15,Storage,S3-IA,us-east-1,53.65354000000001,1725.91,4
2026-02-15,Storage,S3-IA,us-west-2,5.03868,3105.4342,2
2026-02-15,Storage,S3-Standard,ap-south-1,21.47604,8957.2186,4
2026-02-15,Storage,S3-Standard,ap-southeast-1,0.33156,3974.46,1
2026-02-15,Storage,S3-Standard,us-west-2,0.7935599999999999,2408.09,1
2026-02-16,Compute,EC2-t3.large,ap-south-1,1937.16,2206632.6,1
2026-02-16,Compute,EC2-t3.large,ap-southeast-1,799.9236,46101996.0,1
2026-02-16,Compute,EC2-t3.large,eu-west-1,-32.19096,2904451.8,1
2026-02-16,Compute,EC2-t3.large,us-east-1,1063.4726,61131852.0,2
2026-02-16,Compute,EC2-t3.medium,ap-south-1,3275.7912,118490184.0,1
2026-02-16,Compute,EC2-t3.medium,us-west-2,2.904,1512472.8,1
2026-02-16,Compute,EC2-t3.xlarge,ap-southeast-1,2658.5939799999996,9697480.600000001,4
2026-02-16,Compute,EC2-t3.xlarge,eu-west-1,400.89032,784780.88,3
2026-02-16,Compute,GCE-n1-standard-2,asia-south1,121.09,24446448.0,1
2026-02-16,Compute,GCE-n1-standard-2,europe-west1,1812.5572399999999,69880257.66,3
2026-02-16,Compute,GCE-n1-standard-2,us-central1,1.857,157308120.0,1
2026-02-16,Compute,GCE-n1-standard-2,us-west1,656.33044,168152059.36,3
2026-02-16,Compute,GCE-n1-standard-4,asia-south1,24.8466,158778396.0,1
2026-02-16,Compute,GCE-n1-standard-4,asia-southeast1,3610.60944,148778867.04,2
2026-02-16,Compute,GCE-n1-standard-4,us-central1,24.42636,13905.4,1
2026-02-16,Compute,GCE-n1-standard-8,asia-south1,1793.0,2480304.6,1
2026-02-16,Compute,GCE-n1-standard-8,asia-southeast1,3.81264,174216528.0,2
2026-02-16,Compute,GCE-n1-standard-8,us-central1,0.6055200000000001,13213656.0,1
2026-02-16,Compute,GCE-n1-standard-8,us-west1,9.17064,5322126.0,2
2026-02-16,Compute,VM-Standard_D2s,southeastasia,5.42532,283050.0,1
2026-02-16,Compute,VM-Standard_D4s,canadacentral,740.2536,3397838400.0,1
2026-02-16,Compute,VM-Standard_D4s,southeastasia,587.4228,44255.31,1
2026-02-16,Compute,VM-Standard_D4s,westeurope,2525.0724,298472.35,2
2026-02-16,Compute,VM-Standard_D8s,westeurope,11078.097600000001,463651200.0,3
2026-02-16,Database,CloudSQL-db.standard-2,asia-south1,30.44532,49274.159999999996,2
2026-02-16,Database,CloudSQL-db.standard-2,asia-southeast1,2883.06016,205429356.0,2
2026-02-16,Database,CloudSQL-db.standard-2,europe-west1,37.778639999999996,216127365.45,3
2026-02-16,Database,CloudSQL-db.standard-2,us-central1,690.1956000000001,45366.12,1
2026-02-16,Database,CloudSQL-db.standard-2,us-west1,248.92632,115260673.2,2
2026-02-16,Database,RDS-db.m5.large,UNKNOWN,794.9448,13912.6,1
2026-02-16,Database,RDS-db.m5.large,ap-south-1,4356.09,115339228.8,2
2026-02-16,Database,RDS-db.m5.large,ap-southeast-1,1084.3514,654819.0,1
2026-02-16,Database,RDS-db.m5.large,eu-west-1,4207.362580000001,145630518.41,3
2026-02-16,Database,RDS-db.m5.large,us-east-1,4068.28568,4615386.0,3
2026-02-16,Database,RDS-db.m5.large,us-west-2,493.77,24982.17,1
2026-02-16,Database,SQLDb-S2,canadacentral,392.17856,194636808.0,2
2026-02-16,Database,SQLDb-S2,centralindia,3388.7762000000002,4275330.99,4
2026-02-16,Database,SQLDb-S2,eastus,6163.49526,342763543.46000004,6
2026-02-16,Database,SQLDb-S2,southeastasia,2061.5968,281244705.5,3
2026-02-16,Database,SQLDb-S2,westeurope,339.1632,20369736.0,1
2026-02-16,Database,UNKNOWN,southeastasia,83.47710000000001,667546.23,1
2026-02-16,Storage,Blob-Cool,canadacentral,82.19,0.9184,1
2026-02-16,Storage,Blob-Cool,centralindia,1.278,1992.35,1
2026-02-16,Storage,Blob-Cool,eastus,2.31156,1.9725,1
2026-02-16,Storage,Blob-Cool,southeastasia,302.43,71.7857,1
2026-02-16,Storage,Blob-Cool,westeurope,238.7664,2719.7521,2
2026-02-16,Storage,Blob-Hot,canadacentral,93.3984,1318.61,1
2026-02-16,Storage,Blob-Hot,centralindia,341.94870000000003,3672.28,2
2026-02-16,Storage,Blob-Hot,eastus,188.49952000000002,19.3546,4
2026-02-16,Storage,Blob-Hot,southeastasia,95.6232,1.5102,1
2026-02-16,Storage,Blob-Hot,westeurope,340.5996,3.4393,1
2026-02-16,Storage,GCS-Nearline,asia-south1,54.9,7318.4899,3
2026-02-16,Storage,GCS-Nearline,asia-southeast1,1.7643600000000002,3.2032,1
2026-02-16,Storage,GCS-Nearline,europe-west1,26.9,0.4223,1
2026-02-16,Storage,GCS-Nearline,us-central1,183.0168,2571.49,2
2026-02-16,Storage,GCS-Nearline,us-west1,1.7754,4.0344,1
2026-02-16,Storage,GCS-Standard,asia-south1,207.14764,6330.985299999999,4
2026-02-16,Storage,GCS-Standard,asia-southeast1,97.1785,936.2737,2
2026-02-16,Storage,GCS-Standard,us-west1,2.92992,2494.76,1
2026-02-16,Storage,S3-IA,ap-south-1,1.88604,3617.61,1
2026-02-16,Storage,S3-IA,eu-west-1,2.86512,7.2292,2
2026-02-16,Storage,S3-IA,us-east-1,503.45648,3517.3343999999997,4
2026-02-16,Storage,S3-IA,us-west-2,59.1,1035.68,1
2026-02-16,Storage,S3-Standard,ap-south-1,334.72576,4502.3205,2
2026-02-16,Storage,S3-Standard,eu-west-1,182.33,2705.8127,3
2026-02-16,Storage,S3-Standard,us-east-1,1.4448,4234.99,1
2026-02-17,Compute,EC2-t3.large,ap-southeast-1,206.8,33754356.0,1
2026-02-17,Compute,EC2-t3.large,us-east-1,829.1068,580489.2,1
2026-02-17,Compute,EC2-t3.large,us-west-2,6068.555300000001,140755428.0,1
2026-02-17,Compute,EC2-t3.medium,us-east-1,1447.5084000000002,42799851.46,2
2026-02-17,Compute,EC2-t3.medium,us-west-2,121.77,155280348.0,1
2026-02-17,Compute,EC2-t3.xlarge,ap-south-1,2258.82,1970433.6,2
2026-02-17,Compute,EC2-t3.xlarge,eu-west-1,349.88084,97940625.07000001,3
2026-02-17,Compute,EC2-t3.xlarge,us-east-1,1997.8272,43857.07,1
2026-02-17,Compute,EC2-t3.xlarge,us-west-2,294.33,13564.28,1
2026-02-17,Compute,GCE-n1-standard-2,asia-south1,4494.698280000001,7766193458.4,2
2026-02-17,Compute,GCE-n1-standard-2,us-central1,54.8544,77259466.07,2
2026-02-17,Compute,GCE-n1-standard-4,europe-west1,2906.0544,108554739.6,2
2026-02-17,Compute,GCE-n1-standard-4,us-central1,422.44295999999997,60907093.8,2
2026-02-17,Compute,GCE-n1-standard-8,europe-west1,535.4828,47332512.0,1
2026-02-17,Compute,GCE-n1-standard-8,us-central1,30.93276,1632199.8,1
2026-02-17,Compute,UNKNOWN,europe-west1,22.34652,23041.91,1
2026-02-17,Compute,VM-Standard_D2s,westeurope,18.43584,145940616.0,1
2026-02-17,Compute,VM-Standard_D4s,canadacentral,3849.02654,866081.03,4
2026-02-17,Compute,VM-Standard_D4s,eastus,3575.1389000000004,2415697.2,1
2026-02-17,Compute,VM-Standard_D4s,southeastasia,184.5691,61752060.0,1
2026-02-17,Compute,VM-Standard_D8s,UNKNOWN,30.09792,113096052.0,1
2026-02-17,Compute,VM-Standard_D8s,canadacentral,5.9706,311785.2,1
2026-02-17,Compute,VM-Standard_D8s,centralindia,963.48,36389969.17,2
2026-02-17,Compute,VM-Standard_D8s,eastus,4118.472000000001,2632633.8,1
2026-02-17,Compute,VM-Standard_D8s,southeastasia,3.95652,1599659.4,2
2026-02-17,Database,CloudSQL-db.standard-2,asia-south1,196.44,3110.28,1
2026-02-17,Database,CloudSQL-db.standard-2,asia-southeast1,1736.35304,122141441.62,2
2026-02-17,Database,CloudSQL-db.standard-2,europe-west1,1104.63064,41197041.63,2
2026-02-17,Database,CloudSQL-db.standard-2,us-central1,46.03452,117300136.53,2
2026-02-17,Database,RDS-db.m5.large,ap-south-1,63.69984000000001,39721093.849999994,3
2026-02-17,Database,RDS-db.m5.large,ap-southeast-1,5027.0918,206611363.8,3
2026-02-17,Database,RDS-db.m5.large,eu-west-1,7.079280000000001,11048.55,1
2026-02-17,Database,RDS-db.m5.large,us-east-1,6386.18724,121064824.24,4
2026-02-17,Database,RDS-db.m5.large,us-west-2,4745.062400000001,130477294.66,3
2026-02-17,Database,SQLDb-S2,canadacentral,3491.8668,169169.24,2
2026-02-17,Database,SQLDb-S2,centralindia,2631.9168000000004,91712952.0,1
2026-02-17,Database,SQLDb-S2,southeastasia,580.54,25545924.0,1
2026-02-17,Database,SQLDb-S2,westeurope,4668.4821,155736662.64,6
2026-02-17,Database,UNKNOWN,us-east-1,48.83928,48717.32,1
2026-02-17,Storage,Blob-Cool,UNKNOWN,96.82200000000002,1094.78,1
2026-02-17,Storage,Blob-Cool,canadacentral,88.72200000000001,4691.016,2
2026-02-17,Storage,Blob-Cool,centralindia,272.504,5711.360000000001,2
2026-02-17,Storage,Blob-Cool,eastus,236.89968,5400.46,2
2026-02-17,Storage,Blob-Cool,southeastasia,159.0176,7.120100000000001,2
2026-02-17,Storage,Blob-Cool,westeurope,8.65276,2045.414,2
2026-02-17,Storage,Blob-Hot,canadacentral,197.88935999999998,113.6206,2
2026-02-17,Storage,Blob-Hot,centralindia,37.400400000000005,4.8825,1
2026-02-17,Storage,GCS-Nearline,asia-south1,412.1491,2760.9142,2
2026-02-17,Storage,GCS-Nearline,us-west1,33.7566,1572.07,1
2026-02-17,Storage,GCS-Standard,asia-southeast1,241.77641999999997,4776.7388,2
2026-02-17,Storage,GCS-Standard,europe-west1,2.38836,2.8761,2
2026-02-17,Storage,GCS-Standard,us-central1,2.7849600000000003,1044.7375,2
2026-02-17,Storage,GCS-Standard,us-west1,0.84384,2.5883000000000003,2
2026-02-17,Storage,S3-IA,ap-south-1,2.04708,2.8383,1
2026-02-17,Storage,S3-IA,ap-southeast-1,194.04431999999997,9577.515,4
2026-02-17,Storage,S3-IA,eu-west-1,0.8470799999999999,1833.43,2
2026-02-17,Storage,S3-IA,us-east-1,0.8316,65.8941,1
2026-02-17,Storage,S3-IA,us-west-2,203.1873,2.9575,1
2026-02-17,Storage,S3-Standard,UNKNOWN,3.31,0.4547,1
2026-02-17,Storage,S3-Standard,ap-south-1,0.0,2878.76,1
2026-02-17,Storage,S3-Standard,us-east-1,410.7434,3422.82,1
2026-02-18,Compute,EC2-t3.large,ap-south-1,1015.43,12124.71,1
2026-02-18,Compute,EC2-t3.large,ap-southeast-1,11.28,28151892.0,1
2026-02-18,Compute,EC2-t3.large,us-east-1,4.7226,160736616.0,1
2026-02-18,Compute,EC2-t3.large,us-west-2,1897.06,34674.88,1
2026-02-18,Compute,EC2-t3.medium,UNKNOWN,10.64028,2595931.8,1
2026-02-18,Compute,EC2-t3.medium,ap-south-1,3.14472,3968144.4,1
2026-02-18,Compute,EC2-t3.medium,us-east-1,4512.33884,223485372.0,2
2026-02-18,Compute,EC2-t3.medium,us-west-2,5.54304,46352160.0,1
2026-02-18,Compute,EC2-t3.xlarge,ap-southeast-1,2098.35,112325004.0,1
2026-02-18,Compute,EC2-t3.xlarge,us-east-1,5277.15,153588997.28,2
2026-02-18,Compute,GCE-n1-standard-2,asia-south1,13.755,2465846208.0,1
2026-02-18,Compute,GCE-n1-standard-2,asia-southeast1,374.98,946540.2,1
2026-02-18,Compute,GCE-n1-standard-2,europe-west1,11.52612,32788.31,1
2026-02-18,Compute,GCE-n1-standard-2,us-west1,1.03236,3459.18,1
2026-02-18,Compute,GCE-n1-standard-4,us-central1,18.89052,1317134.4,1
2026-02-18,Compute,GCE-n1-standard-4,us-west1,2062.9728,168308640.0,2
2026-02-18,Compute,GCE-n1-standard-8,us-central1,26.99544,81991188.0,1
2026-02-18,Compute,GCE-n1-standard-8,us-west1,41.830920000000006,144151005.97,2
2026-02-18,Compute,VM-Standard_D2s,canadacentral,14.368800000000002,1673490.0,1
2026-02-18,Compute,VM-Standard_D2s,eastus,0.3318,53898876.0,1
2026-02-18,Compute,VM-Standard_D4s,canadacentral,520.6356000000001,338352.0,1
2026-02-18,Compute,VM-Standard_D4s,centralindia,2011.3812000000003,56584.79000000001,2
2026-02-18,Compute,VM-Standard_D4s,southeastasia,4622.097600000001,2754472.8,1
2026-02-18,Compute,VM-Standard_D4s,westeurope,2209.5504,31481.63,1
2026-02-18,Compute,VM-Standard_D8s,eastus,206.2,48341736.0,2
2026-02-18,Compute,VM-Standard_D8s,westeurope,90.34,248796.0,2
2026-02-18,Database,CloudSQL-db.standard-2,UNKNOWN,837.4644,87798612.6,1
2026-02-18,Database,CloudSQL-db.standard-2,asia-south1,316.7899,223548090.01,3
2026-02-18,Database,CloudSQL-db.standard-2,asia-southeast1,32.96004,147517740.0,1
2026-02-18,Database,CloudSQL-db.standard-2,us-central1,71.75399999999999,181010987.71,4
2026-02-18,Database,CloudSQL-db.standard-2,us-west1,188.21136,31036319.62,2
2026-02-18,Database,RDS-db.m5.large,UNKNOWN,5543.823600000001,149528679.6,2
2026-02-18,Database,RDS-db.m5.large,ap-south-1,-274.4551200000001,49006899.3,6
2026-02-18,Database,RDS-db.m5.large,ap-southeast-1,0.0,1674468.0,1
2026-02-18,Database,RDS-db.m5.large,eu-west-1,1232.6148,1775218.8,1
2026-02-18,Database,RDS-db.m5.large,us-east-1,2746.7762,80764633.8,3
2026-02-18,Database,RDS-db.m5.large,us-west-2,3264.4057199999997,129361872.72999999,6
2026-02-18,Database,SQLDb-S2,UNKNOWN,176.4792,3329.5,2
2026-02-18,Database,SQLDb-S2,canadacentral,140.52394,155891000.25,3
2026-02-18,Database,SQLDb-S2,centralindia,3049.4,162510552.0,1
2026-02-18,Database,SQLDb-S2,eastus,5582.0848,24217935.69,3
2026-02-18,Database,SQLDb-S2,southeastasia,335.96088000000003,115314784.80000001,3
2026-02-18,Database,SQLDb-S2,westeurope,2496.4898,109532376.0,1
2026-02-18,Storage,Blob-Cool,canadacentral,775.12444,294177.6151,6
2026-02-18,Storage,Blob-Cool,centralindia,17.01396,7.3771,2
2026-02-18,Storage,Blob-Cool,eastus,731.0628000000002,2016.2374,2
2026-02-18,Storage,Blob-Cool,southeastasia,2532.0856,3295.46,2
2026-02-18,Storage,Blob-Hot,UNKNOWN,38.178,944.71,1
2026-02-18,Storage,Blob-Hot,canadacentral,468.71848,5724.507600000001,3
2026-02-18,Storage,Blob-Hot,centralindia,434.774,59778.369999999995,3
2026-02-18,Storage,Blob-Hot,eastus,131.7708,4963.07,1
2026-02-18,Storage,GCS-Nearline,asia-south1,77.92200000000001,1463.87,1
2026-02-18,Storage,GCS-Nearline,asia-southeast1,4.4682,4562.75,2
2026-02-18,Storage,GCS-Nearline,us-west1,49.82,3512.57,1
2026-02-18,Storage,GCS-Standard,asia-south1,-7.958499999999999,6859.6747,3
2026-02-18,Storage,GCS-Standard,europe-west1,72.01,4194.88,1
2026-02-18,Storage,GCS-Standard,us-central1,2.559,810.5046,2
2026-02-18,Storage,GCS-Standard,us-west1,0.50664,470.37,1
2026-02-18,Storage,S3-IA,ap-south-1,50.392320000000005,6.456799999999999,4
2026-02-18,Storage,S3-IA,ap-southeast-1,0.37668,0.3897,1
2026-02-18,Storage,S3-IA,eu-west-1,185.81690000000003,3726.9869000000003,3
2026-02-18,Storage,S3-IA,us-east-1,0.30936,4967.67,1
2026-02-18,Storage,S3-Standard,ap-south-1,165.21208000000001,4969.7898,4
2026-02-18,Storage,S3-Standard,ap-southeast-1,5.4855599999999995,2649.1516,2
2026-02-18,Storage,UNKNOWN,eastus,130.7124,2638.48,1
2026-02-19,Compute,EC2-t3.large,ap-southeast-1,565.6961,8946.73,1
2026-02-19,Compute,EC2-t3.large,eu-west-1,16.272599999999997,39957.020000000004,2
2026-02-19,Compute,EC2-t3.large,us-east-1,13.5432,108475848.0,1
2026-02-19,Compute,EC2-t3.medium,ap-southeast-1,11.25048,90390924.0,1
2026-02-19,Compute,EC2-t3.medium,eu-west-1,4641.25296,173098523.65,4
2026-02-19,Compute,EC2-t3.medium,us-east-1,8980.1789,141885803.17,4
2026-02-19,Compute,EC2-t3.medium,us-west-2,2466.1584000000003,23145.17,1
2026-02-19,Compute,EC2-t3.xlarge,ap-south-1,1164.95,935148.0,1
2026-02-19,Compute,EC2-t3.xlarge,us-east-1,1180.04,905188.8,1
2026-02-19,Compute,GCE-n1-standard-2,asia-south1,1704.2513000000001,53026050.48,2
2026-02-19,Compute,GCE-n1-standard-2,us-west1,779.2956000000001,125650116.0,1
2026-02-19,Compute,GCE-n1-standard-4,asia-south1,121.1326,9300852.0,1
2026-02-19,Compute,GCE-n1-standard-4,europe-west1,575.19,84133548.0,1
2026-02-19,Compute,GCE-n1-standard-4,us-central1,1435.6979000000001,45087.06,2
2026-02-19,Compute,GCE-n1-standard-4,us-west1,2298.5,127990152.0,1
2026-02-19,Compute,GCE-n1-standard-8,asia-south1,817.4457600000001,17108.29,2
2026-02-19,Compute,GCE-n1-standard-8,asia-southeast1,4177.99,822272.4,1
2026-02-19,Compute,GCE-n1-standard-8,europe-west1,1905.07014,190584216.0,2
2026-02-19,Compute,GCE-n1-standard-8,us-west1,15.37932,19933.8,1
2026-02-19,Compute,VM-Standard_D4s,eastus,249.31,982790.4,1
2026-02-19,Compute,VM-Standard_D8s,centralindia,2820.8412,31532.95,1
2026-02-19,Compute,VM-Standard_D8s,eastus,3752.5325,2871991.2,1
2026-02-19,Compute,VM-Standard_D8s,westeurope,4038.2825,158039460.0,1
2026-02-19,Database,CloudSQL-db.standard-2,asia-south1,447.29448,52592725.37,2
2026-02-19,Database,CloudSQL-db.standard-2,asia-southeast1,5841.2088,430562448.0,4
2026-02-19,Database,CloudSQL-db.standard-2,europe-west1,0.28884,5047.46,1
2026-02-19,Database,CloudSQL-db.standard-2,us-central1,79.27980000000001,2131127.27,3
2026-02-19,Database,CloudSQL-db.standard-2,us-west1,2301.1130000000003,23099.93,1
2026-02-19,Database,RDS-db.m5.large,UNKNOWN,3615.00876,4743907.8,3
2026-02-19,Database,RDS-db.m5.large,ap-south-1,41.36628,45514.25,1
2026-02-19,Database,RDS-db.m5.large,ap-southeast-1,2308.6518,66657.49,2
2026-02-19,Database,RDS-db.m5.large,eu-west-1,2324.54,2595653.4,1
2026-02-19,Database,RDS-db.m5.large,us-east-1,555.9300000000001,44464.12,1
2026-02-19,Database,RDS-db.m5.large,us-west-2,2143.20658,73074154.01,2
2026-02-19,Database,SQLDb-S2,canadacentral,1677.1644000000001,145633632.0,4
2026-02-19,Database,SQLDb-S2,centralindia,0.0,5955.06,1
2026-02-19,Database,SQLDb-S2,eastus,2475.1656000000003,136506319.53,2
2026-02-19,Database,SQLDb-S2,southeastasia,2253.97984,355981355.6,4
2026-02-19,Database,SQLDb-S2,westeurope,2663.82,49755.51,1
2026-02-19,Storage,Blob-Cool,centralindia,6.06684,2847.9987,2
2026-02-19,Storage,Blob-Cool,eastus,416.5607,2040.6853999999998,2
2026-02-19,Storage,Blob-Cool,southeastasia,254.7024,3882.5299999999997,2
2026-02-19,Storage,Blob-Cool,westeurope,2.1134399999999998,3228.2349,2
2026-02-19,Storage,Blob-Hot,canadacentral,20.3006,1879.1357,2
2026-02-19,Storage,Blob-Hot,southeastasia,141.88,48904.25,1
2026-02-19,Storage,Blob-Hot,westeurope,4.74816,4760.95,1
2026-02-19,Storage,GCS-Nearline,asia-south1,0.42648,2.6173,1
2026-02-19,Storage,GCS-Nearline,asia-southeast1,3.36612,3610.78,1
2026-02-19,Storage,GCS-Nearline,europe-west1,2.44524,4862.17,1
2026-02-19,Storage,GCS-Nearline,us-central1,81.19440000000002,2841.26,1
2026-02-19,Storage,GCS-Standard,UNKNOWN,18.09,0.6874,1
2026-02-19,Storage,GCS-Standard,asia-south1,2.68464,9368.9,2
2026-02-19,Storage,GCS-Standard,asia-southeast1,33.1896,7399.93,2
2026-02-19,Storage,GCS-Standard,europe-west1,0.23724,0.3307,1
2026-02-19,Storage,GCS-Standard,us-central1,1109.75056,9644.0956,4
2026-02-19,Storage,S3-IA,UNKNOWN,34.72656,1.1063,3
2026-02-19,Storage,S3-IA,ap-south-1,857.90742,8232.6422,4
2026-02-19,Storage,S3-IA,ap-southeast-1,2.54904,4135.81,1
2026-02-19,Storage,S3-IA,eu-west-1,0.426,1.4768,1
2026-02-19,Storage,S3-IA,us-east-1,161.0268,508.327,2
2026-02-19,Storage,S3-IA,us-west-2,227.27,4701.23,1
2026-02-19,Storage,S3-Standard,ap-south-1,586.8619,10064.52,3
2026-02-19,Storage,S3-Standard,ap-southeast-1,42.5136,2963.1502,2
2026-02-19,Storage,S3-Standard,eu-west-1,399.09,4182.4,1
2026-02-19,Storage,S3-Standard,us-east-1,107.24,6.7332,2
2026-02-19,Storage,S3-Standard,us-west-2,91.9504,1759.5735,2
2026-02-20,Compute,EC2-t3.large,ap-south-1,705.29,19012.58,1
2026-02-20,Compute,EC2-t3.large,eu-west-1,2984.11422,33056927.65,4
2026-02-20,Compute,EC2-t3.large,us-west-2,757.74372,46059322.8,2
2026-02-20,Compute,EC2-t3.medium,ap-southeast-1,1340.43308,31956.519999999997,2
2026-02-20,Compute,EC2-t3.medium,us-east-1,19.6662,21223.4,1
2026-02-20,Compute,EC2-t3.xlarge,ap-southeast-1,1782.7776,16667.39,1
2026-02-20,Compute,EC2-t3.xlarge,eu-west-1,209.90524000000002,142676539.2,2
2026-02-20,Compute,EC2-t3.xlarge,us-east-1,3193.99008,313441668.0,2
2026-02-20,Compute,EC2-t3.xlarge,us-west-2,1560.24888,164515733.62,2
2026-02-20,Compute,GCE-n1-standard-4,asia-south1,71.51,49450.8,1
2026-02-20,Compute,GCE-n1-standard-4,asia-southeast1,342.3632,10041405.0,2
2026-02-20,Compute,GCE-n1-standard-4,us-central1,5.64888,53210304.0,1
2026-02-20,Compute,GCE-n1-standard-4,us-west1,3218.4,36811.59,1
2026-02-20,Compute,GCE-n1-standard-8,asia-southeast1,2.0154,5406.88,1
2026-02-20,Compute,GCE-n1-standard-8,europe-west1,58.97,7688844.0,1
2026-02-20,Compute,GCE-n1-standard-8,us-central1,933.1579,178115472.0,1
2026-02-20,Compute,UNKNOWN,eu-west-1,1.97124,7467804.0,1
2026-02-20,Compute,VM-Standard_D2s,canadacentral,501.55896000000007,11383286.4,2
2026-02-20,Compute,VM-Standard_D2s,southeastasia,1092.93,82311480.0,1
2026-02-20,Compute,VM-Standard_D2s,westeurope,35.370000000000005,1438632.0,1
2026-02-20,Compute,VM-Standard_D4s,centralindia,3785.3568000000005,179871229.8,2
2026-02-20,Compute,VM-Standard_D8s,westeurope,2951.0028,41233.69,1
2026-02-20,Database,CloudSQL-db.standard-2,asia-south1,0.0,159237108.0,1
2026-02-20,Database,CloudSQL-db.standard-2,asia-southeast1,5045.60512,72674082.48,4
2026-02-20,Database,CloudSQL-db.standard-2,europe-west1,373.6584,19401.42,1
2026-02-20,Database,CloudSQL-db.standard-2,us-west1,19.211759999999998,5821543.28,5
2026-02-20,Database,RDS-db.m5.large,UNKNOWN,325.54996,148727874.6,2
2026-02-20,Database,RDS-db.m5.large,ap-south-1,23.6094,1356946.2,1
2026-02-20,Database,RDS-db.m5.large,eu-west-1,2909.77884,48553997.27,4
2026-02-20,Database,RDS-db.m5.large,us-east-1,14.34828,1985986.2,1
2026-02-20,Database,RDS-db.m5.large,us-west-2,4807.339,316223383.24,6
2026-02-20,Database,SQLDb-S2,canadacentral,1603.7352,21497.65,1
2026-02-20,Database,SQLDb-S2,centralindia,147.8184,113721681.37,3
2026-02-20,Database,SQLDb-S2,southeastasia,3799.9133600000005,1733299.47,6
2026-02-20,Database,SQLDb-S2,westeurope,819.9488000000001,42047.509999999995,3
2026-02-20,Storage,Blob-Cool,southeastasia,142.5301,3890.7878,2
2026-02-20,Storage,Blob-Hot,centralindia,15.32872,159.9358,2
2026-02-20,Storage,Blob-Hot,eastus,104.6372,5.4765,3
2026-02-20,Storage,Blob-Hot,southeastasia,11.08748,15226.760000000002,2
2026-02-20,Storage,Blob-Hot,westeurope,0.0,0.2744,1
2026-02-20,Storage,GCS-Nearline,asia-south1,2.5218000000000003,2.6336,1
2026-02-20,Storage,GCS-Nearline,asia-southeast1,143.64000000000001,2741.8199999999997,2
2026-02-20,Storage,GCS-Nearline,europe-west1,2.154,2135.98,2
2026-02-20,Storage,GCS-Nearline,us-central1,224.47652000000002,6332.21,2
2026-02-20,Storage,GCS-Nearline,us-west1,123.8663,3.7666,2
2026-02-20,Storage,GCS-Standard,asia-south1,105.16575999999999,14676.11,4
2026-02-20,Storage,GCS-Standard,us-west1,361.92272,12134.439999999999,3
2026-02-20,Storage,S3-IA,UNKNOWN,0.0,403.24,1
2026-02-20,Storage,S3-IA,ap-south-1,360.57910000000004,891.0088,4
2026-02-20,Storage,S3-IA,ap-southeast-1,225.6607,1977.8415,3
2026-02-20,Storage,S3-IA,eu-west-1,128.71,3.5397,1
2026-02-20,Storage,S3-Standard,ap-south-1,377.87,3.9529,1
2026-02-20,Storage,S3-Standard,ap-southeast-1,15.487199999999994,3.6283000000000003,3
2026-02-20,Storage,S3-Standard,eu-west-1,291.49424,73065.4757,2
2026-02-20,Storage,UNKNOWN,canadacentral,505.8828000000001,4689.19,1
2026-02-21,Compute,EC2-t3.large,UNKNOWN,2975.86,1206690048.0,1
2026-02-21,Compute,EC2-t3.large,ap-south-1,3848.22,2438259.6,1
2026-02-21,Compute,EC2-t3.large,us-east-1,551.2562,554878.8,1
2026-02-21,Compute,EC2-t3.medium,ap-southeast-1,4006.6956400000004,199144848.6,3
2026-02-21,Compute,EC2-t3.medium,eu-west-1,11.926200000000001,4345804.800000001,2
2026-02-21,Compute,EC2-t3.medium,us-east-1,11.7078,661181.4,1
2026-02-21,Compute,EC2-t3.medium,us-west-2,78.31031999999999,13568235.6,2
2026-02-21,Compute,EC2-t3.xlarge,ap-south-1,1248.8672,40456.56,1
2026-02-21,Compute,EC2-t3.xlarge,ap-southeast-1,2021.23216,2265905.3000000003,3
2026-02-21,Compute,GCE-n1-standard-2,asia-southeast1,2347.04,24283.24,1
2026-02-21,Compute,GCE-n1-standard-2,europe-west1,2165.4972,2901603.6,1
2026-02-21,Compute,GCE-n1-standard-2,us-central1,29.244360000000004,2693086.8,1
2026-02-21,Compute,GCE-n1-standard-2,us-west1,15.84396,38617.85,1
2026-02-21,Compute,GCE-n1-standard-4,UNKNOWN,3000.35,135452268.0,1
2026-02-21,Compute,GCE-n1-standard-4,asia-south1,5478.3736,174941918.38,2
2026-02-21,Compute,GCE-n1-standard-4,asia-southeast1,20.97204,1688159.61,1
2026-02-21,Compute,GCE-n1-standard-4,europe-west1,8.22504,43643.96,1
2026-02-21,Compute,GCE-n1-standard-4,us-central1,997.5096,53283492.0,1
2026-02-21,Compute,GCE-n1-standard-4,us-west1,1662.2268,81645698.11,2
2026-02-21,Compute,GCE-n1-standard-8,us-west1,539.9676000000001,25773876.0,1
2026-02-21,Compute,VM-Standard_D2s,centralindia,1066.4244,153259128.0,1
2026-02-21,Compute,VM-Standard_D2s,eastus,262.48000000000025,2377882.3899999997,2
2026-02-21,Compute,VM-Standard_D4s,centralindia,533.5092000000001,43332.94,1
2026-02-21,Compute,VM-Standard_D4s,southeastasia,7.516800000000001,18640836.0,1
2026-02-21,Compute,VM-Standard_D8s,centralindia,3375.1836000000003,121556556.0,1
2026-02-21,Compute,VM-Standard_D8s,eastus,3.408,1868143.8,1
2026-02-21,Compute,VM-Standard_D8s,westeurope,29.70468,130475592.0,1
2026-02-21,Database,CloudSQL-db.standard-2,asia-south1,2408.8598,2567135.4,1
2026-02-21,Database,CloudSQL-db.standard-2,asia-southeast1,4890.89382,419144375.33,7
2026-02-21,Database,CloudSQL-db.standard-2,us-central1,8.961960000000001,51516720.0,1
2026-02-21,Database,CloudSQL-db.standard-2,us-west1,17.57964,164829384.0,1
2026-02-21,Database,RDS-db.m5.large,ap-south-1,2752.1380400000003,1933599841.8,6
2026-02-21,Database,RDS-db.m5.large,ap-southeast-1,4186.81372,369382808.96,4
2026-02-21,Database,RDS-db.m5.large,eu-west-1,4991.73176,302166792.0,4
2026-02-21,Database,RDS-db.m5.large,us-east-1,572.7132,28632.52,1
2026-02-21,Database,RDS-db.m5.large,us-west-2,67.84968,5077110.4,3
2026-02-21,Database,SQLDb-S2,canadacentral,2932.05644,53566804.72,4
2026-02-21,Database,SQLDb-S2,centralindia,915.8724,46970388.0,1
2026-02-21,Database,SQLDb-S2,eastus,243.49680000000004,248697.0,1
2026-02-21,Database,SQLDb-S2,southeastasia,749.499,1149696.0,2
2026-02-21,Database,SQLDb-S2,westeurope,9.3006,20667.56,1
2026-02-21,Storage,Blob-Cool,canadacentral,236.571,3932.3912,2
2026-02-21,Storage,Blob-Cool,centralindia,0.432,0.0353,1
2026-02-21,Storage,Blob-Cool,eastus,149.98860000000002,8.0729,2
2026-02-21,Storage,Blob-Cool,southeastasia,108.4,1854.0,1
2026-02-21,Storage,Blob-Hot,canadacentral,19.1484,3.6941,1
2026-02-21,Storage,Blob-Hot,eastus,106.218,2175.39,1
2026-02-21,Storage,Blob-Hot,westeurope,21.405600000000003,0.2117,1
2026-02-21,Storage,GCS-Nearline,asia-southeast1,4.80372,4904.8,1
2026-02-21,Storage,GCS-Nearline,us-central1,188.0712,4669.09,1
2026-02-21,Storage,GCS-Nearline,us-west1,489.1786,3.8655,1
2026-02-21,Storage,GCS-Standard,asia-southeast1,5.27844,4561.35,1
2026-02-21,Storage,GCS-Standard,us-central1,0.6003599999999999,532.3222000000001,2
2026-02-21,Storage,S3-IA,ap-southeast-1,4.777080000000001,5208.2693,3
2026-02-21,Storage,S3-IA,eu-west-1,0.12396,2.7289,1
2026-02-21,Storage,S3-IA,us-east-1,159.26353999999998,2190.3781,2
2026-02-21,Storage,S3-IA,us-west-2,3.2268,3.2642,1
2026-02-21,Storage,S3-Standard,ap-south-1,96.66999999999999,3435.6866999999997,2
2026-02-21,Storage,S3-Standard,ap-southeast-1,374.8913,3539.83,1
2026-02-21,Storage,S3-Standard,eu-west-1,270.09,4191.454,2
2026-02-21,Storage,S3-Standard,us-east-1,388.41132000000005,9.5536,3
2026-02-21,Storage,UNKNOWN,asia-south1,0.0,18441.13,1
2026-02-21,Storage,UNKNOWN,southeastasia,49.0536,1970.53,1
2026-02-22,Compute,EC2-t3.large,us-west-2,3950.44,41477.55,1
2026-02-22,Compute,EC2-t3.medium,ap-southeast-1,6.926760000000001,98128188.0,1
2026-02-22,Compute,EC2-t3.medium,us-east-1,5.91648,779637492.0,1
2026-02-22,Compute,EC2-t3.xlarge,us-west-2,881.8696,53357139.6,2
2026-02-22,Compute,GCE-n1-standard-2,asia-south1,37.28148,121105548.0,1
2026-02-22,Compute,GCE-n1-standard-2,us-central1,3610.8477000000003,111772539.0,2
2026-02-22,Compute,GCE-n1-standard-2,us-west1,1.74924,84478644.0,1
2026-02-22,Compute,GCE-n1-standard-4,europe-west1,5031.8276,96463758.82,3
2026-02-22,Compute,GCE-n1-standard-4,us-central1,3285.54,146540736.0,2
2026-02-22,Compute,GCE-n1-standard-8,us-central1,145.54111999999998,18662003.4,2
2026-02-22,Compute,GCE-n1-standard-8,us-west1,173.0376,403725.0,1
2026-02-22,Compute,VM-Standard_D2s,eastus,4906.810100000001,2363118.0,1
2026-02-22,Compute,VM-Standard_D2s,southeastasia,3555.62568,4620438.9,3
2026-02-22,Compute,VM-Standard_D4s,canadacentral,166.35240000000002,41430.06,1
2026-02-22,Compute,VM-Standard_D4s,centralindia,46.47,323433.0,1
2026-02-22,Compute,VM-Standard_D4s,westeurope,31.55172,148266180.0,2
2026-02-22,Compute,VM-Standard_D8s,UNKNOWN,10.22676,682977.98,1
2026-02-22,Compute,VM-Standard_D8s,eastus,2199.2256000000007,179848568.78,2
2026-02-22,Compute,VM-Standard_D8s,westeurope,464.994,56513160.0,1
2026-02-22,Database,CloudSQL-db.standard-2,asia-south1,3728.0922,204880346.75,3
2026-02-22,Database,CloudSQL-db.standard-2,asia-southeast1,3632.1348,272414408.95,3
2026-02-22,Database,CloudSQL-db.standard-2,europe-west1,30.94404,26570794.66,2
2026-02-22,Database,CloudSQL-db.standard-2,us-central1,297.61199999999997,203638947.20999998,3
2026-02-22,Database,CloudSQL-db.standard-2,us-west1,923.3230000000001,137101667.2,3
2026-02-22,Database,RDS-db.m5.large,UNKNOWN,20.911800000000003,147078.6,1
2026-02-22,Database,RDS-db.m5.large,ap-south-1,6995.3159000000005,233197466.67,6
2026-02-22,Database,RDS-db.m5.large,ap-southeast-1,267.65830000000005,2258697.6,3
2026-02-22,Database,RDS-db.m5.large,eu-west-1,2203.8360000000002,118876589.98,5
2026-02-22,Database,RDS-db.m5.large,us-east-1,2185.42964,243169452.0,2
2026-02-22,Database,RDS-db.m5.large,us-west-2,854.1466,31720624.57,2
2026-02-22,Database,SQLDb-S2,centralindia,1923.71028,87219.56999999999,4
2026-02-22,Database,SQLDb-S2,eastus,2717.7512600000005,5107628.5600000005,4
2026-02-22,Database,SQLDb-S2,southeastasia,2143.2869,64743330.6,4
2026-02-22,Database,SQLDb-S2,westeurope,16.30044,17119.29,1
2026-02-22,Storage,Blob-Cool,UNKNOWN,42.6648,5.49,4
2026-02-22,Storage,Blob-Cool,centralindia,94.66391999999999,2888.5024,2
2026-02-22,Storage,Blob-Cool,eastus,388.74600000000004,3920.1832,3
2026-02-22,Storage,Blob-Cool,southeastasia,370.04900000000004,3948.4234,2
2026-02-22,Storage,Blob-Hot,centralindia,82.8144,1.0401,1
2026-02-22,Storage,Blob-Hot,eastus,26.561400000000003,2557.355,2
2026-02-22,Storage,GCS-Nearline,asia-southeast1,4.35828,3605.0912000000003,3
2026-02-22,Storage,GCS-Nearline,europe-west1,8.855160000000001,8353.97,2
2026-02-22,Storage,GCS-Nearline,us-central1,0.37416,659.72,1
2026-02-22,Storage,GCS-Nearline,us-west1,367.3862,8748.42,2
2026-02-22,Storage,GCS-Standard,asia-southeast1,41.083200000000005,2106.95,1
2026-02-22,Storage,GCS-Standard,europe-west1,5.64384,4765.61,1
2026-02-22,Storage,GCS-Standard,us-west1,575.3353999999999,4685.97,1
2026-02-22,Storage,S3-IA,ap-south-1,20.64,685.89,1
2026-02-22,Storage,S3-IA,ap-southeast-1,61.31,4871.32,1
2026-02-22,Storage,S3-IA,eu-west-1,345.03,4830.3838000000005,2
2026-02-22,Storage,S3-IA,us-west-2,308.75,109366.442,3
2026-02-22,Storage,S3-Standard,ap-south-1,24.9,814.5,1
2026-02-22,Storage,S3-Standard,ap-southeast-1,105.55999999999999,4175.92,2
2026-02-22,Storage,S3-Standard,eu-west-1,31.83,1.7763,1
2026-02-22,Storage,S3-Standard,us-east-1,1503.0704,2273.76,1
2026-02-23,Compute,EC2-t3.large,ap-south-1,0.0,82225584.0,1
2026-02-23,Compute,EC2-t3.large,ap-southeast-1,2.24184,5093.29,1
2026-02-23,Compute,EC2-t3.medium,ap-southeast-1,2062.39,104068080.0,1
2026-02-23,Compute,EC2-t3.medium,us-east-1,2.70024,40681908.0,1
2026-02-23,Compute,EC2-t3.xlarge,ap-southeast-1,474.1164,34844004.0,1
2026-02-23,Compute,EC2-t3.xlarge,us-east-1,14.67684,33832.95,1
2026-02-23,Compute,GCE-n1-standard-2,asia-south1,12.11628,15361.34,1
2026-02-23,Compute,GCE-n1-standard-2,asia-southeast1,2399.59632,176515725.0,2
2026-02-23,Compute,GCE-n1-standard-2,europe-west1,3064.0782,92445264.0,1
2026-02-23,Compute,GCE-n1-standard-2,us-central1,0.81204,16702.2,1
2026-02-23,Compute,GCE-n1-standard-8,us-west1,2.89056,2800215.0,1
2026-02-23,Compute,UNKNOWN,europe-west1,223.5384,97495272.0,1
2026-02-23,Compute,UNKNOWN,us-east-1,4.7271600000000005,44629.06,1
2026-02-23,Compute,VM-Standard_D2s,centralindia,7582.789,4712619.6,2
2026-02-23,Compute,VM-Standard_D2s,southeastasia,2888.1468000000004,2038540.8,1
2026-02-23,Compute,VM-Standard_D2s,westeurope,22.51368,173068308.0,1
2026-02-23,Compute,VM-Standard_D4s,canadacentral,697.9463999999999,25953167.81,2
2026-02-23,Compute,VM-Standard_D4s,southeastasia,2174.5476000000003,153161964.0,1
2026-02-23,Compute,VM-Standard_D8s,canadacentral,9.71304,103605660.0,1
2026-02-23,Compute,VM-Standard_D8s,centralindia,3988.7748,2482472.4,1
2026-02-23,Compute,VM-Standard_D8s,eastus,30.54696,2686206.6,1
2026-02-23,Compute,VM-Standard_D8s,westeurope,1539.69804,68803861.28,2
2026-02-23,Database,CloudSQL-db.standard-2,UNKNOWN,12.78252,1780393.8,1
2026-02-23,Database,CloudSQL-db.standard-2,asia-south1,3380.355,111965736.0,2
2026-02-23,Database,CloudSQL-db.standard-2,asia-southeast1,2958.42696,8569488724.2,4
2026-02-23,Database,CloudSQL-db.standard-2,europe-west1,1716.3144000000002,52759949.78,2
2026-02-23,Database,CloudSQL-db.standard-2,us-central1,4528.80264,180608297.4,2
2026-02-23,Database,CloudSQL-db.standard-2,us-west1,822.5310800000001,859217.71,2
2026-02-23,Database,RDS-db.m5.large,ap-south-1,1789.9585000000002,106863948.0,2
2026-02-23,Database,RDS-db.m5.large,ap-southeast-1,2141.91,109059300.0,1
2026-02-23,Database,RDS-db.m5.large,eu-west-1,1670.31668,171299474.82,5
2026-02-23,Database,RDS-db.m5.large,us-east-1,22.58484,2537888.4,1
2026-02-23,Database,SQLDb-S2,canadacentral,2164.74876,5461544.4,2
2026-02-23,Database,SQLDb-S2,centralindia,1478.92,2271774.0,1
2026-02-23,Database,SQLDb-S2,southeastasia,5183.6086000000005,128782255.8,2
2026-02-23,Database,UNKNOWN,westeurope,7005.98,4206048.0,2
2026-02-23,Storage,Blob-Cool,centralindia,0.0084,18419.36,1
2026-02-23,Storage,Blob-Hot,UNKNOWN,88.3224,1.1746,1
2026-02-23,Storage,Blob-Hot,canadacentral,5.32644,1619.1739,2
2026-02-23,Storage,Blob-Hot,westeurope,357.4692,3395.8763,2
2026-02-23,Storage,GCS-Nearline,asia-south1,4.53444,5584.6698,4
2026-02-23,Storage,GCS-Nearline,europe-west1,15.336,561.56,1
2026-02-23,Storage,GCS-Nearline,us-central1,6.035040000000001,4873.6309,3
2026-02-23,Storage,GCS-Nearline,us-west1,49.4316,1536.38,1
2026-02-23,Storage,GCS-Standard,asia-southeast1,95.94624,4791.0374,2
2026-02-23,Storage,GCS-Standard,europe-west1,0.92784,3.5943,1
2026-02-23,Storage,GCS-Standard,us-west1,179.76204,6.3076,3
2026-02-23,Storage,S3-IA,UNKNOWN,73.8189,5963.51,2
2026-02-23,Storage,S3-IA,ap-southeast-1,3925.49,144376.38999999998,2
2026-02-23,Storage,S3-IA,eu-west-1,4.314,4756.52,2
2026-02-23,Storage,S3-IA,us-east-1,2174.9385,2393.0351,2
2026-02-23,Storage,S3-Standard,UNKNOWN,175.05,2276.47,1
2026-02-23,Storage,S3-Standard,ap-south-1,60.393600000000006,1353.36,1
2026-02-23,Storage,S3-Standard,us-west-2,145.35150000000002,4.1416,1
2026-02-24,Compute,EC2-t3.large,ap-south-1,183.3118,20038608.0,1
2026-02-24,Compute,EC2-t3.large,ap-southeast-1,541.782,376594.8,1
2026-02-24,Compute,EC2-t3.large,us-east-1,2.7894,1000604.4,1
2026-02-24,Compute,EC2-t3.large,us-west-2,27.7495,2994516.0,1
2026-02-24,Compute,EC2-t3.medium,UNKNOWN,13.23,1425924.0,1
2026-02-24,Compute,EC2-t3.medium,ap-southeast-1,408.2542,13976.61,1
2026-02-24,Compute,EC2-t3.medium,us-west-2,1646.06612,107382097.2,2
2026-02-24,Compute,EC2-t3.xlarge,ap-southeast-1,24.186,3081337.2,2
2026-02-24,Compute,EC2-t3.xlarge,us-east-1,1277.04,981157.2,1
2026-02-24,Compute,EC2-t3.xlarge,us-west-2,4809.88648,170299080.0,2
2026-02-24,Compute,GCE-n1-standard-2,asia-south1,6.968520000000001,34225236.0,1
2026-02-24,Compute,GCE-n1-standard-2,us-central1,20.42508,2526926.4,1
2026-02-24,Compute,GCE-n1-standard-2,us-west1,193.04,9898992.0,1
2026-02-24,Compute,GCE-n1-standard-4,asia-southeast1,17.00196,41237.99,1
2026-02-24,Compute,GCE-n1-standard-4,europe-west1,6.848280000000001,16456.91,1
2026-02-24,Compute,GCE-n1-standard-4,us-central1,634.2,21292.61,1
2026-02-24,Compute,GCE-n1-standard-4,us-west1,119.76244,143797.1,2
2026-02-24,Compute,GCE-n1-standard-8,asia-southeast1,12.6066,38992.56,1
2026-02-24,Compute,GCE-n1-standard-8,us-west1,2298.8016000000002,222904836.0,2
2026-02-24,Compute,VM-Standard_D2s,centralindia,697.19,134181576.0,1
2026-02-24,Compute,VM-Standard_D4s,canadacentral,1002.6072,119308356.0,1
2026-02-24,Compute,VM-Standard_D4s,centralindia,-15.76812,2307253.8,1
2026-02-24,Compute,VM-Standard_D4s,southeastasia,8.27448,30745080.0,1
2026-02-24,Compute,VM-Standard_D8s,canadacentral,2605.97,46767.17,1
2026-02-24,Compute,VM-Standard_D8s,centralindia,1539.6264,18782.37,1
2026-02-24,Compute,VM-Standard_D8s,eastus,2507.814,71164365.99,2
2026-02-24,Compute,VM-Standard_D8s,southeastasia,4.33716,27054.82,1
2026-02-24,Compute,VM-Standard_D8s,westeurope,2339.0606,1741393.8,1
2026-02-24,Database,CloudSQL-db.standard-2,asia-south1,1341.26288,126331126.8,4
2026-02-24,Database,CloudSQL-db.standard-2,asia-southeast1,853.22216,131536386.32,3
2026-02-24,Database,CloudSQL-db.standard-2,europe-west1,1910.8704000000002,16171568.41,2
2026-02-24,Database,CloudSQL-db.standard-2,us-central1,56.72484,74085997.68,3
2026-02-24,Database,CloudSQL-db.standard-2,us-west1,90.6222,1479505.56,3
2026-02-24,Database,RDS-db.m5.large,ap-southeast-1,4152.056280000001,303081660.0,2
2026-02-24,Database,RDS-db.m5.large,eu-west-1,3092.69868,236381788.8,5
2026-02-24,Database,RDS-db.m5.large,us-west-2,7956.7932599999995,120796986.06,4
2026-02-24,Database,SQLDb-S2,canadacentral,1631.394,89901864.0,1
2026-02-24,Database,SQLDb-S2,centralindia,1565.1468000000002,1422811.2,1
2026-02-24,Database,SQLDb-S2,eastus,2655.14656,2326100.1799999997,3
2026-02-24,Database,SQLDb-S2,southeastasia,2390.0292,1589171.4,1
2026-02-24,Database,SQLDb-S2,westeurope,4.33008,13246956.0,1
2026-02-24,Storage,Blob-Cool,canadacentral,14.1156,508.47,1
2026-02-24,Storage,Blob-Cool,centralindia,53.48160000000001,74.5297,1
2026-02-24,Storage,Blob-Cool,westeurope,21.2598,646.94,1
2026-02-24,Storage,Blob-Hot,canadacentral,28.749600000000004,982.66,1
2026-02-24,Storage,Blob-Hot,eastus,149.66928,1804.2402,3
2026-02-24,Storage,Blob-Hot,southeastasia,692.84,7.2224,2
2026-02-24,Storage,Blob-Hot,westeurope,0.28632,440.19,1
2026-02-24,Storage,GCS-Nearline,asia-south1,0.17256,1.2081,1
2026-02-24,Storage,GCS-Nearline,us-central1,3808.3068,4662.35,1
2026-02-24,Storage,GCS-Nearline,us-west1,2.72556,2529.94,1
2026-02-24,Storage,GCS-Standard,asia-south1,158.09040000000002,2.0248,1
2026-02-24,Storage,GCS-Standard,us-west1,150.498,4.0559,1
2026-02-24,Storage,S3-IA,UNKNOWN,351.37,85933.02,1
2026-02-24,Storage,S3-IA,ap-south-1,2.3391599999999997,7675.39,3
2026-02-24,Storage,S3-IA,ap-southeast-1,159.9851,2.5778999999999996,2
2026-02-24,Storage,S3-IA,eu-west-1,201.0664,2884.6000000000004,2
2026-02-24,Storage,S3-IA,us-east-1,-679.2900000000001,2661.1135,4
2026-02-24,Storage,S3-IA,us-west-2,589.6236000000001,9219.880000000001,2
2026-02-24,Storage,S3-Standard,UNKNOWN,164.7926,870.0079,3
2026-02-24,Storage,S3-Standard,ap-south-1,534.3499999999999,3036.0289,2
2026-02-24,Storage,S3-Standard,ap-southeast-1,841.1400000000001,153116.69,3
2026-02-24,Storage,S3-Standard,eu-west-1,2.9248800000000004,7.781,2
2026-02-24,Storage,UNKNOWN,eu-west-1,130.92430000000002,1159.18,1
2026-02-25,Compute,EC2-t3.large,ap-south-1,101.4336,1235.6,1
2026-02-25,Compute,EC2-t3.large,ap-southeast-1,919.6102,28835.350000000002,2
2026-02-25,Compute,EC2-t3.large,eu-west-1,1412.45,1733714.4,1
2026-02-25,Compute,EC2-t3.medium,ap-south-1,1078.65988,53807195.28,2
2026-02-25,Compute,EC2-t3.medium,us-west-2,1970.6499999999999,87560032.2,2
2026-02-25,Compute,EC2-t3.xlarge,ap-south-1,19.3806,45726.75,1
2026-02-25,Compute,EC2-t3.xlarge,ap-southeast-1,1.4082,79726.8,1
2026-02-25,Compute,EC2-t3.xlarge,eu-west-1,2027.5,98733441.95,2
2026-02-25,Compute,EC2-t3.xlarge,us-west-2,1841.38,2387246.01,2
2026-02-25,Compute,GCE-n1-standard-2,us-west1,21.06888,31013.15,2
2026-02-25,Compute,GCE-n1-standard-4,asia-south1,3988.2826,140279580.0,1
2026-02-25,Compute,GCE-n1-standard-4,asia-southeast1,2773.5006,29291.26,2
2026-02-25,Compute,GCE-n1-standard-4,us-central1,886.33,54930276.0,1
2026-02-25,Compute,GCE-n1-standard-8,asia-southeast1,2.99508,1572588.6,1
2026-02-25,Compute,GCE-n1-standard-8,europe-west1,48.29784,154978236.0,1
2026-02-25,Compute,GCE-n1-standard-8,us-central1,10.38636,112582908.0,1
2026-02-25,Compute,VM-Standard_D2s,canadacentral,0.49404,3271.19,1
2026-02-25,Compute,VM-Standard_D2s,eastus,46.8757,821.75,1
2026-02-25,Compute,VM-Standard_D2s,westeurope,2547.9231,142400397.0,2
2026-02-25,Compute,VM-Standard_D4s,eastus,2234.9304,1335922.2,2
2026-02-25,Compute,VM-Standard_D4s,westeurope,812.71112,1442684.87,2
2026-02-25,Compute,VM-Standard_D8s,centralindia,3562.54,45785.97,1
2026-02-25,Compute,VM-Standard_D8s,eastus,1527.5196,1459390.2,1
2026-02-25,Compute,VM-Standard_D8s,southeastasia,-4153.3,2955172.8,1
2026-02-25,Compute,VM-Standard_D8s,westeurope,4222.4328000000005,2640540.6,1
2026-02-25,Database,CloudSQL-db.standard-2,UNKNOWN,25.53288,23165.14,1
2026-02-25,Database,CloudSQL-db.standard-2,asia-south1,1319.42444,124916921.4,2
2026-02-25,Database,CloudSQL-db.standard-2,asia-southeast1,1382.1029,15087.18,1
2026-02-25,Database,CloudSQL-db.standard-2,europe-west1,5122.46436,293626543.2,3
2026-02-25,Database,CloudSQL-db.standard-2,us-central1,287.7984,36302.44,1
2026-02-25,Database,CloudSQL-db.standard-2,us-west1,5.94444,2054923.37,2
2026-02-25,Database,RDS-db.m5.large,ap-south-1,1303.08,47286543.19,2
2026-02-25,Database,RDS-db.m5.large,ap-southeast-1,2081.98904,5422239239.04,2
2026-02-25,Database,RDS-db.m5.large,eu-west-1,4988.394,2800060.04,3
2026-02-25,Database,RDS-db.m5.large,us-west-2,2190.1435199999996,206221428.0,2
2026-02-25,Database,SQLDb-S2,canadacentral,1603.8756,1380610.2,1
2026-02-25,Database,SQLDb-S2,centralindia,4107.9312,10808684.4,3
2026-02-25,Database,SQLDb-S2,eastus,158.92524000000003,1011412.2,2
2026-02-25,Database,SQLDb-S2,westeurope,3371.3088000000002,368285220.0,3
2026-02-25,Database,UNKNOWN,centralindia,2077.04,101790648.0,1
2026-02-25,Database,UNKNOWN,us-west-2,1388.4148,25803.6,1
2026-02-25,Storage,Blob-Cool,canadacentral,32.29108,3395.2408,2
2026-02-25,Storage,Blob-Cool,westeurope,142.50560000000002,5958.65,2
2026-02-25,Storage,Blob-Hot,southeastasia,180.37640000000002,4033.5141000000003,2
2026-02-25,Storage,Blob-Hot,westeurope,73.95858,2893.15,2
2026-02-25,Storage,GCS-Nearline,asia-southeast1,304.90200000000004,3594.703,2
2026-02-25,Storage,GCS-Nearline,us-central1,444.11843999999996,185.6379,4
2026-02-25,Storage,GCS-Nearline,us-west1,4.92204,4279.3,1
2026-02-25,Storage,GCS-Standard,asia-south1,19.105200000000004,0.1824,1
2026-02-25,Storage,GCS-Standard,europe-west1,212.08344000000002,6780.2,3
2026-02-25,Storage,GCS-Standard,us-central1,1.62276,3332.96,1
2026-02-25,Storage,S3-IA,ap-southeast-1,153.98992,4332.32,2
2026-02-25,Storage,S3-IA,eu-west-1,245.27,3.6189,1
2026-02-25,Storage,S3-IA,us-east-1,111.28844,11133.134600000001,6
2026-02-25,Storage,S3-Standard,ap-south-1,21.58908,5.7567,2
2026-02-25,Storage,S3-Standard,eu-west-1,20.93808,4.2196,1
2026-02-25,Storage,S3-Standard,us-east-1,56.36260000000001,559.08,1
2026-02-26,Compute,EC2-t3.large,ap-south-1,358.37,110022277.77,2
2026-02-26,Compute,EC2-t3.large,us-east-1,2768.0158,1914132.6,1
2026-02-26,Compute,EC2-t3.large,us-west-2,516.3224,53165.869999999995,2
2026-02-26,Compute,EC2-t3.medium,eu-west-1,33.17736,730401.9800000001,2
2026-02-26,Compute,EC2-t3.medium,us-east-1,16.0788,1332968.4,1
2026-02-26,Compute,EC2-t3.medium,us-west-2,0.0,151345692.0,1
2026-02-26,Compute,EC2-t3.xlarge,ap-south-1,37.12356,245571768.0,2
2026-02-26,Compute,EC2-t3.xlarge,ap-southeast-1,1790.66,2709742.8,2
2026-02-26,Compute,GCE-n1-standard-2,asia-southeast1,882.2196,90220572.0,1
2026-02-26,Compute,GCE-n1-standard-2,us-west1,12.26592,1070698831.18,2
2026-02-26,Compute,GCE-n1-standard-8,asia-south1,225.55,18062.4,1
2026-02-26,Compute,GCE-n1-standard-8,asia-southeast1,484.92,35864892.0,1
2026-02-26,Compute,GCE-n1-standard-8,europe-west1,4.17792,17713692.0,1
2026-02-26,Compute,GCE-n1-standard-8,us-central1,159.94,4622191.2,1
2026-02-26,Compute,VM-Standard_D2s,centralindia,769.6296000000001,17937.77,1
2026-02-26,Compute,VM-Standard_D4s,UNKNOWN,1169.1,35516.34,1
2026-02-26,Compute,VM-Standard_D4s,eastus,2284.14,2144185.8,1
2026-02-26,Compute,VM-Standard_D4s,westeurope,1462.4105200000001,87001089.99,2
2026-02-26,Compute,VM-Standard_D8s,canadacentral,1805.1272,2778577.2,1
2026-02-26,Compute,VM-Standard_D8s,eastus,1409.8644000000002,1383311.4,1
2026-02-26,Compute,VM-Standard_D8s,southeastasia,8.57844,75560364.0,1
2026-02-26,Compute,VM-Standard_D8s,westeurope,7.24368,1618929.6,1
2026-02-26,Database,CloudSQL-db.standard-2,asia-south1,4929.238300000001,80730880.92,2
2026-02-26,Database,CloudSQL-db.standard-2,asia-southeast1,1752.3414,425654172.0,3
2026-02-26,Database,CloudSQL-db.standard-2,europe-west1,3334.60124,19464703.88,3
2026-02-26,Database,CloudSQL-db.standard-2,us-west1,319.71211999999997,163404734.1,5
2026-02-26,Database,RDS-db.m5.large,ap-south-1,3841.9917600000003,61287003.4,4
2026-02-26,Database,RDS-db.m5.large,ap-southeast-1,1.65276,1454.61,1
2026-02-26,Database,RDS-db.m5.large,eu-west-1,1408.7208,1413415.74,2
2026-02-26,Database,RDS-db.m5.large,us-east-1,0.7935599999999999,3370932.0,1
2026-02-26,Database,RDS-db.m5.large,us-west-2,22.31676,47350.88,1
2026-02-26,Database,SQLDb-S2,UNKNOWN,521.6940000000001,16144220.4,1
2026-02-26,Database,SQLDb-S2,canadacentral,1419.5320000000002,29280789.67,2
2026-02-26,Database,SQLDb-S2,centralindia,7.167479999999999,23603.65,1
2026-02-26,Database,SQLDb-S2,eastus,2794.4676,2660463.6,1
2026-02-26,Database,SQLDb-S2,southeastasia,7071.146,174103359.12,3
2026-02-26,Database,SQLDb-S2,westeurope,2077.64,35396.0,1
2026-02-26,Database,UNKNOWN,canadacentral,668.75,7589.97,1
2026-02-26,Database,UNKNOWN,us-west1,12.180840000000002,14026.94,1
2026-02-26,Storage,Blob-Cool,eastus,102.21156000000002,12021.58,3
2026-02-26,Storage,Blob-Cool,southeastasia,0.0,831.84,1
2026-02-26,Storage,Blob-Cool,westeurope,2.87004,3610.68,1
2026-02-26,Storage,Blob-Hot,canadacentral,127.92600000000002,3.175,1
2026-02-26,Storage,Blob-Hot,centralindia,0.183,0.4865,1
2026-02-26,Storage,Blob-Hot,westeurope,212.09396,174768.6596,5
2026-02-26,Storage,GCS-Nearline,asia-southeast1,128.56994,2293.8433999999997,3
2026-02-26,Storage,GCS-Nearline,europe-west1,7.82032,624.8299999999999,2
2026-02-26,Storage,GCS-Nearline,us-west1,201.8088,2.025,1
2026-02-26,Storage,GCS-Standard,asia-south1,441.04211999999995,7.9303,2
2026-02-26,Storage,GCS-Standard,europe-west1,104.85284,3695.234,3
2026-02-26,Storage,GCS-Standard,us-central1,0.0,6.8104,2
2026-02-26,Storage,S3-IA,UNKNOWN,4.2194400000000005,4.3462,2
2026-02-26,Storage,S3-IA,ap-south-1,6.11976,87.79310000000001,2
2026-02-26,Storage,S3-IA,eu-west-1,2.4104399999999995,6474.9362,3
2026-02-26,Storage,S3-IA,us-east-1,587.20408,3485.5352,3
2026-02-26,Storage,S3-IA,us-west-2,218.89,56.5077,1
2026-02-26,Storage,S3-Standard,ap-south-1,10.22984,7555.5286,3
2026-02-26,Storage,S3-Standard,ap-southeast-1,1.10712,1187.65,1
2026-02-26,Storage,S3-Standard,eu-west-1,0.69648,0.6104,1
2026-02-26,Storage,S3-Standard,us-east-1,1.43172,1853.67,1
2026-02-26,Storage,S3-Standard,us-west-2,9.4234,667.35,1
2026-02-26,Storage,UNKNOWN,europe-west1,0.03048,0.1896,1
2026-02-26,Storage,UNKNOWN,us-central1,0.32364,3748.02,1
2026-02-27,Compute,EC2-t3.large,ap-south-1,2.95176,19414.46,1
2026-02-27,Compute,EC2-t3.large,ap-southeast-1,196.5833,1837.14,1
2026-02-27,Compute,EC2-t3.large,eu-west-1,1777.21088,222231240.0,2
2026-02-27,Compute,EC2-t3.large,us-east-1,3446.56,136514988.0,1
2026-02-27,Compute,EC2-t3.medium,ap-south-1,23.768040000000003,177621984.0,1
2026-02-27,Compute,EC2-t3.medium,eu-west-1,223.4184,126518076.0,1
2026-02-27,Compute,EC2-t3.medium,us-east-1,38.88696,80050.63,2
2026-02-27,Compute,EC2-t3.xlarge,UNKNOWN,4.338,1041318.6,1
2026-02-27,Compute,EC2-t3.xlarge,ap-southeast-1,367.3856,17656344.0,1
2026-02-27,Compute,GCE-n1-standard-2,us-central1,31.31388,19909.91,1
2026-02-27,Compute,GCE-n1-standard-4,asia-southeast1,20.63652,93664800.0,1
2026-02-27,Compute,GCE-n1-standard-4,europe-west1,4706.1961,480241.52,3
2026-02-27,Compute,GCE-n1-standard-4,us-west1,786.4556,593018.1199999999,4
2026-02-27,Compute,GCE-n1-standard-8,asia-south1,402.77,125245944.0,1
2026-02-27,Compute,GCE-n1-standard-8,asia-southeast1,9.477,8012.01,1
2026-02-27,Compute,GCE-n1-standard-8,us-west1,4.60548,237582.0,1
2026-02-27,Compute,VM-Standard_D2s,westeurope,3625.09256,5597871.0,2
2026-02-27,Compute,VM-Standard_D4s,canadacentral,-177.9084,8127.24,1
2026-02-27,Compute,VM-Standard_D4s,eastus,0.8021999999999999,133554.0,1
2026-02-27,Compute,VM-Standard_D4s,southeastasia,34.6572,64182384.0,1
2026-02-27,Compute,VM-Standard_D8s,canadacentral,33.708,127847916.0,1
2026-02-27,Compute,VM-Standard_D8s,southeastasia,4780.296,82987.34,2
2026-02-27,Compute,VM-Standard_D8s,westeurope,887.8733000000001,76957153.71,2
2026-02-27,Database,CloudSQL-db.standard-2,asia-south1,2727.1243999999997,2787548.46,2
2026-02-27,Database,CloudSQL-db.standard-2,asia-southeast1,4590.710779999999,365426632.81,5
2026-02-27,Database,CloudSQL-db.standard-2,europe-west1,1937.6602400000002,209625507.37,4
2026-02-27,Database,CloudSQL-db.standard-2,us-central1,5145.63632,43436469.6,3
2026-02-27,Database,CloudSQL-db.standard-2,us-west1,29.3226,149748379.8,4
2026-02-27,Database,RDS-db.m5.large,ap-south-1,1833.1052,158492019.81,3
2026-02-27,Database,RDS-db.m5.large,ap-southeast-1,5152.500400000001,97781878.89,2
2026-02-27,Database,RDS-db.m5.large,eu-west-1,7.414919999999999,143069688.0,1
2026-02-27,Database,RDS-db.m5.large,us-east-1,9531.657,212416682.77,3
2026-02-27,Database,RDS-db.m5.large,us-west-2,4630.0488000000005,239162530.49,3
2026-02-27,Database,SQLDb-S2,UNKNOWN,2937.8190999999997,1418555.69,2
2026-02-27,Database,SQLDb-S2,canadacentral,3344.8356,4243102.800000001,2
2026-02-27,Database,SQLDb-S2,centralindia,2405.2934999999998,113003346.42999999,3
2026-02-27,Database,SQLDb-S2,eastus,0.78576,1067.67,1
2026-02-27,Database,SQLDb-S2,southeastasia,64.94604,2971930.1199999996,2
2026-02-27,Database,SQLDb-S2,westeurope,23.63436,160615494.22,3
2026-02-27,Storage,Blob-Cool,centralindia,3237.7584,4672.0392,2
2026-02-27,Storage,Blob-Cool,eastus,87.9642,2457.45,2
2026-02-27,Storage,Blob-Cool,westeurope,-124.33108,6.6991,2
2026-02-27,Storage,Blob-Hot,centralindia,3.3480000000000003,0.2399,1
2026-02-27,Storage,Blob-Hot,eastus,375.0084,4528.5364,2
2026-02-27,Storage,Blob-Hot,southeastasia,3.94212,4506.74,1
2026-02-27,Storage,Blob-Hot,westeurope,2.27184,4964.79,1
2026-02-27,Storage,GCS-Nearline,asia-south1,1.53,6730.39,2
2026-02-27,Storage,GCS-Nearline,asia-southeast1,126.2088,3303.28,1
2026-02-27,Storage,GCS-Nearline,europe-west1,4.88832,5402.06,2
2026-02-27,Storage,GCS-Standard,asia-south1,4.21032,3724.4989,2
2026-02-27,Storage,GCS-Standard,asia-southeast1,581.0583799999999,8637.8657,3
2026-02-27,Storage,GCS-Standard,europe-west1,0.6477,0.0209,1
2026-02-27,Storage,GCS-Standard,us-central1,7.081320000000001,7080.747600000001,3
2026-02-27,Storage,S3-IA,ap-south-1,304.97336,10612.71,4
2026-02-27,Storage,S3-IA,ap-southeast-1,42.4688,0.3775,1
2026-02-27,Storage,S3-IA,us-east-1,2626.6819,3506.1856,4
2026-02-27,Storage,S3-IA,us-west-2,745.254,2266.8139,2
2026-02-27,Storage,S3-Standard,ap-south-1,245.86,2.5543,1
2026-02-27,Storage,S3-Standard,ap-southeast-1,60.17608,7547.216,4
2026-02-27,Storage,S3-Standard,eu-west-1,149.9,2331.57,1
2026-02-27,Storage,S3-Standard,us-east-1,2.36712,7554.17,2
2026-02-27,Storage,S3-Standard,us-west-2,80.55720000000001,0.8167,1
2026-02-28,Compute,EC2-t3.large,ap-south-1,680.31,13754.33,1
2026-02-28,Compute,EC2-t3.large,eu-west-1,8.07708,3707422.8,3
2026-02-28,Compute,EC2-t3.large,us-east-1,363.69,111617964.0,1
2026-02-28,Compute,EC2-t3.medium,ap-southeast-1,4778.7289,149057835.6,2
2026-02-28,Compute,EC2-t3.medium,us-west-2,1053.26206,203229799.8,3
2026-02-28,Compute,EC2-t3.xlarge,ap-south-1,3849.84,46463.24,1
2026-02-28,Compute,EC2-t3.xlarge,ap-southeast-1,378.8664,2688520.8,1
2026-02-28,Compute,GCE-n1-standard-2,us-central1,3674.538,34146.46,1
2026-02-28,Compute,GCE-n1-standard-4,asia-south1,3689.6256,4644369612.0,1
2026-02-28,Compute,GCE-n1-standard-4,us-central1,2980.2328,26791.68,1
2026-02-28,Compute,GCE-n1-standard-4,us-west1,35.79516,33975.02,1
2026-02-28,Compute,GCE-n1-standard-8,us-central1,1966.3283,85564116.0,1
2026-02-28,Compute,VM-Standard_D2s,centralindia,532.8396,35595720.0,1
2026-02-28,Compute,VM-Standard_D2s,southeastasia,1354.1107200000006,71891035.39,2
2026-02-28,Compute,VM-Standard_D4s,centralindia,28.66092,37026.74,1
2026-02-28,Compute,VM-Standard_D4s,eastus,437.261,29559672.0,1
2026-02-28,Compute,VM-Standard_D4s,southeastasia,2328.696,44623.88,1
2026-02-28,Compute,VM-Standard_D4s,westeurope,821.65,10172.45,1
2026-02-28,Compute,VM-Standard_D8s,canadacentral,1229.74,121003020.0,1
2026-02-28,Compute,VM-Standard_D8s,eastus,1764.21,102898548.0,1
2026-02-28,Compute,VM-Standard_D8s,southeastasia,5232.223599999999,219556927.8,3
2026-02-28,Compute,VM-Standard_D8s,westeurope,118.1412,1231.73,1
2026-02-28,Database,CloudSQL-db.standard-2,asia-southeast1,23.590200000000003,15943895.16,3
2026-02-28,Database,CloudSQL-db.standard-2,europe-west1,19.175880000000003,2770449.0,2
2026-02-28,Database,CloudSQL-db.standard-2,us-central1,5062.8559,172669881.6,3
2026-02-28,Database,CloudSQL-db.standard-2,us-west1,185.95,2247.69,1
2026-02-28,Database,RDS-db.m5.large,ap-south-1,1580.515,15500.69,1
2026-02-28,Database,RDS-db.m5.large,ap-southeast-1,7138.77128,401315257.52,8
2026-02-28,Database,RDS-db.m5.large,eu-west-1,17.55816,1459127.4,1
2026-02-28,Database,RDS-db.m5.large,us-east-1,202.5623,94168667.64,4
2026-02-28,Database,RDS-db.m5.large,us-west-2,3198.62712,2199620029.8,4
2026-02-28,Database,SQLDb-S2,canadacentral,2374.4088,51405106.79000001,3
2026-02-28,Database,SQLDb-S2,southeastasia,12.51948,23579.85,1
2026-02-28,Database,SQLDb-S2,westeurope,5713.405200000001,4460332.8,3
2026-02-28,Storage,Blob-Cool,canadacentral,254.1888,2785.2686999999996,2
2026-02-28,Storage,Blob-Cool,eastus,214.9094,3.6928,1
2026-02-28,Storage,Blob-Cool,southeastasia,3.76908,4.2245,1
2026-02-28,Storage,Blob-Cool,westeurope,2.6274,4032.88,1
2026-02-28,Storage,Blob-Hot,centralindia,229.997,1.9683,1
2026-02-28,Storage,Blob-Hot,eastus,160.9416,3317.38,2
2026-02-28,Storage,Blob-Hot,southeastasia,4408.6336,6830.0481,4
2026-02-28,Storage,Blob-Hot,westeurope,706.72714,7598.9205,4
2026-02-28,Storage,GCS-Nearline,asia-south1,2.71068,47182.5307,4
2026-02-28,Storage,GCS-Nearline,asia-southeast1,42.7101,0.7668,1
2026-02-28,Storage,GCS-Nearline,europe-west1,1.92012,637.2621,2
2026-02-28,Storage,GCS-Nearline,us-central1,0.4332,4780.1,1
2026-02-28,Storage,GCS-Nearline,us-west1,91.83224,1636.0974,2
2026-02-28,Storage,GCS-Standard,asia-south1,9.71724,3782.7778,4
2026-02-28,Storage,GCS-Standard,asia-southeast1,347.3704,2.6855,1
2026-02-28,Storage,GCS-Standard,europe-west1,0.40656,3705.3,1
2026-02-28,Storage,GCS-Standard,us-central1,202.59432000000004,4.878500000000001,2
2026-02-28,Storage,GCS-Standard,us-west1,1.74384,2033.276,2
2026-02-28,Storage,S3-IA,ap-south-1,12.88138,450.67859999999996,4
2026-02-28,Storage,S3-IA,ap-southeast-1,146.17304,4893.6825,2
2026-02-28,Storage,S3-IA,eu-west-1,-187.17119999999997,3612.9396,4
2026-02-28,Storage,S3-IA,us-east-1,429.73,4889.67,1
2026-02-28,Storage,S3-IA,us-west-2,378.97,761.5879,2
2026-02-28,Storage,S3-Standard,UNKNOWN,113.21,1330.27,1
2026-02-28,Storage,S3-Standard,ap-south-1,0.32364,3720.03,1
2026-02-28,Storage,S3-Standard,ap-southeast-1,4.8127200000000006,6.4194,2
2026-02-28,Storage,S3-Standard,us-east-1,305.98044000000004,3812.1018,4
2026-03-01,Compute,EC2-t3.large,ap-south-1,22.39404,425403.08,2
2026-03-01,Compute,EC2-t3.large,ap-southeast-1,3274.73,51918908.4,2
2026-03-01,Compute,EC2-t3.large,eu-west-1,94.1624,7010487.6,2
2026-03-01,Compute,EC2-t3.large,us-east-1,151.13,39467.88,2
2026-03-01,Compute,EC2-t3.large,us-west-2,1.09548,40431060.0,1
2026-03-01,Compute,EC2-t3.medium,ap-southeast-1,91.0971,32496804.0,1
2026-03-01,Compute,EC2-t3.medium,us-east-1,26.79528,27954.24,1
2026-03-01,Compute,EC2-t3.medium,us-west-2,76.20408,69910.94,2
2026-03-01,Compute,EC2-t3.xlarge,ap-southeast-1,2352.62356,2845540.46,2
2026-03-01,Compute,EC2-t3.xlarge,eu-west-1,272.83410000000003,3843.02,1
2026-03-01,Compute,EC2-t3.xlarge,us-east-1,5.77884,10807.92,1
2026-03-01,Compute,EC2-t3.xlarge,us-west-2,3113.9952200000002,2398861.1999999997,2
2026-03-01,Compute,GCE-n1-standard-2,us-central1,210.4517,6373.42,1
2026-03-01,Compute,GCE-n1-standard-4,asia-south1,48.16248,41795.86,1
2026-03-01,Compute,GCE-n1-standard-4,asia-southeast1,396.35256000000004,2837915647.92,3
2026-03-01,Compute,GCE-n1-standard-4,europe-west1,29.57016,158724180.0,1
2026-03-01,Compute,GCE-n1-standard-8,asia-south1,40.07976,48188.29,1
2026-03-01,Compute,GCE-n1-standard-8,us-west1,385.8408,1159477.8,2
2026-03-01,Compute,UNKNOWN,westeurope,314.2107,19779.38,1
2026-03-01,Compute,VM-Standard_D2s,centralindia,2874.0312,2377061.4,1
2026-03-01,Compute,VM-Standard_D2s,eastus,2425.23,34093.0,1
2026-03-01,Compute,VM-Standard_D2s,westeurope,0.7044,1005331392.0,1
2026-03-01,Compute,VM-Standard_D4s,canadacentral,-80.65440000000001,27359.55,1
2026-03-01,Compute,VM-Standard_D4s,eastus,11.37,937.41,1
2026-03-01,Compute,VM-Standard_D8s,centralindia,697.6476000000001,22621069.8,1
2026-03-01,Compute,VM-Standard_D8s,eastus,631.94,45402.09,1
2026-03-01,Compute,VM-Standard_D8s,southeastasia,846.66,54271404.0,1
2026-03-01,Database,CloudSQL-db.standard-2,asia-south1,5623.970760000001,133790258.61,4
2026-03-01,Database,CloudSQL-db.standard-2,asia-southeast1,1409.93352,203104404.0,3
2026-03-01,Database,CloudSQL-db.standard-2,europe-west1,3044.1603,50372624.4,2
2026-03-01,Database,CloudSQL-db.standard-2,us-central1,1815.048,134936964.0,1
2026-03-01,Database,CloudSQL-db.standard-2,us-west1,3204.94624,148983126.14,6
2026-03-01,Database,RDS-db.m5.large,ap-south-1,200.3490599999999,44916391.949999996,5
2026-03-01,Database,RDS-db.m5.large,ap-southeast-1,2414.26904,319303959.2,5
2026-03-01,Database,RDS-db.m5.large,eu-west-1,3447.4047200000005,258945511.47,6
2026-03-01,Database,RDS-db.m5.large,us-east-1,290.75316,118695853.84,3
2026-03-01,Database,RDS-db.m5.large,us-west-2,2.73276,158123.4,1
2026-03-01,Database,SQLDb-S2,canadacentral,4014.2858600000004,4552696.2,2
2026-03-01,Database,SQLDb-S2,centralindia,1621.0084,174879061.79,2
2026-03-01,Database,SQLDb-S2,eastus,47.36888,119634660.0,2
2026-03-01,Database,SQLDb-S2,southeastasia,2833.660800000001,142061832.0,1
2026-03-01,Database,SQLDb-S2,westeurope,8777.145960000002,263757605.9,4
2026-03-01,Database,UNKNOWN,westeurope,1062.85,176032548.0,1
2026-03-01,Storage,Blob-Cool,centralindia,27.23,2.8755,1
2026-03-01,Storage,Blob-Cool,eastus,127.60199999999999,4117.5599,2
2026-03-01,Storage,Blob-Cool,southeastasia,221.7955,9.1181,2
2026-03-01,Storage,Blob-Cool,westeurope,13.10336,4.5106,2
2026-03-01,Storage,Blob-Hot,canadacentral,1252.5948000000003,2817.2448,3
2026-03-01,Storage,Blob-Hot,eastus,1.68108,2.7766,1
2026-03-01,Storage,Blob-Hot,southeastasia,476.6472,4826.1,1
2026-03-01,Storage,Blob-Hot,westeurope,278.9148,9.336,2
2026-03-01,Storage,GCS-Nearline,asia-south1,5.234400000000001,3945.975,3
2026-03-01,Storage,GCS-Nearline,asia-southeast1,227.82999999999998,152.0239,2
2026-03-01,Storage,GCS-Nearline,europe-west1,93.76727999999999,1461.5134,3
2026-03-01,Storage,GCS-Standard,asia-south1,3.25152,3552.23,1
2026-03-01,Storage,GCS-Standard,europe-west1,1.5621600000000002,4201.54,1
2026-03-01,Storage,S3-IA,UNKNOWN,0.25056,361.96,2
2026-03-01,Storage,S3-IA,ap-south-1,3.90408,3949.92,1
2026-03-01,Storage,S3-IA,ap-southeast-1,305.46006,69759.33,2
2026-03-01,Storage,S3-IA,eu-west-1,450.67152,11903.73,4
2026-03-01,Storage,S3-IA,us-east-1,1.36632,3405.75,1
2026-03-01,Storage,S3-IA,us-west-2,96.94512,10975.31,3
2026-03-01,Storage,S3-Standard,ap-south-1,300.85,6760.17,2
2026-03-01,Storage,S3-Standard,eu-west-1,437.18292,9871.900000000001,3
2026-03-01,Storage,UNKNOWN,asia-south1,560.4383,99671.53,1
2026-03-01,Storage,UNKNOWN,westeurope,1.49448,2.122,1
2026-03-02,Compute,EC2-t3.large,ap-south-1,1287.52812,163444500.2,2
2026-03-02,Compute,EC2-t3.large,eu-west-1,19.98852,30321.42,1
2026-03-02,Compute,EC2-t3.large,us-east-1,80.02,19075680.0,1
2026-03-02,Compute,EC2-t3.xlarge,ap-south-1,1237.91,12710.23,1
2026-03-02,Compute,EC2-t3.xlarge,ap-southeast-1,53.4984,2839831.8,1
2026-03-02,Compute,EC2-t3.xlarge,eu-west-1,1690.6,172306764.0,1
2026-03-02,Compute,EC2-t3.xlarge,us-west-2,44.43888,37407.78,1
2026-03-02,Compute,GCE-n1-standard-4,asia-south1,1779.0286999999998,158697072.0,1
2026-03-02,Compute,GCE-n1-standard-4,europe-west1,253.6488,9044892.0,1
2026-03-02,Compute,GCE-n1-standard-4,us-west1,1041.7572,24156.44,1
2026-03-02,Compute,GCE-n1-standard-8,asia-south1,12.970680000000002,61033210.4,2
2026-03-02,Compute,GCE-n1-standard-8,asia-southeast1,2944.468800000001,122099652.0,1
2026-03-02,Compute,GCE-n1-standard-8,europe-west1,2807.48,93929.08,2
2026-03-02,Compute,GCE-n1-standard-8,us-central1,344.39637999999997,179204263.58,3
2026-03-02,Compute,GCE-n1-standard-8,us-west1,34.94844,34077.47,1
2026-03-02,Compute,UNKNOWN,us-east-1,1645.87,31156.51,1
2026-03-02,Compute,VM-Standard_D2s,eastus,1997.136,84637584.0,1
2026-03-02,Compute,VM-Standard_D2s,southeastasia,2341.17,2018123.4,1
2026-03-02,Compute,VM-Standard_D4s,eastus,988.66,1266219.0,1
2026-03-02,Compute,VM-Standard_D8s,centralindia,2530.48,240316812.0,3
2026-03-02,Database,CloudSQL-db.standard-2,asia-southeast1,16.34724,90309744.0,1
2026-03-02,Database,CloudSQL-db.standard-2,us-central1,1200.6199,87196968.0,1
2026-03-02,Database,CloudSQL-db.standard-2,us-west1,834.5237999999999,164042490.56,2
2026-03-02,Database,RDS-db.m5.large,UNKNOWN,665.865,31351314.56,2
2026-03-02,Database,RDS-db.m5.large,ap-south-1,1815.00474,74514.84,3
2026-03-02,Database,RDS-db.m5.large,ap-southeast-1,1095.7179,780050.4,1
2026-03-02,Database,RDS-db.m5.large,us-east-1,6795.725280000001,132654264.2,7
2026-03-02,Database,RDS-db.m5.large,us-west-2,4732.7082,141213383.94,3
2026-03-02,Database,SQLDb-S2,canadacentral,3325.0492999999997,183885048.0,2
2026-03-02,Database,SQLDb-S2,centralindia,10.89756,664983.0,1
2026-03-02,Database,SQLDb-S2,eastus,267.8684,9942.69,1
2026-03-02,Database,SQLDb-S2,southeastasia,19.97112,32811.52,1
2026-03-02,Database,SQLDb-S2,westeurope,4758.00672,5114866.8,4
2026-03-02,Storage,Blob-Cool,southeastasia,477.62,122.22149999999999,3
2026-03-02,Storage,Blob-Hot,eastus,3392.9131,10.4828,3
2026-03-02,Storage,GCS-Nearline,asia-south1,1.1502,2.2634,1
2026-03-02,Storage,GCS-Nearline,asia-southeast1,2.97684,2.6799,1
2026-03-02,Storage,GCS-Nearline,us-west1,51.6255,4181.83,1
2026-03-02,Storage,GCS-Standard,asia-south1,3625.34188,3584.7072000000003,4
2026-03-02,Storage,GCS-Standard,us-central1,-84.55320000000002,886.08,1
2026-03-02,Storage,GCS-Standard,us-west1,0.876,4.0659,2
2026-03-02,Storage,S3-IA,ap-south-1,49.31,1.2029,1
2026-03-02,Storage,S3-IA,ap-southeast-1,149.1379,2876.86,2
2026-03-02,Storage,S3-IA,us-east-1,389.79630000000003,8984.09,3
2026-03-02,Storage,S3-IA,us-west-2,576.65616,10895.3737,5
2026-03-02,Storage,S3-Standard,ap-south-1,61.527240000000006,62820.65,3
2026-03-02,Storage,S3-Standard,ap-southeast-1,13.130560000000001,2105.9900000000002,2
2026-03-02,Storage,S3-Standard,eu-west-1,2.5772399999999998,1457.2177000000001,2
2026-03-02,Storage,S3-Standard,us-west-2,1.87092,2209.72,1
2026-03-02,Storage,UNKNOWN,ap-south-1,40.3987,4727.8,1
2026-03-03,Compute,EC2-t3.large,ap-south-1,326.45,594844.8,1
2026-03-03,Compute,EC2-t3.large,ap-southeast-1,3410.1785999999997,5038404.0,2
2026-03-03,Compute,EC2-t3.large,eu-west-1,33.801,2625297.6,1
2026-03-03,Compute,EC2-t3.large,us-east-1,277.37,1403839.2,1
2026-03-03,Compute,EC2-t3.large,us-west-2,295.35,37572444.0,1
2026-03-03,Compute,EC2-t3.medium,ap-south-1,8324.21876,175703045.58,4
2026-03-03,Compute,EC2-t3.medium,ap-southeast-1,2146.0841,77954904.0,1
2026-03-03,Compute,EC2-t3.medium,eu-west-1,3982.42,45115.28,1
2026-03-03,Compute,EC2-t3.medium,us-east-1,1177.4394,3603612979.77,2
2026-03-03,Compute,EC2-t3.medium,us-west-2,2598.4962,2727554.4,2
2026-03-03,Compute,EC2-t3.xlarge,ap-south-1,2173.5542,19054.95,1
2026-03-03,Compute,GCE-n1-standard-2,asia-south1,3237.0052,30445573.3,4
2026-03-03,Compute,GCE-n1-standard-2,asia-southeast1,1404.53,866740.2,1
2026-03-03,Compute,GCE-n1-standard-2,europe-west1,42.91536000000001,38870.27,1
2026-03-03,Compute,GCE-n1-standard-2,us-central1,2.7134400000000003,1144213.8,1
2026-03-03,Compute,GCE-n1-standard-4,asia-south1,2537.9172,37389.02,1
2026-03-03,Compute,GCE-n1-standard-4,us-central1,4030.5492,43650.71,1
2026-03-03,Compute,GCE-n1-standard-8,us-central1,5416.653600000001,243414288.0,2
2026-03-03,Compute,GCE-n1-standard-8,us-west1,3060.666,165711492.0,1
2026-03-03,Compute,UNKNOWN,canadacentral,632.4156,1331735436.0,1
2026-03-03,Compute,VM-Standard_D2s,canadacentral,230.1367,24986448.0,1
2026-03-03,Compute,VM-Standard_D2s,southeastasia,657.8712,527183.4,1
2026-03-03,Compute,VM-Standard_D2s,westeurope,1498.1682,49651020.0,1
2026-03-03,Compute,VM-Standard_D4s,canadacentral,900.0998000000001,7233.91,1
2026-03-03,Compute,VM-Standard_D4s,eastus,1437.8384,18957.79,2
2026-03-03,Compute,VM-Standard_D8s,southeastasia,511.056,97584192.0,1
2026-03-03,Database,CloudSQL-db.standard-2,asia-south1,1866.5470599999996,84218553.83999999,5
2026-03-03,Database,CloudSQL-db.standard-2,asia-southeast1,629.7167999999999,66289464.0,1
2026-03-03,Database,CloudSQL-db.standard-2,europe-west1,762.41256,81795216.14,3
2026-03-03,Database,CloudSQL-db.standard-2,us-central1,1362.6576000000002,50834268.0,1
2026-03-03,Database,CloudSQL-db.standard-2,us-west1,3.2995200000000002,19982063.79,2
2026-03-03,Database,RDS-db.m5.large,UNKNOWN,265.05,11028.15,1
2026-03-03,Database,RDS-db.m5.large,ap-south-1,2668.43868,44073532.63,3
2026-03-03,Database,RDS-db.m5.large,eu-west-1,5218.57396,260260564.18,4
2026-03-03,Database,RDS-db.m5.large,us-east-1,20.57772,2215326.0,1
2026-03-03,Database,RDS-db.m5.large,us-west-2,1298.9,50020596.0,1
2026-03-03,Database,SQLDb-S2,eastus,4120.4253,147844289.83,4
2026-03-03,Database,SQLDb-S2,southeastasia,2240.7192,78318900.0,2
2026-03-03,Database,SQLDb-S2,westeurope,611.47284,47997728.51,2
2026-03-03,Storage,Blob-Cool,canadacentral,207.79200000000003,3281.66,1
2026-03-03,Storage,Blob-Cool,eastus,0.0048,0.0345,1
2026-03-03,Storage,Blob-Cool,southeastasia,62.85230000000001,4009.9492,2
2026-03-03,Storage,Blob-Hot,UNKNOWN,1.2846,2.5323,1
2026-03-03,Storage,Blob-Hot,canadacentral,92.3417,2006.42,1
2026-03-03,Storage,Blob-Hot,centralindia,1029.8756,205.82240000000002,5
2026-03-03,Storage,Blob-Hot,westeurope,4.95168,4329.4342,3
2026-03-03,Storage,GCS-Nearline,asia-south1,255.96992,5707.2862000000005,3
2026-03-03,Storage,GCS-Nearline,europe-west1,113.56,1.8153,1
2026-03-03,Storage,GCS-Standard,asia-south1,28.465,60810.454600000005,2
2026-03-03,Storage,GCS-Standard,asia-southeast1,1.50912,1.2609,1
2026-03-03,Storage,GCS-Standard,us-central1,201.81055999999998,10915.74,3
2026-03-03,Storage,GCS-Standard,us-west1,27.48752,3515.7057999999997,2
2026-03-03,Storage,S3-IA,UNKNOWN,0.67416,3366.64,1
2026-03-03,Storage,S3-IA,ap-south-1,60.435559999999995,10291.796999999999,4
2026-03-03,Storage,S3-IA,ap-southeast-1,0.25608,2.1449,1
2026-03-03,Storage,S3-IA,eu-west-1,1.059,2313.9,1
2026-03-03,Storage,S3-IA,us-east-1,232.52,3.5284,1
2026-03-03,Storage,S3-IA,us-west-2,52.6788,3472.21,2
2026-03-03,Storage,S3-Standard,UNKNOWN,23.41,420.39,1
2026-03-03,Storage,S3-Standard,ap-south-1,2.5311600000000003,4521.1887,2
2026-03-03,Storage,S3-Standard,ap-southeast-1,332.1234,8.436,2
2026-03-03,Storage,S3-Standard,eu-west-1,305.66999999999996,1554.7868999999998,2
2026-03-03,Storage,S3-Standard,us-east-1,0.8018399999999999,3188.99,1
2026-03-03,Storage,S3-Standard,us-west-2,104.1304,9964.539999999999,3
2026-03-04,Compute,EC2-t3.large,UNKNOWN,19.45884,17774.67,1
2026-03-04,Compute,EC2-t3.large,ap-south-1,20.33124,18816.71,1
2026-03-04,Compute,EC2-t3.large,ap-southeast-1,427.62,11511.29,1
2026-03-04,Compute,EC2-t3.large,us-east-1,5148.41932,944756.3099999999,3
2026-03-04,Compute,EC2-t3.medium,ap-south-1,16.057199999999998,41237.35,1
2026-03-04,Compute,EC2-t3.medium,ap-southeast-1,10.79856,953314.2,1
2026-03-04,Compute,EC2-t3.medium,eu-west-1,1382.0328000000002,2191563.6,2
2026-03-04,Compute,EC2-t3.medium,us-east-1,1054.4099999999999,1327001.78,3
2026-03-04,Compute,EC2-t3.medium,us-west-2,2505.64628,37878099.94,3
2026-03-04,Compute,EC2-t3.xlarge,UNKNOWN,1605.08,34387.99,1
2026-03-04,Compute,EC2-t3.xlarge,ap-southeast-1,1659.9915999999998,48541.17,1
2026-03-04,Compute,EC2-t3.xlarge,us-east-1,8794.01268,269586069.33000004,3
2026-03-04,Compute,GCE-n1-standard-2,asia-south1,14.5476,33860.4,1
2026-03-04,Compute,GCE-n1-standard-4,asia-southeast1,9409.45576,37284110.160000004,5
2026-03-04,Compute,GCE-n1-standard-4,us-west1,2.93592,68675868.0,1
2026-03-04,Compute,GCE-n1-standard-8,asia-south1,80.9028,102601584.0,1
2026-03-04,Compute,GCE-n1-standard-8,asia-southeast1,871.2576000000001,129189312.0,1
2026-03-04,Compute,GCE-n1-standard-8,europe-west1,42.63744,43343.74,1
2026-03-04,Compute,GCE-n1-standard-8,us-central1,740.84,22307.34,1
2026-03-04,Compute,UNKNOWN,southeastasia,14.710680000000002,882000.6,1
2026-03-04,Compute,VM-Standard_D2s,UNKNOWN,1066.9644,11209.68,1
2026-03-04,Compute,VM-Standard_D2s,canadacentral,52.59828,3741146.4,2
2026-03-04,Compute,VM-Standard_D2s,centralindia,1793.6208,28555.87,1
2026-03-04,Compute,VM-Standard_D2s,southeastasia,9.85,4306.97,1
2026-03-04,Compute,VM-Standard_D2s,westeurope,1233.56,17806.95,1
2026-03-04,Compute,VM-Standard_D4s,eastus,4282.5348,47394.5,1
2026-03-04,Compute,VM-Standard_D4s,southeastasia,1070.3448,20993.34,1
2026-03-04,Compute,VM-Standard_D8s,canadacentral,276.0588,22278528.0,1
2026-03-04,Compute,VM-Standard_D8s,centralindia,1057.656,30756.52,1
2026-03-04,Compute,VM-Standard_D8s,eastus,2600.2728,113920632.0,2
2026-03-04,Compute,VM-Standard_D8s,southeastasia,3910.842000000001,177187320.0,1
2026-03-04,Database,CloudSQL-db.standard-2,asia-south1,152.28404,42386840.4,3
2026-03-04,Database,CloudSQL-db.standard-2,asia-southeast1,1789.7577,2454371.4,3
2026-03-04,Database,CloudSQL-db.standard-2,us-central1,1067.85,124652268.0,1
2026-03-04,Database,CloudSQL-db.standard-2,us-west1,826.8650800000001,537371517.6,4
2026-03-04,Database,RDS-db.m5.large,ap-southeast-1,3230.77,45842.3,1
2026-03-04,Database,RDS-db.m5.large,eu-west-1,878.80944,87179681.1,3
2026-03-04,Database,RDS-db.m5.large,us-east-1,3162.3759600000003,149692241.53,4
2026-03-04,Database,RDS-db.m5.large,us-west-2,461.4037,1063707.6,1
2026-03-04,Database,SQLDb-S2,canadacentral,18.30444,37616.59,1
2026-03-04,Database,SQLDb-S2,centralindia,465.1128,7251.38,2
2026-03-04,Database,SQLDb-S2,eastus,8904.8832,284157901.57,7
2026-03-04,Database,SQLDb-S2,southeastasia,1.44168,26429076.0,1
2026-03-04,Database,SQLDb-S2,westeurope,199.3248,174489228.0,1
2026-03-04,Database,UNKNOWN,eu-west-1,684.7459,583665.6,1
2026-03-04,Storage,Blob-Cool,canadacentral,23.3604,280.97,1
2026-03-04,Storage,Blob-Cool,centralindia,82.5768,1.2579,1
2026-03-04,Storage,Blob-Cool,westeurope,0.23532,3.8393,1
2026-03-04,Storage,Blob-Hot,canadacentral,47.671200000000006,4768.6,1
2026-03-04,Storage,Blob-Hot,centralindia,152.64,141676.82,1
2026-03-04,Storage,Blob-Hot,eastus,74.99199999999999,2150.871,2
2026-03-04,Storage,Blob-Hot,southeastasia,275.9916,1642.8001,2
2026-03-04,Storage,Blob-Hot,westeurope,308.22,5771.35,2
2026-03-04,Storage,GCS-Nearline,europe-west1,93.16824000000001,1961.4836,3
2026-03-04,Storage,GCS-Nearline,us-central1,0.6069599999999999,937.53,2
2026-03-04,Storage,GCS-Standard,asia-south1,3.74,249.79,1
2026-03-04,Storage,GCS-Standard,europe-west1,3.9116,2.9826,1
2026-03-04,Storage,GCS-Standard,us-central1,294.27320000000003,3095.7788,2
2026-03-04,Storage,GCS-Standard,us-west1,189.86388,8323.779999999999,2
2026-03-04,Storage,S3-IA,ap-south-1,2.11464,123.0958,2
2026-03-04,Storage,S3-IA,us-east-1,107.35,3.9833,1
2026-03-04,Storage,S3-IA,us-west-2,26.75,1540.31,1
2026-03-04,Storage,S3-Standard,ap-south-1,6.4872,7.059100000000001,3
2026-03-04,Storage,S3-Standard,us-west-2,384.18,8.6238,2
2026-03-04,Storage,UNKNOWN,ap-south-1,45.6946,4778.31,1
2026-03-04,Storage,UNKNOWN,asia-south1,0.74928,1.0661,1
2026-03-04,Storage,UNKNOWN,us-east-1,228.346,2.4715,1
2026-03-05,Compute,EC2-t3.large,ap-southeast-1,1939.8232,2924011606.2,3
2026-03-05,Compute,EC2-t3.large,eu-west-1,5.8944,722058.6,1
2026-03-05,Compute,EC2-t3.medium,ap-southeast-1,1205.94,85689000.0,1
2026-03-05,Compute,EC2-t3.medium,eu-west-1,2397.7219,2236985.4,1
2026-03-05,Compute,EC2-t3.medium,us-east-1,78.35,153841.8,1
2026-03-05,Compute,EC2-t3.medium,us-west-2,1163.4343,46676556.0,1
2026-03-05,Compute,EC2-t3.xlarge,ap-southeast-1,7306.8062,120080777.83,4
2026-03-05,Compute,EC2-t3.xlarge,eu-west-1,293.8008,9818360.4,2
2026-03-05,Compute,EC2-t3.xlarge,us-east-1,20.85924,46388.07,1
2026-03-05,Compute,GCE-n1-standard-2,europe-west1,1672.6068000000002,77647392.0,1
2026-03-05,Compute,GCE-n1-standard-2,us-west1,2317.7664,27389.95,1
2026-03-05,Compute,GCE-n1-standard-4,asia-south1,1680.2,28798.4,1
2026-03-05,Compute,GCE-n1-standard-4,asia-southeast1,28.842600000000004,119898612.0,1
2026-03-05,Compute,GCE-n1-standard-4,europe-west1,67.70808,24821443.45,2
2026-03-05,Compute,GCE-n1-standard-8,asia-southeast1,185.2308,12137.62,1
2026-03-05,Compute,GCE-n1-standard-8,us-west1,27.12396,34459.79,1
2026-03-05,Compute,UNKNOWN,eu-west-1,1919.73,44199.09,1
2026-03-05,Compute,UNKNOWN,us-west-2,2603.62752,44910.89,2
2026-03-05,Compute,VM-Standard_D2s,centralindia,71.6688,34772.34,1
2026-03-05,Compute,VM-Standard_D2s,eastus,3119.31372,187750692.0,2
2026-03-05,Compute,VM-Standard_D2s,westeurope,1786.2551999999998,800145.49,2
2026-03-05,Compute,VM-Standard_D4s,canadacentral,4550.9,167058108.0,1
2026-03-05,Compute,VM-Standard_D4s,centralindia,13.18,325939356.0,1
2026-03-05,Compute,VM-Standard_D4s,eastus,223.43,68449356.0,1
2026-03-05,Compute,VM-Standard_D4s,southeastasia,1460.5372,1158178.96,2
2026-03-05,Compute,VM-Standard_D4s,westeurope,346.32,129388824.0,1
2026-03-05,Compute,VM-Standard_D8s,canadacentral,43.1244,1807.34,1
2026-03-05,Compute,VM-Standard_D8s,eastus,2.1630000000000003,1826977932.0,1
2026-03-05,Compute,VM-Standard_D8s,southeastasia,26.050800000000002,57163356.0,2
2026-03-05,Compute,VM-Standard_D8s,westeurope,62.6292,779.19,1
2026-03-05,Database,CloudSQL-db.standard-2,asia-south1,40.370760000000004,307184159.56,3
2026-03-05,Database,CloudSQL-db.standard-2,asia-southeast1,7183.079720000001,355643559.2,4
2026-03-05,Database,CloudSQL-db.standard-2,europe-west1,4.11696,8622.4,1
2026-03-05,Database,CloudSQL-db.standard-2,us-central1,19.69,14151.27,1
2026-03-05,Database,CloudSQL-db.standard-2,us-west1,704.4563,21490560.0,1
2026-03-05,Database,RDS-db.m5.large,ap-southeast-1,1679.70778,3694355.14,4
2026-03-05,Database,RDS-db.m5.large,eu-west-1,6103.39638,7050517272.0,4
2026-03-05,Database,RDS-db.m5.large,us-west-2,3955.66116,237890594.89000002,7
2026-03-05,Database,SQLDb-S2,UNKNOWN,1665.26092,124191192.6,2
2026-03-05,Database,SQLDb-S2,centralindia,2031.264,47759937.0,1
2026-03-05,Database,SQLDb-S2,eastus,7244.1676,118030606.35,4
2026-03-05,Database,SQLDb-S2,southeastasia,3489.5109,15225251.61,3
2026-03-05,Database,SQLDb-S2,westeurope,1175.5596,17060.07,2
2026-03-05,Storage,Blob-Cool,centralindia,76.86,1532.24,1
2026-03-05,Storage,Blob-Hot,canadacentral,129.4704,3307.16,2
2026-03-05,Storage,Blob-Hot,southeastasia,372.89590000000004,2683.1757000000002,3
2026-03-05,Storage,GCS-Nearline,europe-west1,342.87840000000006,3892.28,1
2026-03-05,Storage,GCS-Nearline,us-west1,1.15128,1639.4762,2
2026-03-05,Storage,GCS-Standard,asia-south1,330.20012,3600.0753,4
2026-03-05,Storage,GCS-Standard,europe-west1,2.31336,3.9484,2
2026-03-05,Storage,GCS-Standard,us-central1,51.033199999999994,1564.8592999999998,2
2026-03-05,Storage,S3-IA,ap-south-1,132.7384,1057.1742,4
2026-03-05,Storage,S3-IA,ap-southeast-1,268.66267999999997,1411.6531,2
2026-03-05,Storage,S3-IA,eu-west-1,69.99276,4285.6644,2
2026-03-05,Storage,S3-IA,us-east-1,0.07704,74.88,1
2026-03-05,Storage,S3-IA,us-west-2,194.76319999999998,3645.9641,3
2026-03-05,Storage,S3-Standard,UNKNOWN,1.10964,287.8354,2
2026-03-05,Storage,S3-Standard,ap-southeast-1,0.1536,2901.23,1
2026-03-05,Storage,S3-Standard,eu-west-1,172.90396,4882.12,2
2026-03-05,Storage,S3-Standard,us-east-1,42.89484,1.2656,2
2026-03-05,Storage,S3-Standard,us-west-2,60.37144,38102.52,2
2026-03-06,Compute,EC2-t3.large,ap-south-1,2302.9834,53112.67999999999,2
2026-03-06,Compute,EC2-t3.large,ap-southeast-1,943.89648,148282667.8,3
2026-03-06,Compute,EC2-t3.large,eu-west-1,2670.88,38454.35,1
2026-03-06,Compute,EC2-t3.large,us-east-1,1.0734,14984244.0,1
2026-03-06,Compute,EC2-t3.medium,ap-south-1,12.96048,46471.19,1
2026-03-06,Compute,EC2-t3.xlarge,ap-south-1,90.3,965.59,1
2026-03-06,Compute,EC2-t3.xlarge,eu-west-1,2397.4679,2636034.6,1
2026-03-06,Compute,EC2-t3.xlarge,us-east-1,756.98104,140504312.92,2
2026-03-06,Compute,EC2-t3.xlarge,us-west-2,4347.3751,45230.83,1
2026-03-06,Compute,GCE-n1-standard-2,asia-south1,674.64956,118802852.4,3
2026-03-06,Compute,GCE-n1-standard-2,asia-southeast1,0.28392,146099376.0,1
2026-03-06,Compute,GCE-n1-standard-2,europe-west1,999.6679,91369320.6,2
2026-03-06,Compute,GCE-n1-standard-2,us-central1,1975.96564,79439564.4,2
2026-03-06,Compute,GCE-n1-standard-4,asia-south1,3191.8656,30167.3,1
2026-03-06,Compute,GCE-n1-standard-4,asia-southeast1,1031.58,1889106.0,1
2026-03-06,Compute,GCE-n1-standard-4,us-central1,3116.0587600000003,341952743.4,3
2026-03-06,Compute,GCE-n1-standard-4,us-west1,4912.40844,89808209.4,2
2026-03-06,Compute,GCE-n1-standard-8,asia-southeast1,258.31,274092.6,1
2026-03-06,Compute,GCE-n1-standard-8,us-central1,168.19,19398204.0,1
2026-03-06,Compute,VM-Standard_D2s,UNKNOWN,750.766,218145.16,2
2026-03-06,Compute,VM-Standard_D2s,centralindia,3424.0024000000003,641899.46,3
2026-03-06,Compute,VM-Standard_D2s,westeurope,1.3698,95516.4,1
2026-03-06,Compute,VM-Standard_D4s,canadacentral,3615.11474,3056523.4,3
2026-03-06,Compute,VM-Standard_D4s,eastus,3065.8816,90834.2,2
2026-03-06,Compute,VM-Standard_D4s,southeastasia,4549.8519,159047206.88000003,3
2026-03-06,Compute,VM-Standard_D4s,westeurope,10.596,2536524.0,1
2026-03-06,Compute,VM-Standard_D8s,canadacentral,35.63244,30028.47,1
2026-03-06,Compute,VM-Standard_D8s,eastus,1133.244,14187.09,1
2026-03-06,Compute,VM-Standard_D8s,westeurope,39.8736,643.48,1
2026-03-06,Database,CloudSQL-db.standard-2,asia-south1,3437.6695600000007,157050374.16,4
2026-03-06,Database,CloudSQL-db.standard-2,asia-southeast1,415.13640000000004,23303281.8,2
2026-03-06,Database,CloudSQL-db.standard-2,europe-west1,2526.3468,224231888.4,5
2026-03-06,Database,CloudSQL-db.standard-2,us-central1,1937.6223799999998,148073639.4,4
2026-03-06,Database,CloudSQL-db.standard-2,us-west1,1727.3944000000001,2842865.0900000003,2
2026-03-06,Database,RDS-db.m5.large,ap-south-1,2512.6214,136361261.62,4
2026-03-06,Database,RDS-db.m5.large,ap-southeast-1,14.03412,50387544.0,1
2026-03-06,Database,RDS-db.m5.large,eu-west-1,8801.88,346418280.0,2
2026-03-06,Database,RDS-db.m5.large,us-east-1,0.0,35828.18,1
2026-03-06,Database,RDS-db.m5.large,us-west-2,1525.48832,125980936.71,4
2026-03-06,Database,SQLDb-S2,canadacentral,55.22544,288878616.0,2
2026-03-06,Database,SQLDb-S2,centralindia,1319.6736,99984384.0,1
2026-03-06,Database,SQLDb-S2,eastus,2965.9166,53221461.6,2
2026-03-06,Database,SQLDb-S2,southeastasia,5270.046399999999,5084724.59,3
2026-03-06,Database,SQLDb-S2,westeurope,30.78276,2169051.0,1
2026-03-06,Storage,Blob-Cool,eastus,223.7328,2314.66,1
2026-03-06,Storage,Blob-Hot,canadacentral,501.5483,5515.4583,3
2026-03-06,Storage,Blob-Hot,centralindia,0.37944,679.59,1
2026-03-06,Storage,Blob-Hot,southeastasia,392.7856,3.1158,1
2026-03-06,Storage,Blob-Hot,westeurope,218.78,4.2419,1
2026-03-06,Storage,GCS-Nearline,asia-southeast1,555.8663,4.7748,1
2026-03-06,Storage,GCS-Nearline,us-central1,261.0684,4.3221,1
2026-03-06,Storage,GCS-Standard,asia-southeast1,1.83036,2.0301,1
2026-03-06,Storage,GCS-Standard,europe-west1,60.9228,781.46,1
2026-03-06,Storage,S3-IA,UNKNOWN,-144.44,1458.16,2
2026-03-06,Storage,S3-IA,ap-south-1,21.5646,0.7813,1
2026-03-06,Storage,S3-IA,ap-southeast-1,212.84,4.8437,1
2026-03-06,Storage,S3-IA,us-east-1,395.96376,8005.35,2
2026-03-06,Storage,S3-IA,us-west-2,0.34524,1108.4,1
2026-03-06,Storage,S3-Standard,ap-south-1,41.02584,2035.148,3
2026-03-07,Compute,EC2-t3.large,ap-southeast-1,57.726000000000006,31314.88,1
2026-03-07,Compute,EC2-t3.large,eu-west-1,8.978520000000001,798901.2,1
2026-03-07,Compute,EC2-t3.large,us-west-2,1872.1908,64927080.0,1
2026-03-07,Compute,EC2-t3.medium,eu-west-1,601.9546,578924.4,1
2026-03-07,Compute,EC2-t3.medium,us-east-1,3301.26,123677892.0,1
2026-03-07,Compute,EC2-t3.medium,us-west-2,2291.1808,14227376.98,3
2026-03-07,Compute,EC2-t3.xlarge,ap-south-1,2796.08,36189.38,2
2026-03-07,Compute,EC2-t3.xlarge,ap-southeast-1,3.04056,112317588.0,1
2026-03-07,Compute,EC2-t3.xlarge,us-west-2,1978.91688,240947064.0,2
2026-03-07,Compute,GCE-n1-standard-2,asia-southeast1,2610.5112,108423288.0,1
2026-03-07,Compute,GCE-n1-standard-2,europe-west1,346.34,176250996.0,1
2026-03-07,Compute,GCE-n1-standard-2,us-central1,999.66306,12715542.86,2
2026-03-07,Compute,GCE-n1-standard-2,us-west1,20.36,926892.0,1
2026-03-07,Compute,GCE-n1-standard-4,asia-southeast1,37.8054,176329800.0,1
2026-03-07,Compute,GCE-n1-standard-4,us-central1,37.35888,5571721.58,3
2026-03-07,Compute,GCE-n1-standard-8,asia-south1,3.4953600000000016,166834485.07,3
2026-03-07,Compute,GCE-n1-standard-8,europe-west1,3421.12,2919928.2,1
2026-03-07,Compute,UNKNOWN,ap-south-1,1099.3,47120.23,1
2026-03-07,Compute,UNKNOWN,canadacentral,5099.5224,47406.7,1
2026-03-07,Compute,VM-Standard_D2s,eastus,394.20000000000005,19681122.57,2
2026-03-07,Compute,VM-Standard_D2s,southeastasia,998.2872,1521603.0,1
2026-03-07,Compute,VM-Standard_D4s,canadacentral,2874.0096000000003,87680392.22,2
2026-03-07,Compute,VM-Standard_D4s,southeastasia,73.36440000000002,4648.29,1
2026-03-07,Compute,VM-Standard_D4s,westeurope,6.414359999999999,76298.66,1
2026-03-07,Compute,VM-Standard_D8s,UNKNOWN,3.35256,7654.17,1
2026-03-07,Compute,VM-Standard_D8s,canadacentral,657.6768000000001,116495246.4,1
2026-03-07,Database,CloudSQL-db.standard-2,asia-southeast1,3847.4216,105538254.86,3
2026-03-07,Database,CloudSQL-db.standard-2,europe-west1,1242.94268,165921876.0,2
2026-03-07,Database,CloudSQL-db.standard-2,us-central1,4550.15124,6371652575.35,2
2026-03-07,Database,CloudSQL-db.standard-2,us-west1,1786.21724,97675.12,3
2026-03-07,Database,RDS-db.m5.large,UNKNOWN,1031.875,37533.83,1
2026-03-07,Database,RDS-db.m5.large,ap-southeast-1,616.7628,293095.2,2
2026-03-07,Database,RDS-db.m5.large,eu-west-1,262.77312,4158156.5999999996,2
2026-03-07,Database,RDS-db.m5.large,us-east-1,903.6,51628789.72,2
2026-03-07,Database,RDS-db.m5.large,us-west-2,3147.1092,39380.95,1
2026-03-07,Database,SQLDb-S2,canadacentral,5734.92318,471918886.78000003,5
2026-03-07,Database,SQLDb-S2,centralindia,1795.82948,3015516.18,2
2026-03-07,Database,SQLDb-S2,eastus,260.45176,16286768.03,3
2026-03-07,Database,SQLDb-S2,southeastasia,532.1554,156046032.0,1
2026-03-07,Database,SQLDb-S2,westeurope,3517.0739999999996,5087173140.0,2
2026-03-07,Storage,Blob-Cool,canadacentral,348.47280000000006,4258.4,1
2026-03-07,Storage,Blob-Cool,westeurope,59.71968000000001,82794.49669999999,2
2026-03-07,Storage,Blob-Hot,centralindia,60.37,880.15,1
2026-03-07,Storage,Blob-Hot,southeastasia,8.86104,2.8314,1
2026-03-07,Storage,GCS-Nearline,asia-south1,236.96,3025.31,1
2026-03-07,Storage,GCS-Nearline,asia-southeast1,15.6492,4.0023,1
2026-03-07,Storage,GCS-Nearline,europe-west1,244.782,3.1168,1
2026-03-07,Storage,GCS-Nearline,us-central1,358.722,3.2863,1
2026-03-07,Storage,GCS-Nearline,us-west1,0.02772,822.33,1
2026-03-07,Storage,GCS-Standard,asia-southeast1,165.9278,1268.3204,2
2026-03-07,Storage,GCS-Standard,us-central1,0.07884,475.18,1
2026-03-07,Storage,GCS-Standard,us-west1,0.95412,39.7215,1
2026-03-07,Storage,S3-IA,UNKNOWN,14.266800000000002,2.5257,1
2026-03-07,Storage,S3-IA,ap-southeast-1,2.42364,48437.68000000001,3
2026-03-07,Storage,S3-IA,us-east-1,248.94000000000003,3.0276,1
2026-03-07,Storage,S3-IA,us-west-2,0.78444,4201.52,1
2026-03-07,Storage,S3-Standard,ap-southeast-1,289.9302,2990.2882,2
2026-03-07,Storage,S3-Standard,eu-west-1,1533.2220000000002,0.1959,1
2026-03-07,Storage,S3-Standard,us-west-2,568.1691599999999,142726.0317,4
2026-03-08,Compute,EC2-t3.large,ap-south-1,746.2260000000001,601101.0,1
2026-03-08,Compute,EC2-t3.large,ap-southeast-1,2426.2334,142178791.14,3
2026-03-08,Compute,EC2-t3.large,eu-west-1,18.37224,1069214.4,1
2026-03-08,Compute,EC2-t3.large,us-east-1,5431.7987,411080472.0,3
2026-03-08,Compute,EC2-t3.large,us-west-2,2743.76954,1469990.69,2
2026-03-08,Compute,EC2-t3.medium,ap-south-1,1801.93,121787100.0,1
2026-03-08,Compute,EC2-t3.medium,eu-west-1,59.8416,3569302.8000000003,2
2026-03-08,Compute,EC2-t3.medium,us-east-1,183.8706,37825.1,2
2026-03-08,Compute,EC2-t3.xlarge,ap-south-1,32.30316,51658.66,2
2026-03-08,Compute,EC2-t3.xlarge,ap-southeast-1,616.9504400000001,2101332288.39,2
2026-03-08,Compute,EC2-t3.xlarge,us-east-1,51.7332,2131780.61,2
2026-03-08,Compute,EC2-t3.xlarge,us-west-2,15.74,392.91,1
2026-03-08,Compute,GCE-n1-standard-2,europe-west1,972.15,32794.71,1
2026-03-08,Compute,GCE-n1-standard-2,us-west1,2765.47752,129318560.4,3
2026-03-08,Compute,GCE-n1-standard-4,us-central1,1567.6118,1879696.2,1
2026-03-08,Compute,GCE-n1-standard-8,asia-south1,32.4696,198833436.0,2
2026-03-08,Compute,GCE-n1-standard-8,europe-west1,15.77388,56832120.0,1
2026-03-08,Compute,GCE-n1-standard-8,us-west1,1.99656,607272.6,1
2026-03-08,Compute,UNKNOWN,westeurope,3778.67,49374.67,1
2026-03-08,Compute,VM-Standard_D2s,centralindia,39.3774,138696408.0,1
2026-03-08,Compute,VM-Standard_D2s,southeastasia,649.23,35778.14,1
2026-03-08,Compute,VM-Standard_D4s,southeastasia,2890.9332,2140857.0,2
2026-03-08,Compute,VM-Standard_D8s,eastus,12.48288,23176.86,1
2026-03-08,Compute,VM-Standard_D8s,southeastasia,611.05,524174.4,1
2026-03-08,Database,CloudSQL-db.standard-2,asia-south1,3192.4043,40649.729999999996,2
2026-03-08,Database,CloudSQL-db.standard-2,asia-southeast1,2686.77,2215101.6,1
2026-03-08,Database,CloudSQL-db.standard-2,europe-west1,1892.0088,53723651.4,2
2026-03-08,Database,CloudSQL-db.standard-2,us-central1,2939.69682,82302780.94999999,5
2026-03-08,Database,CloudSQL-db.standard-2,us-west1,4.49472,26476092.0,1
2026-03-08,Database,RDS-db.m5.large,ap-south-1,5521.787,263122776.6,3
2026-03-08,Database,RDS-db.m5.large,ap-southeast-1,1533.88426,2665166.68,4
2026-03-08,Database,RDS-db.m5.large,eu-west-1,2.37804,11741148.0,1
2026-03-08,Database,RDS-db.m5.large,us-east-1,2347.81274,205615264.6,5
2026-03-08,Database,RDS-db.m5.large,us-west-2,22.467599999999997,167189364.0,2
2026-03-08,Database,SQLDb-S2,centralindia,3799.2177,117989028.0,1
2026-03-08,Database,SQLDb-S2,southeastasia,3263.9146,285929613.6,4
2026-03-08,Database,SQLDb-S2,westeurope,2544.82692,341596425.15,4
2026-03-08,Database,UNKNOWN,centralindia,210.2612,163200816.0,1
2026-03-08,Database,UNKNOWN,eu-west-1,25.502280000000003,174869532.0,1
2026-03-08,Storage,Blob-Cool,UNKNOWN,72.85,1490.54,1
2026-03-08,Storage,Blob-Cool,canadacentral,86.73,2452.84,1
2026-03-08,Storage,Blob-Hot,centralindia,0.31284,4001.01,1
2026-03-08,Storage,Blob-Hot,southeastasia,79.53120000000001,84.5036,1
2026-03-08,Storage,Blob-Hot,westeurope,87.89512,10.9687,2
2026-03-08,Storage,GCS-Nearline,asia-south1,0.12252,0.2241,1
2026-03-08,Storage,GCS-Nearline,asia-southeast1,1.6788,4082.69,1
2026-03-08,Storage,GCS-Nearline,us-central1,0.8017200000000001,3438.1421,2
2026-03-08,Storage,GCS-Nearline,us-west1,5.77656,4976.06,1
2026-03-08,Storage,GCS-Standard,UNKNOWN,1.52112,3468.71,1
2026-03-08,Storage,GCS-Standard,asia-southeast1,35.95,0.6161,1
2026-03-08,Storage,GCS-Standard,europe-west1,137.0387,184.43040000000002,3
2026-03-08,Storage,GCS-Standard,us-west1,316.68512,7532.139999999999,2
2026-03-08,Storage,S3-IA,ap-south-1,502.9,6.473599999999999,2
2026-03-08,Storage,S3-IA,eu-west-1,3.64728,3599.11,2
2026-03-08,Storage,S3-IA,us-east-1,276.05,3731.6166,2
2026-03-08,Storage,S3-IA,us-west-2,28.44,0.6199,1
2026-03-08,Storage,S3-Standard,ap-south-1,63.02392,5163.83,2
2026-03-08,Storage,S3-Standard,us-east-1,437.1025,1973.1087,2
2026-03-08,Storage,S3-Standard,us-west-2,0.6349199999999999,1.1388,1
2026-03-08,Storage,UNKNOWN,europe-west1,1.91952,3.3787,1
2026-03-08,Storage,UNKNOWN,southeastasia,56.59,0.6468,1
2026-03-09,Compute,EC2-t3.large,ap-southeast-1,2.6364,8137584.0,1
2026-03-09,Compute,EC2-t3.large,eu-west-1,484.9106,2378123.27,3
2026-03-09,Compute,EC2-t3.large,us-west-2,10.1292,30805.59,1
2026-03-09,Compute,EC2-t3.medium,ap-south-1,976.98,25006.8,1
2026-03-09,Compute,EC2-t3.medium,ap-southeast-1,2291.47,141506712.0,1
2026-03-09,Compute,EC2-t3.medium,us-east-1,7221.0621,4653976.81,4
2026-03-09,Compute,EC2-t3.medium,us-west-2,797.16,1414714.8,1
2026-03-09,Compute,EC2-t3.xlarge,UNKNOWN,1868.6526000000001,1424641.2,2
2026-03-09,Compute,EC2-t3.xlarge,ap-south-1,636.96464,45934602.98,2
2026-03-09,Compute,EC2-t3.xlarge,ap-southeast-1,943.85708,24946337.82,3
2026-03-09,Compute,EC2-t3.xlarge,us-east-1,40.347480000000004,70847.14,2
2026-03-09,Compute,GCE-n1-standard-2,asia-south1,18.54636,46073.98,1
2026-03-09,Compute,GCE-n1-standard-2,asia-southeast1,1108.2,14536.84,1
2026-03-09,Compute,GCE-n1-standard-2,us-west1,2146.9219599999997,199627992.0,2
2026-03-09,Compute,GCE-n1-standard-4,asia-southeast1,19.80696,134519796.0,2
2026-03-09,Compute,GCE-n1-standard-4,us-central1,0.87072,106686.55,1
2026-03-09,Compute,GCE-n1-standard-4,us-west1,1.95156,38828052.0,1
2026-03-09,Compute,GCE-n1-standard-8,asia-south1,8.23,1185948.0,1
2026-03-09,Compute,GCE-n1-standard-8,asia-southeast1,309.61296000000004,150489463.2,2
2026-03-09,Compute,GCE-n1-standard-8,europe-west1,0.16824,421.08,1
2026-03-09,Compute,GCE-n1-standard-8,us-central1,1443.8121999999998,17639.35,1
2026-03-09,Compute,GCE-n1-standard-8,us-west1,39.8898,2669394.6,1
2026-03-09,Compute,VM-Standard_D2s,canadacentral,599.8212,413017.2,1
2026-03-09,Compute,VM-Standard_D2s,southeastasia,883.59,15306.26,1
2026-03-09,Compute,VM-Standard_D2s,westeurope,523.4976,2810724.6,1
2026-03-09,Compute,VM-Standard_D4s,eastus,1881.4248,106153488.0,1
2026-03-09,Compute,VM-Standard_D4s,southeastasia,1309.2516,46963764.0,1
2026-03-09,Compute,VM-Standard_D8s,UNKNOWN,8.89236,2923812.6,1
2026-03-09,Compute,VM-Standard_D8s,southeastasia,500.5044,996519.0,1
2026-03-09,Compute,VM-Standard_D8s,westeurope,1515.79,71877420.0,1
2026-03-09,Database,CloudSQL-db.standard-2,asia-south1,1437.8541,195929531.73000002,4
2026-03-09,Database,CloudSQL-db.standard-2,asia-southeast1,1062.446,115150482.5,3
2026-03-09,Database,CloudSQL-db.standard-2,europe-west1,1235.2598,64137576.88,3
2026-03-09,Database,CloudSQL-db.standard-2,us-central1,83.7668,2670668.3,2
2026-03-09,Database,RDS-db.m5.large,UNKNOWN,1970.2332,74031660.0,1
2026-03-09,Database,RDS-db.m5.large,ap-south-1,3169.53,133618615.0,3
2026-03-09,Database,RDS-db.m5.large,ap-southeast-1,1909.23,92917461.46,3
2026-03-09,Database,RDS-db.m5.large,eu-west-1,27.009840000000004,43634.46,2
2026-03-09,Database,RDS-db.m5.large,us-west-2,4714.7746400000005,4139713.2,2
2026-03-09,Database,SQLDb-S2,UNKNOWN,2937.1671,2182276.8,1
2026-03-09,Database,SQLDb-S2,canadacentral,44.7167,13772412.0,1
2026-03-09,Database,SQLDb-S2,centralindia,4303.89672,297928116.0,4
2026-03-09,Database,SQLDb-S2,eastus,64.8716,51425712.0,1
2026-03-09,Database,SQLDb-S2,southeastasia,632.88,26480.69,1
2026-03-09,Database,SQLDb-S2,westeurope,1278.1368000000002,22496.3,1
2026-03-09,Database,UNKNOWN,asia-south1,81.11,1583993.4,1
2026-03-09,Database,UNKNOWN,europe-west1,38.98764,2825296.8,1
2026-03-09,Storage,Blob-Cool,UNKNOWN,92.0268,1.8492,1
2026-03-09,Storage,Blob-Cool,centralindia,84.3804,0.9484,1
2026-03-09,Storage,Blob-Cool,eastus,107.5356,1.0618,1
2026-03-09,Storage,Blob-Cool,southeastasia,1.7526000000000002,4296.72,1
2026-03-09,Storage,Blob-Cool,westeurope,0.0048,0.1104,1
2026-03-09,Storage,Blob-Hot,eastus,4869.176400000001,3335.66,3
2026-03-09,Storage,Blob-Hot,southeastasia,168.78240000000002,3.722,2
2026-03-09,Storage,GCS-Nearline,asia-south1,5049.0454199999995,3921.6310000000003,3
2026-03-09,Storage,GCS-Nearline,asia-southeast1,53.679,5397.84,2
2026-03-09,Storage,GCS-Nearline,europe-west1,127.00236,4095.8399999999997,2
2026-03-09,Storage,GCS-Nearline,us-central1,357.06960000000004,3834.35,1
2026-03-09,Storage,GCS-Nearline,us-west1,194.41,2.319,1
2026-03-09,Storage,GCS-Standard,asia-south1,1.93572,1.7261,1
2026-03-09,Storage,GCS-Standard,asia-southeast1,244.46,2704.28,1
2026-03-09,Storage,GCS-Standard,europe-west1,84.50580000000001,2.3581,1
2026-03-09,Storage,GCS-Standard,us-west1,337.57344,6749.3997,3
2026-03-09,Storage,S3-IA,UNKNOWN,4.32192,4306.88,1
2026-03-09,Storage,S3-IA,ap-south-1,55.8,715.02,1
2026-03-09,Storage,S3-IA,ap-southeast-1,149.20292,6.2916,2
2026-03-09,Storage,S3-IA,us-east-1,68.36,0.886,1
2026-03-09,Storage,S3-Standard,ap-south-1,184.66,2970.42,1
2026-03-09,Storage,S3-Standard,ap-southeast-1,60.922799999999995,1102.9179,2
2026-03-09,Storage,S3-Standard,eu-west-1,563.23324,5043.554400000001,3
2026-03-09,Storage,S3-Standard,us-east-1,12.754440000000002,8040.1959,3
2026-03-09,Storage,S3-Standard,us-west-2,0.63156,766.49,1
2026-03-10,Compute,EC2-t3.large,UNKNOWN,7.757280000000001,36234216.0,1
2026-03-10,Compute,EC2-t3.large,us-west-2,1776.04412,73765746.88,2
2026-03-10,Compute,EC2-t3.medium,ap-south-1,3530.3841,47936.96,1
2026-03-10,Compute,EC2-t3.medium,ap-southeast-1,1181.5468399999997,154359614.25,3
2026-03-10,Compute,EC2-t3.medium,us-west-2,1863.9229,59504179.62,2
2026-03-10,Compute,EC2-t3.xlarge,ap-south-1,951.8904,34085088.0,1
2026-03-10,Compute,EC2-t3.xlarge,ap-southeast-1,117.3182,303860847.14,4
2026-03-10,Compute,EC2-t3.xlarge,us-east-1,91.0246,123949553.71000001,3
2026-03-10,Compute,GCE-n1-standard-2,asia-south1,9.62652,16445.61,1
2026-03-10,Compute,GCE-n1-standard-2,asia-southeast1,2410.36316,4910952158.4,2
2026-03-10,Compute,GCE-n1-standard-2,europe-west1,27.27792,224826192.0,2
2026-03-10,Compute,GCE-n1-standard-2,us-central1,1243.19,1045413.6,1
2026-03-10,Compute,GCE-n1-standard-2,us-west1,3899.9541,2184826.8,1
2026-03-10,Compute,GCE-n1-standard-4,asia-southeast1,1120.6944,20123.19,1
2026-03-10,Compute,GCE-n1-standard-4,europe-west1,4.3236,44514576.0,2
2026-03-10,Compute,GCE-n1-standard-4,us-central1,39.99144,2520372.0,1
2026-03-10,Compute,GCE-n1-standard-4,us-west1,28.98216,775840.87,2
2026-03-10,Compute,GCE-n1-standard-8,asia-southeast1,39.681,121355712.0,1
2026-03-10,Compute,GCE-n1-standard-8,europe-west1,804.1,14177.55,1
2026-03-10,Compute,GCE-n1-standard-8,us-central1,0.0,8188.97,1
2026-03-10,Compute,GCE-n1-standard-8,us-west1,8.089080000000001,1694720.4,1
2026-03-10,Compute,UNKNOWN,us-west-2,1109.7648,1748164.2,1
2026-03-10,Compute,UNKNOWN,westeurope,2981.4480000000003,179498376.0,1
2026-03-10,Compute,VM-Standard_D2s,centralindia,48.13392,86063431.88,2
2026-03-10,Compute,VM-Standard_D2s,westeurope,6223.696000000001,3037151.39,5
2026-03-10,Compute,VM-Standard_D4s,canadacentral,3901.500000000001,148633812.0,1
2026-03-10,Compute,VM-Standard_D4s,centralindia,4.10604,106325748.0,1
2026-03-10,Compute,VM-Standard_D4s,eastus,69.32,8435.57,1
2026-03-10,Compute,VM-Standard_D4s,southeastasia,2585.89,94586544.0,1
2026-03-10,Compute,VM-Standard_D8s,eastus,101.03,734554.8,1
2026-03-10,Compute,VM-Standard_D8s,southeastasia,337.05028000000004,46514.34,2
2026-03-10,Compute,VM-Standard_D8s,westeurope,3.74292,2280570.0,1
2026-03-10,Database,CloudSQL-db.standard-2,asia-south1,2975.75352,103349568.38,3
2026-03-10,Database,CloudSQL-db.standard-2,europe-west1,11.89296,2981835.6,1
2026-03-10,Database,CloudSQL-db.standard-2,us-central1,40.867,100326672.0,2
2026-03-10,Database,CloudSQL-db.standard-2,us-west1,194.03,72954828.0,1
2026-03-10,Database,RDS-db.m5.large,ap-south-1,19.5961,396471888.0,1
2026-03-10,Database,RDS-db.m5.large,ap-southeast-1,2568.8502,327371.76,2
2026-03-10,Database,RDS-db.m5.large,eu-west-1,160.68236,8213040.8,4
2026-03-10,Database,RDS-db.m5.large,us-east-1,2939.07052,47792151.49,4
2026-03-10,Database,RDS-db.m5.large,us-west-2,4231.133,265185646.2,5
2026-03-10,Database,SQLDb-S2,canadacentral,3350.1218400000002,267259348.45,3
2026-03-10,Database,SQLDb-S2,centralindia,177.86520000000002,23204.8,1
2026-03-10,Database,SQLDb-S2,eastus,3272.4,2300956.8,1
2026-03-10,Database,SQLDb-S2,southeastasia,9242.6468,135353272.56,3
2026-03-10,Database,SQLDb-S2,westeurope,-1034.9995000000001,19939147.8,2
2026-03-10,Database,UNKNOWN,us-central1,902.9319,16078.77,1
2026-03-10,Database,UNKNOWN,us-west-2,442.18,956065.8,1
2026-03-10,Database,UNKNOWN,us-west1,2830.26,155086632.0,1
2026-03-10,Storage,Blob-Cool,UNKNOWN,72.5004,808.43,1
2026-03-10,Storage,Blob-Cool,canadacentral,12.6746,0.2948,1
2026-03-10,Storage,Blob-Cool,centralindia,3306.2479999999996,3866.5846,3
2026-03-10,Storage,Blob-Cool,eastus,697.5384000000001,7062.7059,4
2026-03-10,Storage,Blob-Cool,southeastasia,0.0216,0.0101,1
2026-03-10,Storage,Blob-Hot,UNKNOWN,1.5012,205.93,1
2026-03-10,Storage,Blob-Hot,canadacentral,11.4864,125.8675,2
2026-03-10,Storage,Blob-Hot,centralindia,96.06960000000001,5.514900000000001,2
2026-03-10,Storage,Blob-Hot,southeastasia,24.778399999999998,5.2553,2
2026-03-10,Storage,GCS-Nearline,asia-south1,308.1672,6096.700000000001,2
2026-03-10,Storage,GCS-Nearline,asia-southeast1,99.75,1427.29,1
2026-03-10,Storage,GCS-Standard,asia-southeast1,1.84152,157.9204,1
2026-03-10,Storage,GCS-Standard,us-west1,175.25160000000002,2161.3,1
2026-03-10,Storage,S3-IA,ap-south-1,0.16812,0.5684,1
2026-03-10,Storage,S3-IA,ap-southeast-1,235.49916000000005,7582.14,2
2026-03-10,Storage,S3-IA,eu-west-1,147.26919999999998,3095.57,1
2026-03-10,Storage,S3-IA,us-east-1,19.32,2579.09,1
2026-03-10,Storage,S3-Standard,ap-south-1,4.73256,4395.72,1
2026-03-10,Storage,S3-Standard,ap-southeast-1,0.57036,0.6017,1
2026-03-10,Storage,S3-Standard,eu-west-1,253.7587,4022.28,1
2026-03-10,Storage,S3-Standard,us-west-2,78.678,896.32,1
2026-03-10,Storage,UNKNOWN,us-west1,6.638280000000001,1.6235,2
2026-03-11,Compute,EC2-t3.large,ap-south-1,2053.73,2683283.4,1
2026-03-11,Compute,EC2-t3.large,us-east-1,19.6326,1005625.65,2
2026-03-11,Compute,EC2-t3.medium,UNKNOWN,401.68935999999997,114436944.0,2
2026-03-11,Compute,EC2-t3.medium,ap-southeast-1,16.7412,1825489.2,1
2026-03-11,Compute,EC2-t3.xlarge,ap-south-1,2303.10848,119921622.37,2
2026-03-11,Compute,EC2-t3.xlarge,ap-southeast-1,2233.12136,1668606.9400000002,2
2026-03-11,Compute,EC2-t3.xlarge,eu-west-1,13.0302,606543.6,1
2026-03-11,Compute,GCE-n1-standard-2,asia-southeast1,158.15,1712.35,1
2026-03-11,Compute,GCE-n1-standard-2,europe-west1,768.8952000000002,107729172.0,1
2026-03-11,Compute,GCE-n1-standard-4,europe-west1,2.44584,3321.65,1
2026-03-11,Compute,GCE-n1-standard-4,us-central1,90.4875,72950796.0,1
2026-03-11,Compute,GCE-n1-standard-8,us-central1,6.17916,27800928.0,1
2026-03-11,Compute,VM-Standard_D2s,eastus,3665.7534,168408792.0,1
2026-03-11,Compute,VM-Standard_D4s,canadacentral,5378.54,2452735440.6,2
2026-03-11,Compute,VM-Standard_D4s,westeurope,2477.8224,72115.76000000001,2
2026-03-11,Compute,VM-Standard_D8s,centralindia,747.5601,38855.06,1
2026-03-11,Compute,VM-Standard_D8s,eastus,976.2444,41025.89,1
2026-03-11,Compute,VM-Standard_D8s,southeastasia,1722.2234,79245540.0,2
2026-03-11,Compute,VM-Standard_D8s,westeurope,3042.3539599999995,116320579.8,3
2026-03-11,Database,CloudSQL-db.standard-2,asia-south1,18.3276,32248564.73,2
2026-03-11,Database,CloudSQL-db.standard-2,asia-southeast1,2110.68228,36774560.4,2
2026-03-11,Database,CloudSQL-db.standard-2,europe-west1,4940.698,72916.91,2
2026-03-11,Database,CloudSQL-db.standard-2,us-central1,2430.42502,58501458.67,4
2026-03-11,Database,CloudSQL-db.standard-2,us-west1,785.20128,323715606.78,2
2026-03-11,Database,RDS-db.m5.large,UNKNOWN,593.37,1692070.2,1
2026-03-11,Database,RDS-db.m5.large,ap-south-1,964.3999,7644.46,1
2026-03-11,Database,RDS-db.m5.large,ap-southeast-1,-3464.98,2380720.8,1
2026-03-11,Database,RDS-db.m5.large,eu-west-1,22.962840000000003,235384704.0,2
2026-03-11,Database,RDS-db.m5.large,us-east-1,1115.5962,968822319.32,4
2026-03-11,Database,RDS-db.m5.large,us-west-2,2122.19652,129207057.66,3
2026-03-11,Database,SQLDb-S2,canadacentral,2327.3028000000004,2214096.03,2
2026-03-11,Database,SQLDb-S2,centralindia,5632.2108,144795883.82,3
2026-03-11,Database,SQLDb-S2,eastus,8965.812,419023251.59000003,5
2026-03-11,Database,SQLDb-S2,westeurope,598.3224,5760.52,1
2026-03-11,Database,UNKNOWN,asia-south1,15.4224,26271.73,1
2026-03-11,Storage,Blob-Cool,canadacentral,256.38120000000004,5255.11,2
2026-03-11,Storage,Blob-Cool,eastus,33.2,3.8815,1
2026-03-11,Storage,Blob-Cool,southeastasia,0.0,2431.78,1
2026-03-11,Storage,Blob-Hot,canadacentral,165.6072,5199.49,2
2026-03-11,Storage,Blob-Hot,centralindia,13.2192,1.7529,1
2026-03-11,Storage,Blob-Hot,southeastasia,325.82136,7.2326,3
2026-03-11,Storage,Blob-Hot,westeurope,214.51,4.257,1
2026-03-11,Storage,GCS-Nearline,asia-south1,3.39324,3386.55,1
2026-03-11,Storage,GCS-Nearline,us-central1,0.5856,0.5904,2
2026-03-11,Storage,GCS-Standard,asia-south1,5.99688,5082.48,2
2026-03-11,Storage,GCS-Standard,asia-southeast1,13.662,279.69,1
2026-03-11,Storage,GCS-Standard,europe-west1,31.26,0.7117,1
2026-03-11,Storage,GCS-Standard,us-central1,69.0,4662.72,3
2026-03-11,Storage,GCS-Standard,us-west1,91.059,1541.67,1
2026-03-11,Storage,S3-IA,UNKNOWN,0.5778,4032.98,1
2026-03-11,Storage,S3-IA,ap-south-1,3.39,0.645,1
2026-03-11,Storage,S3-IA,ap-southeast-1,1.13796,4.4907,1
2026-03-11,Storage,S3-IA,us-east-1,9.12436,14978.6559,2
2026-03-11,Storage,S3-IA,us-west-2,58.40472,1248.7956,3
2026-03-11,Storage,S3-Standard,ap-south-1,81.85364,3299.9768,2
2026-03-11,Storage,S3-Standard,eu-west-1,13.863120000000002,4.4279,3
2026-03-11,Storage,S3-Standard,us-east-1,105.44,1845.52,1
2026-03-11,Storage,S3-Standard,us-west-2,93.91492000000001,2772.0935,3
2026-03-12,Compute,EC2-t3.large,eu-west-1,627.83,27683316.0,1
2026-03-12,Compute,EC2-t3.large,us-west-2,312.4708,25080444.0,1
2026-03-12,Compute,EC2-t3.medium,ap-southeast-1,62.92272,2318975.61,3
2026-03-12,Compute,EC2-t3.medium,us-east-1,342.74,89673516.0,1
2026-03-12,Compute,EC2-t3.medium,us-west-2,3.98256,98772912.0,1
2026-03-12,Compute,EC2-t3.xlarge,ap-south-1,4405.6935,126040248.0,1
2026-03-12,Compute,EC2-t3.xlarge,eu-west-1,373.2156,2089752.6,1
2026-03-12,Compute,EC2-t3.xlarge,us-east-1,2469.26236,2259539.73,2
2026-03-12,Compute,GCE-n1-standard-2,asia-south1,573.4869600000001,50642532.0,2
2026-03-12,Compute,GCE-n1-standard-2,europe-west1,4104.993600000001,3469690.8,2
2026-03-12,Compute,GCE-n1-standard-2,us-central1,15.35028,1740355.2,1
2026-03-12,Compute,GCE-n1-standard-2,us-west1,2965.4144,177001354.8,2
2026-03-12,Compute,GCE-n1-standard-4,europe-west1,1631.2848,2929561.2,2
2026-03-12,Compute,GCE-n1-standard-8,us-central1,63.4068,490334.4,1
2026-03-12,Compute,GCE-n1-standard-8,us-west1,1404.6707999999999,3716660.4,2
2026-03-12,Compute,UNKNOWN,europe-west1,0.0521999999999999,433696.8,1
2026-03-12,Compute,VM-Standard_D2s,centralindia,47.013360000000006,648841.8,1
2026-03-12,Compute,VM-Standard_D2s,eastus,2275.87476,85753374.75,2
2026-03-12,Compute,VM-Standard_D2s,southeastasia,67.2102,164984728.3,3
2026-03-12,Compute,VM-Standard_D4s,eastus,5054.8212,174292848.0,1
2026-03-12,Compute,VM-Standard_D4s,westeurope,25.002,14085936.0,1
2026-03-12,Compute,VM-Standard_D8s,canadacentral,21.2418,17958.28,1
2026-03-12,Compute,VM-Standard_D8s,centralindia,32.13132,2030410.8,1
2026-03-12,Compute,VM-Standard_D8s,eastus,2097.92,36802.9,1
2026-03-12,Compute,VM-Standard_D8s,southeastasia,1154.1522000000004,1624245.1800000002,2
2026-03-12,Compute,VM-Standard_D8s,westeurope,3804.505200000001,172588788.0,1
2026-03-12,Database,CloudSQL-db.standard-2,europe-west1,2757.9543999999996,30458524.62,2
2026-03-12,Database,CloudSQL-db.standard-2,us-central1,5553.303600000001,7011758700.0,2
2026-03-12,Database,CloudSQL-db.standard-2,us-west1,3320.26476,366680876.40999997,5
2026-03-12,Database,RDS-db.m5.large,ap-south-1,0.8427600000000001,23074812.0,1
2026-03-12,Database,RDS-db.m5.large,ap-southeast-1,3322.6921200000006,2582191.14,3
2026-03-12,Database,RDS-db.m5.large,eu-west-1,12.30072,170905248.0,1
2026-03-12,Database,RDS-db.m5.large,us-east-1,1613.45496,146751353.66,4
2026-03-12,Database,RDS-db.m5.large,us-west-2,4372.0678,130162156.16,3
2026-03-12,Database,SQLDb-S2,centralindia,1778.2533600000002,97792284.29,2
2026-03-12,Database,SQLDb-S2,eastus,4427.42008,97303885.72,5
2026-03-12,Database,SQLDb-S2,southeastasia,729.29736,174928424.4,2
2026-03-12,Database,SQLDb-S2,westeurope,2028.6180000000002,225250344.0,2
2026-03-12,Storage,Blob-Cool,canadacentral,4.8566400000000005,4.518,1
2026-03-12,Storage,Blob-Cool,centralindia,296.14116,5.1501,2
2026-03-12,Storage,Blob-Cool,eastus,0.74748,909.89,1
2026-03-12,Storage,Blob-Cool,southeastasia,77.343,0.6902,1
2026-03-12,Storage,Blob-Hot,canadacentral,2309.2668000000003,3.2938,1
2026-03-12,Storage,Blob-Hot,southeastasia,357.68638,1693.1697,4
2026-03-12,Storage,Blob-Hot,westeurope,194.9083,1715.6076,2
2026-03-12,Storage,GCS-Nearline,asia-southeast1,388.26444,8263.130000000001,2
2026-03-12,Storage,GCS-Nearline,europe-west1,76.29,0.9562,1
2026-03-12,Storage,GCS-Nearline,us-central1,10.740720000000001,4.9162,3
2026-03-12,Storage,GCS-Nearline,us-west1,5.47104,6819.3987,3
2026-03-12,Storage,GCS-Standard,asia-southeast1,418.0248,4175.66,1
2026-03-12,Storage,S3-IA,ap-south-1,4.21,278.64,1
2026-03-12,Storage,S3-IA,ap-southeast-1,250.26916,5054.21,2
2026-03-12,Storage,S3-IA,us-east-1,34.02764,10003.58,3
2026-03-12,Storage,S3-IA,us-west-2,8.066880000000001,7.6348,2
2026-03-12,Storage,S3-Standard,ap-south-1,1.00068,2.4851,1
2026-03-12,Storage,S3-Standard,ap-southeast-1,131.05,4845.35,1
2026-03-12,Storage,S3-Standard,eu-west-1,3.29364,1298.1625999999999,2
2026-03-12,Storage,S3-Standard,us-east-1,60.490100000000005,809.59,1
2026-03-12,Storage,S3-Standard,us-west-2,65.5128,1.9549,1
2026-03-12,Storage,UNKNOWN,eu-west-1,41.1353,440.83,1
2026-03-13,Compute,EC2-t3.large,ap-south-1,210.4704,315407196.0,1
2026-03-13,Compute,EC2-t3.large,us-west-2,1.3671600000000002,33504516.0,1
2026-03-13,Compute,EC2-t3.medium,ap-southeast-1,756.07488,225250272.0,2
2026-03-13,Compute,EC2-t3.medium,eu-west-1,1525.4859,57913992.0,1
2026-03-13,Compute,EC2-t3.medium,us-west-2,3.17532,1160270.4,1
2026-03-13,Compute,EC2-t3.xlarge,UNKNOWN,31.91484,175154904.0,1
2026-03-13,Compute,EC2-t3.xlarge,ap-southeast-1,725.7708,24677676.0,1
2026-03-13,Compute,EC2-t3.xlarge,us-west-2,28.68048,121600656.0,1
2026-03-13,Compute,GCE-n1-standard-2,us-central1,1085.60968,27844580.240000002,3
2026-03-13,Compute,GCE-n1-standard-2,us-west1,1356.44832,264027.8,3
2026-03-13,Compute,GCE-n1-standard-4,asia-southeast1,38.43,20813.99,1
2026-03-13,Compute,GCE-n1-standard-4,us-central1,927.2651,39337272.0,1
2026-03-13,Compute,GCE-n1-standard-4,us-west1,4.78224,30154572.0,1
2026-03-13,Compute,GCE-n1-standard-8,asia-south1,0.4788,17043624.0,1
2026-03-13,Compute,GCE-n1-standard-8,asia-southeast1,113.6376,72614778.6,2
2026-03-13,Compute,GCE-n1-standard-8,europe-west1,3141.6312000000003,3260079.5999999996,2
2026-03-13,Compute,VM-Standard_D2s,canadacentral,448.7926,342285.0,1
2026-03-13,Compute,VM-Standard_D2s,eastus,3439.8,175094676.0,1
2026-03-13,Compute,VM-Standard_D2s,southeastasia,3270.0456000000004,147587832.0,1
2026-03-13,Compute,VM-Standard_D2s,westeurope,19.91,5295.6,1
2026-03-13,Compute,VM-Standard_D4s,centralindia,3062.8177200000005,1871134.1,2
2026-03-13,Compute,VM-Standard_D4s,eastus,0.73632,44112.34,1
2026-03-13,Compute,VM-Standard_D4s,westeurope,8113.7772,377594424.0,3
2026-03-13,Compute,VM-Standard_D8s,centralindia,2938.3668,137795904.0,1
2026-03-13,Database,CloudSQL-db.standard-2,asia-south1,4718.2079,161808526.24,2
2026-03-13,Database,CloudSQL-db.standard-2,asia-southeast1,3905.5554600000005,181194516.39,3
2026-03-13,Database,CloudSQL-db.standard-2,europe-west1,97.80768,50019090.35,4
2026-03-13,Database,CloudSQL-db.standard-2,us-central1,818.80152,1039155.32,2
2026-03-13,Database,CloudSQL-db.standard-2,us-west1,17.35032,1971013.2,1
2026-03-13,Database,RDS-db.m5.large,ap-south-1,409.79055999999997,5418198.89,4
2026-03-13,Database,RDS-db.m5.large,ap-southeast-1,454.77342,512103.79,3
2026-03-13,Database,RDS-db.m5.large,us-east-1,2645.77236,83230250.36,4
2026-03-13,Database,RDS-db.m5.large,us-west-2,39.11412,38858011.4,2
2026-03-13,Database,SQLDb-S2,canadacentral,1037.2104,188201052.0,2
2026-03-13,Database,SQLDb-S2,centralindia,2946.68448,420162469.2,4
2026-03-13,Database,SQLDb-S2,eastus,5.3975,3169476.0,1
2026-03-13,Database,SQLDb-S2,southeastasia,1254.0852,2316304.8,3
2026-03-13,Database,SQLDb-S2,westeurope,2578.72138,40149796.330000006,4
2026-03-13,Database,UNKNOWN,europe-west1,6.36924,51315696.0,1
2026-03-13,Storage,Blob-Cool,canadacentral,207.9752,1.6912,1
2026-03-13,Storage,Blob-Cool,centralindia,-27.6479,1604.88,1
2026-03-13,Storage,Blob-Cool,eastus,17.51,307.63,1
2026-03-13,Storage,Blob-Cool,westeurope,45.56064,3022.1099999999997,2
2026-03-13,Storage,Blob-Hot,canadacentral,406.9171,5402.9076000000005,3
2026-03-13,Storage,Blob-Hot,centralindia,669.682,4917.0274,3
2026-03-13,Storage,Blob-Hot,westeurope,84.90960000000001,1504.86,1
2026-03-13,Storage,GCS-Nearline,asia-south1,326.4001,893.9522999999999,3
2026-03-13,Storage,GCS-Nearline,asia-southeast1,139.88796000000002,7890.6866,4
2026-03-13,Storage,GCS-Nearline,us-central1,0.2886,4816.48,1
2026-03-13,Storage,GCS-Nearline,us-west1,1.5768,3229.4772,2
2026-03-13,Storage,GCS-Standard,asia-south1,0.16404,2337.3,1
2026-03-13,Storage,GCS-Standard,asia-southeast1,0.42696,392.43,1
2026-03-13,Storage,GCS-Standard,europe-west1,2.74548,4624.9,2
2026-03-13,Storage,GCS-Standard,us-central1,119.5832,3170.84,1
2026-03-13,Storage,GCS-Standard,us-west1,61.549200000000006,1.2997,1
2026-03-13,Storage,S3-IA,ap-south-1,123.39,1496.79,1
2026-03-13,Storage,S3-IA,ap-southeast-1,6.24,17126.94,1
2026-03-13,Storage,S3-IA,us-east-1,345.4146,2971.9718,2
2026-03-13,Storage,S3-Standard,UNKNOWN,2.3712,2.4042,1
2026-03-13,Storage,S3-Standard,ap-south-1,126.5112,1.3961,1
2026-03-13,Storage,S3-Standard,ap-southeast-1,1.6476000000000002,2541.3,1
2026-03-13,Storage,S3-Standard,eu-west-1,152.9804,2.1852,2
2026-03-13,Storage,S3-Standard,us-east-1,2.2848,3.8082,1
2026-03-13,Storage,S3-Standard,us-west-2,183.0966,2174.8284999999996,2
2026-03-13,Storage,UNKNOWN,us-east-1,411.4044,4563.99,1
2026-03-14,Compute,EC2-t3.large,UNKNOWN,11.64,471956.4,1
2026-03-14,Compute,EC2-t3.large,ap-southeast-1,2534.7760399999997,207117658.2,3
2026-03-14,Compute,EC2-t3.large,us-west-2,43.608360000000005,39495.619999999995,2
2026-03-14,Compute,EC2-t3.medium,UNKNOWN,469.76,25269.26,2
2026-03-14,Compute,EC2-t3.medium,ap-south-1,50.50056,3687199.2,4
2026-03-14,Compute,EC2-t3.medium,ap-southeast-1,1511.8080000000002,99908712.0,1
2026-03-14,Compute,EC2-t3.medium,us-east-1,2039.25488,61406894.62,2
2026-03-14,Compute,EC2-t3.medium,us-west-2,25.5282,72839166.6,1
2026-03-14,Compute,EC2-t3.xlarge,ap-south-1,3983.86,2461061.4,1
2026-03-14,Compute,EC2-t3.xlarge,ap-southeast-1,4.97568,43128036.0,1
2026-03-14,Compute,EC2-t3.xlarge,eu-west-1,5131.0316,162902284.97,3
2026-03-14,Compute,EC2-t3.xlarge,us-east-1,1814.71,430922.59,2
2026-03-14,Compute,EC2-t3.xlarge,us-west-2,618.77,8948.55,1
2026-03-14,Compute,GCE-n1-standard-2,asia-south1,30.3756,38004084.0,1
2026-03-14,Compute,GCE-n1-standard-2,asia-southeast1,1693.5069,61329348.0,1
2026-03-14,Compute,GCE-n1-standard-2,europe-west1,32.74368,1882622.4,1
2026-03-14,Compute,GCE-n1-standard-4,asia-southeast1,0.94824,3191868.0,1
2026-03-14,Compute,GCE-n1-standard-4,europe-west1,731.06,100011816.0,1
2026-03-14,Compute,GCE-n1-standard-4,us-central1,2628.64,32509.11,1
2026-03-14,Compute,GCE-n1-standard-8,asia-south1,336.0744,768777.6,1
2026-03-14,Compute,GCE-n1-standard-8,europe-west1,3053.79,32055.32,1
2026-03-14,Compute,GCE-n1-standard-8,us-west1,319.64511999999996,1153638.15,2
2026-03-14,Compute,UNKNOWN,asia-south1,4.9830000000000005,27603468.0,1
2026-03-14,Compute,UNKNOWN,westeurope,3349.7901,96325740.0,1
2026-03-14,Compute,VM-Standard_D2s,UNKNOWN,106.2396,4591.21,1
2026-03-14,Compute,VM-Standard_D2s,canadacentral,1556.8803000000005,35222.75,1
2026-03-14,Compute,VM-Standard_D4s,canadacentral,38.9436,47564.43,1
2026-03-14,Compute,VM-Standard_D4s,centralindia,201.07440000000005,8785584.0,1
2026-03-14,Compute,VM-Standard_D4s,eastus,821.7288000000001,140451300.0,1
2026-03-14,Compute,VM-Standard_D4s,westeurope,1155.0384,923731.8,1
2026-03-14,Compute,VM-Standard_D8s,canadacentral,3910.15416,141843786.0,2
2026-03-14,Compute,VM-Standard_D8s,eastus,-1161.58788,43380590.17,3
2026-03-14,Compute,VM-Standard_D8s,westeurope,1494.8712000000005,42467.73,1
2026-03-14,Database,CloudSQL-db.standard-2,asia-south1,4814.80512,176986015.8,4
2026-03-14,Database,CloudSQL-db.standard-2,asia-southeast1,4567.830240000001,336060182.66999996,4
2026-03-14,Database,CloudSQL-db.standard-2,europe-west1,78.06276,58250778.09,4
2026-03-14,Database,CloudSQL-db.standard-2,us-central1,2093.36918,205807117.46,5
2026-03-14,Database,RDS-db.m5.large,ap-south-1,4576.79,168779422.66,2
2026-03-14,Database,RDS-db.m5.large,ap-southeast-1,2998.87,2612084.4,1
2026-03-14,Database,RDS-db.m5.large,eu-west-1,5775.3972,163158146.4,3
2026-03-14,Database,RDS-db.m5.large,us-east-1,82.37268,126397267.67,3
2026-03-14,Database,RDS-db.m5.large,us-west-2,9613.625039999999,140632540.48,4
2026-03-14,Database,SQLDb-S2,centralindia,4661.603999999999,3999607.2,2
2026-03-14,Database,SQLDb-S2,eastus,7.62636,1574512.2,1
2026-03-14,Database,SQLDb-S2,westeurope,3721.5662,17123715.6,5
2026-03-14,Database,UNKNOWN,centralindia,2872.994,2771041.8,1
2026-03-14,Database,UNKNOWN,westeurope,19.4622,1564243.8,1
2026-03-14,Storage,Blob-Cool,canadacentral,104.35,2326.61,1
2026-03-14,Storage,Blob-Cool,centralindia,733.8011,4847.1218,3
2026-03-14,Storage,Blob-Cool,eastus,4.88,152.55,1
2026-03-14,Storage,Blob-Cool,southeastasia,4.752000000000001,0.0772,1
2026-03-14,Storage,Blob-Cool,westeurope,0.20508,174.44,1
2026-03-14,Storage,Blob-Hot,centralindia,182.7144,3831.69,1
2026-03-14,Storage,Blob-Hot,eastus,522.665,114376.78,3
2026-03-14,Storage,GCS-Nearline,asia-south1,0.82224,0.889,1
2026-03-14,Storage,GCS-Nearline,us-central1,94.34880000000001,3179.0515,2
2026-03-14,Storage,GCS-Standard,asia-south1,210.1896,3314.21,1
2026-03-14,Storage,GCS-Standard,asia-southeast1,10.74,231.64,1
2026-03-14,Storage,GCS-Standard,europe-west1,50.5656,1.172,2
2026-03-14,Storage,GCS-Standard,us-west1,15.367,552.65,1
2026-03-14,Storage,S3-IA,UNKNOWN,51.494400000000006,0.4901,1
2026-03-14,Storage,S3-IA,ap-southeast-1,0.9478800000000001,927.1878,2
2026-03-14,Storage,S3-IA,eu-west-1,211.9118,3149.4637,2
2026-03-14,Storage,S3-IA,us-west-2,188.52,2468.49,1
2026-03-14,Storage,S3-Standard,ap-southeast-1,164.08399999999995,2546.85,1
2026-03-14,Storage,S3-Standard,eu-west-1,160.848,1963.1879,3
2026-03-14,Storage,S3-Standard,us-east-1,257.87,4.1886,1
2026-03-14,Storage,S3-Standard,us-west-2,134.4676,2.3212,1
2026-03-15,Compute,EC2-t3.large,ap-southeast-1,125.3556,24683544.0,1
2026-03-15,Compute,EC2-t3.large,eu-west-1,10.36524,1782090.6,1
2026-03-15,Compute,EC2-t3.large,us-west-2,1406.95808,140472685.85,2
2026-03-15,Compute,EC2-t3.medium,ap-south-1,2583.54,4346607960.0,1
2026-03-15,Compute,EC2-t3.medium,ap-southeast-1,7483.072899999999,1023350.1799999999,3
2026-03-15,Compute,EC2-t3.medium,eu-west-1,1914.5,143001360.0,2
2026-03-15,Compute,EC2-t3.medium,us-east-1,575.9622800000001,49947064.04000001,3
2026-03-15,Compute,EC2-t3.medium,us-west-2,4251.26,2672835.0,1
2026-03-15,Compute,EC2-t3.xlarge,us-east-1,208.64,78757236.0,1
2026-03-15,Compute,GCE-n1-standard-2,asia-south1,3.18444,35466.41,1
2026-03-15,Compute,GCE-n1-standard-2,asia-southeast1,66.95,953364.03,1
2026-03-15,Compute,GCE-n1-standard-2,us-central1,271.8308,254830.8,1
2026-03-15,Compute,GCE-n1-standard-4,asia-south1,-1.97004,12887964.0,1
2026-03-15,Compute,GCE-n1-standard-4,asia-southeast1,2535.1371000000004,38645.96,3
2026-03-15,Compute,GCE-n1-standard-4,europe-west1,6433.947,3289134.0,2
2026-03-15,Compute,GCE-n1-standard-8,UNKNOWN,18.17508,2117556.0,1
2026-03-15,Compute,GCE-n1-standard-8,asia-southeast1,11.74848,1217016.6,1
2026-03-15,Compute,GCE-n1-standard-8,europe-west1,743.0724,41500404.0,1
2026-03-15,Compute,UNKNOWN,asia-south1,24.3,1155002.4,1
2026-03-15,Compute,VM-Standard_D2s,canadacentral,17.468880000000002,19703.9,1
2026-03-15,Compute,VM-Standard_D4s,southeastasia,-1009.74,50960.0,2
2026-03-15,Compute,VM-Standard_D4s,westeurope,40.66632,36294.84,1
2026-03-15,Compute,VM-Standard_D8s,westeurope,622.1664000000001,5893.23,1
2026-03-15,Database,CloudSQL-db.standard-2,asia-south1,14.457840000000001,112456749.5,3
2026-03-15,Database,CloudSQL-db.standard-2,asia-southeast1,2589.723,551184.46,4
2026-03-15,Database,CloudSQL-db.standard-2,us-central1,8677.97596,2419670.32,3
2026-03-15,Database,CloudSQL-db.standard-2,us-west1,1724.7892,57224767.02,3
2026-03-15,Database,RDS-db.m5.large,ap-south-1,4554.4000399999995,404249623.2,5
2026-03-15,Database,RDS-db.m5.large,ap-southeast-1,11.3284,502524.0,1
2026-03-15,Database,RDS-db.m5.large,eu-west-1,2771.37176,51803509.96,3
2026-03-15,Database,RDS-db.m5.large,us-east-1,290.065,15685350.22,2
2026-03-15,Database,RDS-db.m5.large,us-west-2,1617.1052800000002,51202.14,3
2026-03-15,Database,SQLDb-S2,canadacentral,576.4009200000002,97919451.52,2
2026-03-15,Database,SQLDb-S2,centralindia,42.2712,70701321.27,2
2026-03-15,Database,SQLDb-S2,eastus,7593.3072,147038810.74,2
2026-03-15,Database,SQLDb-S2,southeastasia,801.4896000000001,591896.67,2
2026-03-15,Database,SQLDb-S2,westeurope,35.2164,3807201132.0,1
2026-03-15,Storage,Blob-Cool,canadacentral,0.42864,470.44,1
2026-03-15,Storage,Blob-Cool,centralindia,-6.6312,105.02,1
2026-03-15,Storage,Blob-Cool,southeastasia,423.97154000000006,4557.1031,3
2026-03-15,Storage,Blob-Cool,westeurope,4.8786000000000005,4.7627,1
2026-03-15,Storage,Blob-Hot,UNKNOWN,3.68904,9970.42,2
2026-03-15,Storage,Blob-Hot,canadacentral,59.281200000000005,3.222,1
2026-03-15,Storage,Blob-Hot,eastus,274.1676,2494.43,1
2026-03-15,Storage,Blob-Hot,southeastasia,27.08,0.958,1
2026-03-15,Storage,GCS-Nearline,asia-south1,1.15752,2404.0,1
2026-03-15,Storage,GCS-Nearline,us-west1,2.19636,2003.9886,2
2026-03-15,Storage,GCS-Standard,asia-south1,204.48720000000003,4.7625,1
2026-03-15,Storage,GCS-Standard,asia-southeast1,288.5484,101069.31000000001,3
2026-03-15,Storage,GCS-Standard,europe-west1,239.5008,3362.62,1
2026-03-15,Storage,GCS-Standard,us-central1,31.773600000000005,2.0662,1
2026-03-15,Storage,GCS-Standard,us-west1,327.53346000000005,3438.1488,2
2026-03-15,Storage,S3-IA,UNKNOWN,4.465920000000001,4844.33,2
2026-03-15,Storage,S3-IA,ap-southeast-1,0.20232,7491.16,1
2026-03-15,Storage,S3-IA,eu-west-1,49.563880000000005,4.5453,2
2026-03-15,Storage,S3-IA,us-west-2,9546.87,8067.110000000001,3
2026-03-15,Storage,S3-Standard,ap-south-1,0.1449599999999999,31.9829,2
2026-03-15,Storage,S3-Standard,ap-southeast-1,0.0,9682.78,2
2026-03-15,Storage,S3-Standard,eu-west-1,245.5272,2.3334,1
2026-03-15,Storage,S3-Standard,us-east-1,106.13016,8884.18,2
2026-03-15,Storage,S3-Standard,us-west-2,229.75624000000002,221731.11810000002,5
2026-03-15,Storage,UNKNOWN,eastus,197.9532,1930.44,1
2026-03-15,Storage,UNKNOWN,southeastasia,101.25,2204.57,1
2026-03-16,Compute,EC2-t3.large,ap-south-1,1574.62684,1772728.96,3
2026-03-16,Compute,EC2-t3.large,us-east-1,16.11396,108269.19,2
2026-03-16,Compute,EC2-t3.medium,ap-south-1,29.6136,97603812.0,1
2026-03-16,Compute,EC2-t3.medium,ap-southeast-1,10.02168,1751237.4,1
2026-03-16,Compute,EC2-t3.medium,us-east-1,3545.44684,255314140.8,3
2026-03-16,Compute,EC2-t3.medium,us-west-2,221.15,14631912.0,1
2026-03-16,Compute,EC2-t3.xlarge,eu-west-1,3071.99568,1911177.0,2
2026-03-16,Compute,EC2-t3.xlarge,us-east-1,1895.3279200000002,72165804.98,3
2026-03-16,Compute,EC2-t3.xlarge,us-west-2,491.3884000000001,549795.0,1
2026-03-16,Compute,GCE-n1-standard-2,asia-south1,4568.508000000001,46023.92,1
2026-03-16,Compute,GCE-n1-standard-2,asia-southeast1,1194.5761400000001,100490366.33,2
2026-03-16,Compute,GCE-n1-standard-2,europe-west1,184.78,144162576.0,1
2026-03-16,Compute,GCE-n1-standard-4,europe-west1,676.8792000000001,8451.15,1
2026-03-16,Compute,GCE-n1-standard-4,us-central1,6.8466,47524320.0,1
2026-03-16,Compute,GCE-n1-standard-8,asia-south1,18.6426,2987270.4,1
2026-03-16,Compute,GCE-n1-standard-8,us-central1,15.50904,920866.2,1
2026-03-16,Compute,GCE-n1-standard-8,us-west1,7.9218,2108455.2,1
2026-03-16,Compute,VM-Standard_D2s,southeastasia,1674.7109,87168168.0,1
2026-03-16,Compute,VM-Standard_D4s,canadacentral,165.9382,190338.6,1
2026-03-16,Compute,VM-Standard_D4s,southeastasia,3825.2844,39779.45,1
2026-03-16,Compute,VM-Standard_D8s,canadacentral,1045.9692,27295.28,1
2026-03-16,Compute,VM-Standard_D8s,centralindia,1729.7564000000002,1446134.23,2
2026-03-16,Compute,VM-Standard_D8s,eastus,2514.77,163115532.0,1
2026-03-16,Compute,VM-Standard_D8s,southeastasia,1681.50548,294813313.2,3
2026-03-16,Compute,VM-Standard_D8s,westeurope,59.63952,3037860.0,2
2026-03-16,Database,CloudSQL-db.standard-2,asia-south1,3371.80724,102563085.6,3
2026-03-16,Database,CloudSQL-db.standard-2,europe-west1,339.598,38392.37,1
2026-03-16,Database,CloudSQL-db.standard-2,us-central1,971.7913,37742.1,1
2026-03-16,Database,CloudSQL-db.standard-2,us-west1,3330.4276400000003,42052636.2,3
2026-03-16,Database,RDS-db.m5.large,UNKNOWN,2401.78,2060005.2,2
2026-03-16,Database,RDS-db.m5.large,ap-south-1,2456.15348,32289308.400000002,4
2026-03-16,Database,RDS-db.m5.large,ap-southeast-1,2309.65724,165676967.21,2
2026-03-16,Database,RDS-db.m5.large,eu-west-1,9778.2769,474803609.92,6
2026-03-16,Database,RDS-db.m5.large,us-east-1,4263.44904,186428159.37,5
2026-03-16,Database,SQLDb-S2,UNKNOWN,2139.8915,2202342.1100000003,2
2026-03-16,Database,SQLDb-S2,canadacentral,3045.7493,311875629.87,3
2026-03-16,Database,SQLDb-S2,centralindia,124.92396,14099622.71,2
2026-03-16,Database,SQLDb-S2,eastus,25.47048,1578976.45,1
2026-03-16,Database,SQLDb-S2,southeastasia,43.73232,46437.08,1
2026-03-16,Database,SQLDb-S2,westeurope,1287.6084,86259780.0,1
2026-03-16,Storage,Blob-Hot,UNKNOWN,1.03152,3785.83,1
2026-03-16,Storage,Blob-Hot,eastus,67.15452,126747.25,2
2026-03-16,Storage,Blob-Hot,westeurope,207.46,2791.62,1
2026-03-16,Storage,GCS-Nearline,asia-south1,21.1618,2391.003,2
2026-03-16,Storage,GCS-Nearline,asia-southeast1,222.77208,3239.093,2
2026-03-16,Storage,GCS-Nearline,europe-west1,183.95640000000003,2575.77,1
2026-03-16,Storage,GCS-Nearline,us-central1,499.0896,4940.29,1
2026-03-16,Storage,GCS-Nearline,us-west1,467.34979999999996,3442.3572999999997,2
2026-03-16,Storage,GCS-Standard,europe-west1,148.70520000000002,4.6626,1
2026-03-16,Storage,GCS-Standard,us-west1,2.87256,3481.01,1
2026-03-16,Storage,S3-IA,ap-south-1,80.00077999999999,822.0599,2
2026-03-16,Storage,S3-IA,ap-southeast-1,27.52944,574.5410999999999,2
2026-03-16,Storage,S3-IA,eu-west-1,13.91928,3862.2327,2
2026-03-16,Storage,S3-IA,us-east-1,317.0174,4.6784,2
2026-03-16,Storage,S3-Standard,UNKNOWN,81.06,2.7049,1
2026-03-16,Storage,S3-Standard,ap-south-1,371.87,4.5816,1
2026-03-16,Storage,S3-Standard,ap-southeast-1,126.90820000000001,6524.2521,3
2026-03-16,Storage,S3-Standard,eu-west-1,2.79912,90.5301,1
2026-03-16,Storage,S3-Standard,us-east-1,1.31868,3.739,1
2026-03-16,Storage,UNKNOWN,us-west1,1.59456,4974.98,1
2026-03-17,Compute,EC2-t3.large,ap-south-1,3622.59,2264596.8,1
2026-03-17,Compute,EC2-t3.large,ap-southeast-1,4035.3,1014754.12,2
2026-03-17,Compute,EC2-t3.large,us-west-2,8.98176,1557789.6,2
2026-03-17,Compute,EC2-t3.medium,eu-west-1,3475.1916,2990445.0,1
2026-03-17,Compute,EC2-t3.medium,us-east-1,0.0,891588.6,1
2026-03-17,Compute,EC2-t3.xlarge,ap-southeast-1,1127.43,48914064.0,1
2026-03-17,Compute,EC2-t3.xlarge,us-east-1,33.59172,2619408.6,1
2026-03-17,Compute,GCE-n1-standard-2,asia-southeast1,17.8476,138777588.0,1
2026-03-17,Compute,GCE-n1-standard-2,europe-west1,17.24424,34574.14,1
2026-03-17,Compute,GCE-n1-standard-2,us-central1,11.03736,113302404.0,1
2026-03-17,Compute,GCE-n1-standard-2,us-west1,1683.6265000000003,68120191.79,3
2026-03-17,Compute,GCE-n1-standard-4,asia-southeast1,17.97972,115499628.0,1
2026-03-17,Compute,GCE-n1-standard-4,europe-west1,4.74168,48432600.0,1
2026-03-17,Compute,GCE-n1-standard-4,us-central1,5.67228,1320460.8,1
2026-03-17,Compute,GCE-n1-standard-8,europe-west1,32.07108,7034999076.0,1
2026-03-17,Compute,VM-Standard_D2s,UNKNOWN,1.52232,1587434.4,1
2026-03-17,Compute,VM-Standard_D2s,canadacentral,3305.2512,1870657.2,1
2026-03-17,Compute,VM-Standard_D2s,centralindia,175.74,3054.62,1
2026-03-17,Compute,VM-Standard_D4s,canadacentral,24.144840000000002,236071440.0,2
2026-03-17,Compute,VM-Standard_D4s,eastus,1413.41,24530.26,1
2026-03-17,Compute,VM-Standard_D4s,southeastasia,780.9610799999999,2744273420.4,2
2026-03-17,Compute,VM-Standard_D8s,canadacentral,2.80872,4903.53,1
2026-03-17,Compute,VM-Standard_D8s,centralindia,7.90236,40669056.0,1
2026-03-17,Database,CloudSQL-db.standard-2,asia-south1,984.76068,911410.15,2
2026-03-17,Database,CloudSQL-db.standard-2,asia-southeast1,1856.6164,444086.34,2
2026-03-17,Database,CloudSQL-db.standard-2,us-central1,372.97,1488748.8,1
2026-03-17,Database,CloudSQL-db.standard-2,us-west1,3923.694,171948024.0,1
2026-03-17,Database,RDS-db.m5.large,UNKNOWN,57.42824,2770261.09,3
2026-03-17,Database,RDS-db.m5.large,ap-south-1,2792.7018000000003,53853478.64,4
2026-03-17,Database,RDS-db.m5.large,ap-southeast-1,5410.20604,385540475.51,5
2026-03-17,Database,RDS-db.m5.large,eu-west-1,4939.56844,105741415.25,4
2026-03-17,Database,RDS-db.m5.large,us-east-1,3604.97156,427609830.0,5
2026-03-17,Database,RDS-db.m5.large,us-west-2,3343.5164,187966110.6,4
2026-03-17,Database,SQLDb-S2,UNKNOWN,66.906,156225.0,1
2026-03-17,Database,SQLDb-S2,canadacentral,2590.7148,175061844.0,1
2026-03-17,Database,SQLDb-S2,centralindia,324.51516,22740853.42,2
2026-03-17,Database,SQLDb-S2,eastus,248.38692000000003,288045794.26,4
2026-03-17,Storage,Blob-Cool,UNKNOWN,136.3716,3.3198,1
2026-03-17,Storage,Blob-Cool,canadacentral,76.6152,745.31,1
2026-03-17,Storage,Blob-Cool,centralindia,26.3304,682.6,1
2026-03-17,Storage,Blob-Cool,southeastasia,83.80799999999999,48.2638,1
2026-03-17,Storage,Blob-Hot,westeurope,1.1138400000000002,8619.1009,3
2026-03-17,Storage,GCS-Nearline,asia-southeast1,61.84,1193.18,1
2026-03-17,Storage,GCS-Nearline,europe-west1,1.6416000000000002,65.09,1
2026-03-17,Storage,GCS-Nearline,us-central1,3.0763200000000004,4111.99,1
2026-03-17,Storage,GCS-Standard,asia-southeast1,3.0162,2678.1,1
2026-03-17,Storage,GCS-Standard,europe-west1,4.41132,4351.73,1
2026-03-17,Storage,GCS-Standard,us-central1,2.0564400000000003,4006.75,1
2026-03-17,Storage,GCS-Standard,us-west1,7.0739,0.8987,1
2026-03-17,Storage,S3-IA,UNKNOWN,2.13012,23623.71,1
2026-03-17,Storage,S3-IA,ap-south-1,64.54,1.1523,1
2026-03-17,Storage,S3-IA,ap-southeast-1,5.72944,7234.959999999999,3
2026-03-17,Storage,S3-IA,us-east-1,3.20292,5527.12,2
2026-03-17,Storage,S3-IA,us-west-2,420.84552,4493.5136999999995,2
2026-03-17,Storage,S3-Standard,ap-southeast-1,3.1014,2.8747,1
2026-03-17,Storage,S3-Standard,eu-west-1,98.52840000000002,2976.92,2
2026-03-17,Storage,S3-Standard,us-east-1,735.4443000000001,6171.6,3
2026-03-18,Compute,EC2-t3.large,ap-south-1,13.89672,73423908.0,1
2026-03-18,Compute,EC2-t3.large,eu-west-1,6728.9393199999995,183020856.0,3
2026-03-18,Compute,EC2-t3.large,us-west-2,2279.16,86532408.0,1
2026-03-18,Compute,EC2-t3.medium,UNKNOWN,181.02,103057524.0,1
2026-03-18,Compute,EC2-t3.medium,ap-southeast-1,1851.51,39145610.58,2
2026-03-18,Compute,EC2-t3.medium,eu-west-1,8.96772,639567.0,1
2026-03-18,Compute,EC2-t3.medium,us-west-2,892.62244,37628044.66,3
2026-03-18,Compute,EC2-t3.xlarge,UNKNOWN,3.02376,1096627.2,1
2026-03-18,Compute,EC2-t3.xlarge,eu-west-1,19.58256,1785663.6,1
2026-03-18,Compute,EC2-t3.xlarge,us-east-1,169.94772,11562407.12,2
2026-03-18,Compute,EC2-t3.xlarge,us-west-2,29.1492,33328.79,1
2026-03-18,Compute,GCE-n1-standard-2,asia-south1,4854.3732,174463524.0,1
2026-03-18,Compute,GCE-n1-standard-2,europe-west1,4397.5008,2222883.0,2
2026-03-18,Compute,GCE-n1-standard-2,us-west1,0.0,149166792.0,1
2026-03-18,Compute,GCE-n1-standard-4,asia-southeast1,162.1917,73199880.0,1
2026-03-18,Compute,GCE-n1-standard-4,europe-west1,3403.76,158166180.0,1
2026-03-18,Compute,GCE-n1-standard-4,us-west1,8.23,146585.4,1
2026-03-18,Compute,GCE-n1-standard-8,asia-southeast1,3881.658780000001,2236859.23,2
2026-03-18,Compute,GCE-n1-standard-8,europe-west1,669.2392000000001,485070.6,1
2026-03-18,Compute,UNKNOWN,southeastasia,280.77,178543.2,1
2026-03-18,Compute,UNKNOWN,us-east-1,1718.5259,114737508.0,1
2026-03-18,Compute,VM-Standard_D2s,centralindia,53.9784,22073.18,1
2026-03-18,Compute,VM-Standard_D2s,eastus,2299.7422,2522131.34,3
2026-03-18,Compute,VM-Standard_D2s,southeastasia,4865.194800000001,172860696.0,1
2026-03-18,Compute,VM-Standard_D4s,UNKNOWN,366.6168,128015820.0,1
2026-03-18,Compute,VM-Standard_D4s,centralindia,3307.2624000000005,2935883.4,1
2026-03-18,Compute,VM-Standard_D4s,southeastasia,25.72896,167539284.0,1
2026-03-18,Compute,VM-Standard_D4s,westeurope,1218.6412,45865188.0,1
2026-03-18,Compute,VM-Standard_D8s,centralindia,10.08108,12538.51,1
2026-03-18,Compute,VM-Standard_D8s,westeurope,20.90256,1547543.4,1
2026-03-18,Database,CloudSQL-db.standard-2,asia-south1,79.33256,2275296661.18,4
2026-03-18,Database,CloudSQL-db.standard-2,asia-southeast1,1297.5228000000002,12387.36,1
2026-03-18,Database,CloudSQL-db.standard-2,europe-west1,4358.93,180981099.6,4
2026-03-18,Database,CloudSQL-db.standard-2,us-central1,116.36,26290.24,1
2026-03-18,Database,RDS-db.m5.large,UNKNOWN,2.78868,1181031.0,1
2026-03-18,Database,RDS-db.m5.large,ap-south-1,7074.514,421683157.16,5
2026-03-18,Database,RDS-db.m5.large,ap-southeast-1,4800.97606,34831354.61,5
2026-03-18,Database,RDS-db.m5.large,eu-west-1,1603.93896,175014583.2,4
2026-03-18,Database,RDS-db.m5.large,us-east-1,11.43,16497108.0,1
2026-03-18,Database,RDS-db.m5.large,us-west-2,11.54352,11053.24,1
2026-03-18,Database,SQLDb-S2,centralindia,838.9548,17239.75,1
2026-03-18,Database,SQLDb-S2,eastus,1304.0676,258129666.0,3
2026-03-18,Database,SQLDb-S2,southeastasia,2699.48256,185721432.57,4
2026-03-18,Database,SQLDb-S2,westeurope,5877.522,287786448.0,2
2026-03-18,Database,UNKNOWN,europe-west1,4255.8264,171548028.0,1
2026-03-18,Storage,Blob-Cool,canadacentral,182.7684,3471.73,1
2026-03-18,Storage,Blob-Hot,centralindia,4.31604,4107.37,1
2026-03-18,Storage,Blob-Hot,eastus,162.486,2209.53,1
2026-03-18,Storage,Blob-Hot,southeastasia,350.79,4805.0,1
2026-03-18,Storage,GCS-Nearline,UNKNOWN,4.3242,4542.4,1
2026-03-18,Storage,GCS-Nearline,asia-south1,85.8534,5473.7806,4
2026-03-18,Storage,GCS-Nearline,asia-southeast1,231.81868,2864.3577,2
2026-03-18,Storage,GCS-Nearline,europe-west1,1.29696,1543.5,1
2026-03-18,Storage,GCS-Nearline,us-central1,3.3480000000000003,6.336600000000001,2
2026-03-18,Storage,GCS-Standard,asia-south1,3.43908,95.978,1
2026-03-18,Storage,GCS-Standard,europe-west1,0.54504,12011.009999999998,2
2026-03-18,Storage,GCS-Standard,us-central1,913.8657000000001,193444.12350000002,3
2026-03-18,Storage,GCS-Standard,us-west1,2.2506,8.7264,2
2026-03-18,Storage,S3-IA,eu-west-1,693.5769,6663.4417,7
2026-03-18,Storage,S3-IA,us-east-1,50.004,0.5361,1
2026-03-18,Storage,S3-IA,us-west-2,113.82076,1384.1323,2
2026-03-18,Storage,S3-Standard,ap-southeast-1,8.68332,1.4289,1
2026-03-18,Storage,S3-Standard,eu-west-1,2.90148,4.1183,1
2026-03-18,Storage,S3-Standard,us-east-1,0.32616,2350.2999999999997,2
2026-03-18,Storage,S3-Standard,us-west-2,297.21,3.6005,1
2026-03-18,Storage,UNKNOWN,ap-south-1,5.378640000000001,6.555,2
2026-03-18,Storage,UNKNOWN,centralindia,34.65,660.83,1
2026-03-19,Compute,EC2-t3.large,ap-south-1,794.88,21820.52,1
2026-03-19,Compute,EC2-t3.large,ap-southeast-1,52.56552,175526748.0,1
2026-03-19,Compute,EC2-t3.large,us-east-1,716.45,9165.46,1
2026-03-19,Compute,EC2-t3.large,us-west-2,5270.51,148036249.8,2
2026-03-19,Compute,EC2-t3.medium,ap-southeast-1,2.46936,540844.2,1
2026-03-19,Compute,EC2-t3.medium,us-east-1,571.08872,40325310.0,2
2026-03-19,Compute,EC2-t3.xlarge,eu-west-1,743.3436999999999,48409776.0,1
2026-03-19,Compute,EC2-t3.xlarge,us-east-1,538.95,761628.6,1
2026-03-19,Compute,GCE-n1-standard-2,UNKNOWN,27.90024,31680.92,1
2026-03-19,Compute,GCE-n1-standard-2,asia-south1,6885.992400000001,135264077.4,2
2026-03-19,Compute,GCE-n1-standard-2,asia-southeast1,531.8379,8749.49,1
2026-03-19,Compute,GCE-n1-standard-2,europe-west1,499.7831,26349.1,1
2026-03-19,Compute,GCE-n1-standard-2,us-west1,23.95164,49112.34,1
2026-03-19,Compute,GCE-n1-standard-4,asia-southeast1,114.7716,4253976.0,1
2026-03-19,Compute,GCE-n1-standard-4,europe-west1,2179.7899,1251295.2,1
2026-03-19,Compute,GCE-n1-standard-4,us-central1,361.31,56805228.0,1
2026-03-19,Compute,GCE-n1-standard-4,us-west1,2068.25148,55271268.12,2
2026-03-19,Compute,UNKNOWN,ap-southeast-1,407.3,18420048.0,1
2026-03-19,Compute,UNKNOWN,asia-southeast1,771.0226,50960.74,2
2026-03-19,Compute,UNKNOWN,europe-west1,28.35348,36704.08,1
2026-03-19,Compute,VM-Standard_D2s,canadacentral,186.3756,1557931.8,1
2026-03-19,Compute,VM-Standard_D2s,eastus,8.8956,48829680.0,1
2026-03-19,Compute,VM-Standard_D2s,southeastasia,1370.21,19976.53,1
2026-03-19,Compute,VM-Standard_D4s,centralindia,5831.805600000001,2528667.16,2
2026-03-19,Compute,VM-Standard_D4s,eastus,1909.5241,165212738.4,2
2026-03-19,Compute,VM-Standard_D4s,southeastasia,1089.0504,3762670.8000000003,2
2026-03-19,Compute,VM-Standard_D4s,westeurope,33.86616,122308020.0,1
2026-03-19,Compute,VM-Standard_D8s,centralindia,1.6816799999999998,12580.849999999999,2
2026-03-19,Compute,VM-Standard_D8s,southeastasia,4029.858,138583116.0,1
2026-03-19,Database,CloudSQL-db.standard-2,asia-south1,1290.49,2672582.4,1
2026-03-19,Database,CloudSQL-db.standard-2,europe-west1,4331.461,91437674.96,2
2026-03-19,Database,CloudSQL-db.standard-2,us-central1,2866.03564,10533236.76,3
2026-03-19,Database,CloudSQL-db.standard-2,us-west1,32.81832,3007174.8,2
2026-03-19,Database,RDS-db.m5.large,UNKNOWN,9.53064,39004380.0,1
2026-03-19,Database,RDS-db.m5.large,ap-south-1,36.525240000000004,958950.2,2
2026-03-19,Database,RDS-db.m5.large,ap-southeast-1,1521.5498,2921468.5,3
2026-03-19,Database,RDS-db.m5.large,eu-west-1,3869.58156,48400.97,2
2026-03-19,Database,RDS-db.m5.large,us-east-1,68.47752,181987771.16,3
2026-03-19,Database,SQLDb-S2,canadacentral,528.2216,10356430.32,2
2026-03-19,Database,SQLDb-S2,centralindia,2786.8141200000005,100463557.49,3
2026-03-19,Database,SQLDb-S2,eastus,1470.0211199999999,4684012.59,3
2026-03-19,Database,SQLDb-S2,westeurope,2560.84596,93673481.97,4
2026-03-19,Storage,Blob-Cool,canadacentral,2.12964,2697.33,1
2026-03-19,Storage,Blob-Cool,centralindia,658.6731,12.4607,3
2026-03-19,Storage,Blob-Cool,eastus,64.51920000000001,4.0457,1
2026-03-19,Storage,Blob-Cool,southeastasia,25.9092,3244.01,1
2026-03-19,Storage,Blob-Cool,westeurope,330.3044,40.2228,3
2026-03-19,Storage,Blob-Hot,canadacentral,767.39328,9271.384600000001,3
2026-03-19,Storage,Blob-Hot,eastus,4696.974,1647.01,1
2026-03-19,Storage,Blob-Hot,southeastasia,7.516800000000001,0.0768,1
2026-03-19,Storage,GCS-Nearline,asia-south1,642.09,51215.33,3
2026-03-19,Storage,GCS-Nearline,us-west1,41.199600000000004,2190.0456999999997,2
2026-03-19,Storage,GCS-Standard,europe-west1,20.725200000000005,1225.83,1
2026-03-19,Storage,GCS-Standard,us-central1,0.0,4.0001,1
2026-03-19,Storage,GCS-Standard,us-west1,575.54772,11697.4486,5
2026-03-19,Storage,S3-IA,UNKNOWN,4.14,481.37,1
2026-03-19,Storage,S3-IA,ap-southeast-1,163.96,5972.88,2
2026-03-19,Storage,S3-IA,eu-west-1,308.01598,2423.5717999999997,2
2026-03-19,Storage,S3-IA,us-east-1,899.306,70451.0281,5
2026-03-19,Storage,S3-Standard,eu-west-1,193.20484,7846.7013,4
2026-03-19,Storage,S3-Standard,us-east-1,105.87716,4407.8832,3
2026-03-19,Storage,UNKNOWN,eu-west-1,0.56472,3059.38,1
2026-03-20,Compute,EC2-t3.large,ap-south-1,15.49368,13056.28,1
2026-03-20,Compute,EC2-t3.medium,UNKNOWN,3716.7947,2237769.0,1
2026-03-20,Compute,EC2-t3.medium,ap-southeast-1,6.1447199999999995,65849632.2,2
2026-03-20,Compute,EC2-t3.medium,eu-west-1,1991.32336,22292135.44,4
2026-03-20,Compute,EC2-t3.medium,us-east-1,11.06712,13958.21,1
2026-03-20,Compute,EC2-t3.xlarge,UNKNOWN,2.25348,2327.47,1
2026-03-20,Compute,EC2-t3.xlarge,ap-southeast-1,3937.93984,155122495.39000002,4
2026-03-20,Compute,EC2-t3.xlarge,eu-west-1,1227.82086,106412004.0,2
2026-03-20,Compute,EC2-t3.xlarge,us-east-1,1.89132,98588.4,1
2026-03-20,Compute,GCE-n1-standard-2,asia-south1,1.51044,256314.6,1
2026-03-20,Compute,GCE-n1-standard-2,us-west1,617.91,76522644.0,1
2026-03-20,Compute,GCE-n1-standard-4,asia-south1,36.41568,79126992.0,1
2026-03-20,Compute,GCE-n1-standard-4,asia-southeast1,475.28992,1426147.6099999999,3
2026-03-20,Compute,GCE-n1-standard-4,europe-west1,0.0,2362481.4,1
2026-03-20,Compute,GCE-n1-standard-4,us-west1,25.72668,2507260.2,1
2026-03-20,Compute,GCE-n1-standard-8,europe-west1,712.6478,1930022.4,1
2026-03-20,Compute,GCE-n1-standard-8,us-west1,11.11368,726640.8,1
2026-03-20,Compute,VM-Standard_D2s,UNKNOWN,479.1204,2542664.4,1
2026-03-20,Compute,VM-Standard_D2s,centralindia,1831.8861,30862.69,1
2026-03-20,Compute,VM-Standard_D2s,eastus,251.49336,115732047.83,2
2026-03-20,Compute,VM-Standard_D2s,southeastasia,2243.5812,46882.13,1
2026-03-20,Compute,VM-Standard_D4s,canadacentral,639.92,2821366.2,1
2026-03-20,Compute,VM-Standard_D4s,eastus,87.20256,392116.2,2
2026-03-20,Compute,VM-Standard_D4s,westeurope,1315.8092400000003,47106.119999999995,2
2026-03-20,Compute,VM-Standard_D8s,eastus,92.3184,1842681.6,1
2026-03-20,Compute,VM-Standard_D8s,southeastasia,572.04168,2129103.6,2
2026-03-20,Compute,VM-Standard_D8s,westeurope,865.4372000000001,122750100.0,2
2026-03-20,Database,CloudSQL-db.standard-2,asia-south1,360.207,6745.969999999999,2
2026-03-20,Database,CloudSQL-db.standard-2,europe-west1,1164.1848000000002,54981348.0,2
2026-03-20,Database,CloudSQL-db.standard-2,us-central1,3104.0655,120787.84,3
2026-03-20,Database,CloudSQL-db.standard-2,us-west1,41.225880000000004,77055259.98,2
2026-03-20,Database,RDS-db.m5.large,UNKNOWN,13.8618,103247352.0,1
2026-03-20,Database,RDS-db.m5.large,ap-southeast-1,55.045919999999995,2485687.6799999997,3
2026-03-20,Database,RDS-db.m5.large,eu-west-1,22.11636,661000.66,2
2026-03-20,Database,RDS-db.m5.large,us-east-1,2245.8331200000002,174090420.0,2
2026-03-20,Database,RDS-db.m5.large,us-west-2,1778.57568,150384728.56,4
2026-03-20,Database,SQLDb-S2,UNKNOWN,434.7718,24323256.0,1
2026-03-20,Database,SQLDb-S2,canadacentral,2384.0231000000003,23984.61,2
2026-03-20,Database,SQLDb-S2,eastus,421.9575,34856.85,1
2026-03-20,Storage,Blob-Cool,UNKNOWN,168.3612,4.0806,1
2026-03-20,Storage,Blob-Cool,canadacentral,58.18848,1.3089,2
2026-03-20,Storage,Blob-Cool,centralindia,272.98952,55897.28999999999,2
2026-03-20,Storage,Blob-Cool,eastus,0.9654,2.8293,1
2026-03-20,Storage,Blob-Cool,southeastasia,59.01,3485.0,1
2026-03-20,Storage,Blob-Cool,westeurope,114.18636,88549.68000000001,2
2026-03-20,Storage,Blob-Hot,centralindia,43.27,3.3979,1
2026-03-20,Storage,Blob-Hot,eastus,294.19324,3497.1912,2
2026-03-20,Storage,Blob-Hot,southeastasia,2.1709199999999997,9245.29,2
2026-03-20,Storage,GCS-Nearline,asia-southeast1,3.0986400000000005,2.7417,1
2026-03-20,Storage,GCS-Nearline,us-central1,159.62804,828.2007,2
2026-03-20,Storage,GCS-Nearline,us-west1,46.437900000000006,1377.1813,2
2026-03-20,Storage,GCS-Standard,asia-south1,0.8384400000000001,3804.51,1
2026-03-20,Storage,GCS-Standard,asia-southeast1,70.02,3745.4,1
2026-03-20,Storage,GCS-Standard,us-central1,134.92,1.5517,1
2026-03-20,Storage,GCS-Standard,us-west1,284.41882,3514.1809,4
2026-03-20,Storage,S3-IA,ap-south-1,389.0772,3485.4239,2
2026-03-20,Storage,S3-IA,ap-southeast-1,296.4688,107.3102,1
2026-03-20,Storage,S3-IA,eu-west-1,1.5643200000000002,1828.63,1
2026-03-20,Storage,S3-IA,us-east-1,64.4436,1095.52,1
2026-03-20,Storage,S3-IA,us-west-2,342.4428,5528.08,2
2026-03-20,Storage,S3-Standard,ap-south-1,244.51989999999998,3.5354,2
2026-03-20,Storage,S3-Standard,ap-southeast-1,402.1902,8.7761,2
2026-03-20,Storage,S3-Standard,eu-west-1,-4.160159999999999,4688.418000000001,3
2026-03-20,Storage,S3-Standard,us-east-1,11.05,1089.11,1
2026-03-20,Storage,S3-Standard,us-west-2,641.83822,12831.0986,5
2026-03-21,Compute,EC2-t3.large,ap-south-1,2068.06852,18504392.59,2
2026-03-21,Compute,EC2-t3.large,ap-southeast-1,1716.1828,141684000.0,2
2026-03-21,Compute,EC2-t3.large,us-east-1,15.4992,2215987.8,1
2026-03-21,Compute,EC2-t3.large,us-west-2,423.79312,7756201.2,3
2026-03-21,Compute,EC2-t3.medium,eu-west-1,1025.73208,142503183.0,3
2026-03-21,Compute,EC2-t3.medium,us-east-1,72.136,139173228.0,1
2026-03-21,Compute,EC2-t3.medium,us-west-2,675.4925999999999,2111947.41,2
2026-03-21,Compute,EC2-t3.xlarge,eu-west-1,2294.35,3334476.5999999996,2
2026-03-21,Compute,EC2-t3.xlarge,us-east-1,1684.9608799999999,2023619.72,3
2026-03-21,Compute,EC2-t3.xlarge,us-west-2,305.6001,948153.6,1
2026-03-21,Compute,GCE-n1-standard-2,asia-southeast1,1.96236,605053.2,1
2026-03-21,Compute,GCE-n1-standard-4,asia-south1,1322.54,123016500.0,1
2026-03-21,Compute,GCE-n1-standard-4,europe-west1,459.2376,8435.24,1
2026-03-21,Compute,GCE-n1-standard-4,us-central1,911.8941599999999,34567268.68,3
2026-03-21,Compute,GCE-n1-standard-4,us-west1,1853.1713,2295303.6,1
2026-03-21,Compute,GCE-n1-standard-8,us-central1,-2734.7436,2443960.8,1
2026-03-21,Compute,GCE-n1-standard-8,us-west1,11.90688,62298612.0,1
2026-03-21,Compute,UNKNOWN,europe-west1,17.6064,2197569.6,1
2026-03-21,Compute,VM-Standard_D2s,canadacentral,789.0828,208440174.0,3
2026-03-21,Compute,VM-Standard_D2s,centralindia,2704.2269,2060320.93,3
2026-03-21,Compute,VM-Standard_D4s,eastus,1952.0460000000003,42691859.93,2
2026-03-21,Compute,VM-Standard_D4s,westeurope,2.03424,152386236.0,1
2026-03-21,Compute,VM-Standard_D8s,centralindia,1.41636,9106740.0,1
2026-03-21,Database,CloudSQL-db.standard-2,asia-south1,1426.68428,103133418.6,3
2026-03-21,Database,CloudSQL-db.standard-2,asia-southeast1,606.48564,2275038.1599999997,2
2026-03-21,Database,CloudSQL-db.standard-2,europe-west1,285.91648,210375302.85,5
2026-03-21,Database,CloudSQL-db.standard-2,us-central1,53.15208,141305201.2,2
2026-03-21,Database,CloudSQL-db.standard-2,us-west1,38.61144,2673963.0,1
2026-03-21,Database,RDS-db.m5.large,UNKNOWN,30.2292,48089.94,1
2026-03-21,Database,RDS-db.m5.large,ap-south-1,81.44448000000001,4457173.8,2
2026-03-21,Database,RDS-db.m5.large,ap-southeast-1,7348.862300000001,2202056.12,3
2026-03-21,Database,RDS-db.m5.large,us-east-1,1146.97156,2362503.7800000003,4
2026-03-21,Database,SQLDb-S2,canadacentral,1842.5021000000002,32777300.4,2
2026-03-21,Database,SQLDb-S2,centralindia,3699.4444999999996,79735194.0,2
2026-03-21,Database,SQLDb-S2,eastus,241.002,40915.02,1
2026-03-21,Database,SQLDb-S2,southeastasia,4026.0895,93175816.53,2
2026-03-21,Database,SQLDb-S2,westeurope,6287.069760000001,328858563.6,3
2026-03-21,Storage,Blob-Cool,canadacentral,113.72,3841.69,1
2026-03-21,Storage,Blob-Cool,centralindia,569.0941,10307.65,3
2026-03-21,Storage,Blob-Cool,eastus,458.76,4931.07,1
2026-03-21,Storage,Blob-Cool,southeastasia,169.51680000000002,4.2884,1
2026-03-21,Storage,GCS-Nearline,asia-south1,196.76,2791.97,1
2026-03-21,Storage,GCS-Nearline,us-central1,0.6945600000000001,4710.93,1
2026-03-21,Storage,GCS-Standard,asia-south1,303.0032,3725.2001,2
2026-03-21,Storage,GCS-Standard,us-central1,0.9348,3879.05,1
2026-03-21,Storage,GCS-Standard,us-west1,21.11508,4.9258,2
2026-03-21,Storage,S3-IA,ap-south-1,385.55240000000003,4887.59,2
2026-03-21,Storage,S3-IA,us-west-2,82.38,4.8746,1
2026-03-21,Storage,S3-Standard,UNKNOWN,17.92,2.0634,1
2026-03-21,Storage,S3-Standard,ap-south-1,14.97048,3004.3039999999996,2
2026-03-21,Storage,S3-Standard,eu-west-1,73.93,3.0357,1
2026-03-21,Storage,S3-Standard,us-east-1,6.18,2285.09,1
2026-03-21,Storage,S3-Standard,us-west-2,2.21364,2671.81,1
2026-03-22,Compute,EC2-t3.large,ap-south-1,7.96692,530488.2,1
2026-03-22,Compute,EC2-t3.large,ap-southeast-1,2498.50836,5167661.4,2
2026-03-22,Compute,EC2-t3.large,eu-west-1,295.5204,494437.8,1
2026-03-22,Compute,EC2-t3.large,us-east-1,334.60592,456426.91000000003,2
2026-03-22,Compute,EC2-t3.large,us-west-2,4443.96,59445.24,2
2026-03-22,Compute,EC2-t3.medium,UNKNOWN,1909.98,1154679.6,1
2026-03-22,Compute,EC2-t3.medium,ap-south-1,431.68,6625.4,1
2026-03-22,Compute,EC2-t3.medium,ap-southeast-1,13.561319999999998,45960372.0,1
2026-03-22,Compute,EC2-t3.medium,eu-west-1,3071.3925600000002,127476932.83,3
2026-03-22,Compute,EC2-t3.medium,us-east-1,1789.6840000000002,126318888.0,1
2026-03-22,Compute,EC2-t3.xlarge,ap-south-1,4906.1116,175260168.0,1
2026-03-22,Compute,EC2-t3.xlarge,eu-west-1,1261.8,913446.6,1
2026-03-22,Compute,EC2-t3.xlarge,us-west-2,2.66784,16904.59,1
2026-03-22,Compute,GCE-n1-standard-2,asia-south1,20.74236,62259552.0,1
2026-03-22,Compute,GCE-n1-standard-2,asia-southeast1,7.72368,33720.51,1
2026-03-22,Compute,GCE-n1-standard-2,europe-west1,829.7424,35356176.0,1
2026-03-22,Compute,GCE-n1-standard-2,us-central1,309.9168,125828208.0,1
2026-03-22,Compute,GCE-n1-standard-4,asia-south1,6.453,84255012.0,1
2026-03-22,Compute,GCE-n1-standard-4,asia-southeast1,8.72712,541200.0,1
2026-03-22,Compute,GCE-n1-standard-4,us-central1,2526.20688,4491927109.22,2
2026-03-22,Compute,GCE-n1-standard-4,us-west1,31.79196,1894181.4,1
2026-03-22,Compute,GCE-n1-standard-8,asia-south1,5357.00816,71055760.98,4
2026-03-22,Compute,GCE-n1-standard-8,us-central1,7.95624,2072656.8,1
2026-03-22,Compute,GCE-n1-standard-8,us-west1,803.29,19366.13,1
2026-03-22,Compute,VM-Standard_D2s,centralindia,45.94,2932.31,1
2026-03-22,Compute,VM-Standard_D4s,canadacentral,49.54248,166612608.0,1
2026-03-22,Compute,VM-Standard_D4s,westeurope,204.0228,629208396.0,1
2026-03-22,Compute,VM-Standard_D8s,canadacentral,1697.94,128494980.0,1
2026-03-22,Compute,VM-Standard_D8s,centralindia,0.34152,31544748.0,1
2026-03-22,Compute,VM-Standard_D8s,eastus,41.344080000000005,39494.06,1
2026-03-22,Database,CloudSQL-db.standard-2,asia-south1,-24.61848,119809476.0,1
2026-03-22,Database,CloudSQL-db.standard-2,europe-west1,442.87656,4379259.9,3
2026-03-22,Database,CloudSQL-db.standard-2,us-central1,306.69968,21945719.09,2
2026-03-22,Database,CloudSQL-db.standard-2,us-west1,7.703280000000001,40611960.0,1
2026-03-22,Database,RDS-db.m5.large,ap-south-1,4616.778920000001,2161421.64,3
2026-03-22,Database,RDS-db.m5.large,ap-southeast-1,6240.8826,335998692.0,2
2026-03-22,Database,RDS-db.m5.large,eu-west-1,475.89316,5735999.75,4
2026-03-22,Database,RDS-db.m5.large,us-east-1,7289.7408,15728504688.0,2
2026-03-22,Database,RDS-db.m5.large,us-west-2,5.33244,978541.88,2
2026-03-22,Database,SQLDb-S2,UNKNOWN,3567.3804,112937435.24,3
2026-03-22,Database,SQLDb-S2,centralindia,4156.64896,222233874.62,5
2026-03-22,Database,SQLDb-S2,eastus,2749.2048000000004,159577485.6,2
2026-03-22,Database,SQLDb-S2,southeastasia,3.1834800000000003,61276500.0,1
2026-03-22,Database,SQLDb-S2,westeurope,6584.8442,6025981.24,5
2026-03-22,Database,UNKNOWN,asia-southeast1,581.17,7111.43,1
2026-03-22,Storage,Blob-Cool,canadacentral,127.6344,1322.59,1
2026-03-22,Storage,Blob-Cool,centralindia,281.7327,2329.5247999999997,3
2026-03-22,Storage,Blob-Cool,westeurope,77.5116,3.9516,1
2026-03-22,Storage,Blob-Hot,eastus,149.5152,549.0285,2
2026-03-22,Storage,GCS-Nearline,asia-south1,228.1936,3.3258,1
2026-03-22,Storage,GCS-Nearline,europe-west1,330.06266,9880.972399999999,4
2026-03-22,Storage,GCS-Nearline,us-central1,16.90392,1303.79,2
2026-03-22,Storage,GCS-Nearline,us-west1,5.8458000000000006,3733.1111,4
2026-03-22,Storage,GCS-Standard,europe-west1,299.89398,6.0427,2
2026-03-22,Storage,GCS-Standard,us-central1,0.2387999999999999,2280.25,1
2026-03-22,Storage,GCS-Standard,us-west1,1.01196,1.2674,1
2026-03-22,Storage,S3-IA,ap-south-1,294.12266,2351.9114999999997,4
2026-03-22,Storage,S3-IA,ap-southeast-1,33.57496,2431.8203999999996,2
2026-03-22,Storage,S3-IA,us-west-2,4.378920000000001,166.0548,1
2026-03-22,Storage,S3-Standard,ap-south-1,277.98202000000003,9228.5822,3
2026-03-22,Storage,S3-Standard,eu-west-1,0.28032,2841.63,1
2026-03-22,Storage,S3-Standard,us-east-1,203.71984,158201.88,2
2026-03-23,Compute,EC2-t3.large,UNKNOWN,18.48936,108423144.0,1
2026-03-23,Compute,EC2-t3.large,ap-southeast-1,371.54632000000004,44292.659999999996,3
2026-03-23,Compute,EC2-t3.large,us-east-1,1437.28,2250556.8,1
2026-03-23,Compute,EC2-t3.medium,ap-southeast-1,3.56256,21632.65,1
2026-03-23,Compute,EC2-t3.medium,us-west-2,674.98,46498.6,1
2026-03-23,Compute,EC2-t3.xlarge,ap-south-1,22.55436,1806658.2,1
2026-03-23,Compute,EC2-t3.xlarge,eu-west-1,35.8284,168679548.0,1
2026-03-23,Compute,EC2-t3.xlarge,us-east-1,249.71,518671433.4,2
2026-03-23,Compute,EC2-t3.xlarge,us-west-2,4249.98,2909802.0,1
2026-03-23,Compute,GCE-n1-standard-2,asia-south1,13.775640000000001,2720984.29,2
2026-03-23,Compute,GCE-n1-standard-2,asia-southeast1,0.09984,161.17,1
2026-03-23,Compute,GCE-n1-standard-2,us-central1,16.40232,1618768.8,2
2026-03-23,Compute,GCE-n1-standard-4,asia-southeast1,53.747640000000004,107381077.14,2
2026-03-23,Compute,GCE-n1-standard-4,us-central1,39.72312,3234656.4,2
2026-03-23,Compute,GCE-n1-standard-4,us-west1,3077.3520000000003,118108188.0,1
2026-03-23,Compute,GCE-n1-standard-8,asia-south1,78.02,3567.0,1
2026-03-23,Compute,GCE-n1-standard-8,europe-west1,2760.2752800000003,178451708.27,3
2026-03-23,Compute,GCE-n1-standard-8,us-central1,19.0428,22382.19,1
2026-03-23,Compute,VM-Standard_D2s,eastus,86.83804,12544.18,3
2026-03-23,Compute,VM-Standard_D2s,southeastasia,0.0,1477588.8,1
2026-03-23,Compute,VM-Standard_D4s,UNKNOWN,23.71824,129920004.0,1
2026-03-23,Compute,VM-Standard_D4s,canadacentral,1989.4464,6010.46,1
2026-03-23,Compute,VM-Standard_D4s,centralindia,3889.75308,146544009.46,2
2026-03-23,Compute,VM-Standard_D4s,eastus,2.8952400000000003,6688.7,1
2026-03-23,Compute,VM-Standard_D4s,southeastasia,1637.8555,1205988.0,1
2026-03-23,Compute,VM-Standard_D4s,westeurope,26.51148,26232.54,1
2026-03-23,Compute,VM-Standard_D8s,centralindia,1499.3873999999998,1084246.68,1
2026-03-23,Compute,VM-Standard_D8s,eastus,6.52632,38195.94,1
2026-03-23,Compute,VM-Standard_D8s,westeurope,3959.8308000000006,2461522.8,1
2026-03-23,Database,CloudSQL-db.standard-2,asia-south1,2929.3212000000003,187730769.6,3
2026-03-23,Database,CloudSQL-db.standard-2,asia-southeast1,2016.0913600000001,160942679.77,3
2026-03-23,Database,CloudSQL-db.standard-2,europe-west1,3082.6583,91978505.4,2
2026-03-23,Database,CloudSQL-db.standard-2,us-central1,1660.53532,2685842.29,4
2026-03-23,Database,CloudSQL-db.standard-2,us-west1,2864.7136,85048594.39,3
2026-03-23,Database,RDS-db.m5.large,UNKNOWN,-44.11128,174050388.0,1
2026-03-23,Database,RDS-db.m5.large,ap-south-1,405.05,391113389.21,2
2026-03-23,Database,RDS-db.m5.large,ap-southeast-1,541.50164,26403905.55,3
2026-03-23,Database,RDS-db.m5.large,eu-west-1,30.923400000000004,80608514.30000001,2
2026-03-23,Database,RDS-db.m5.large,us-west-2,1733.81116,135228010.12,3
2026-03-23,Database,SQLDb-S2,centralindia,2748.8157,1219993.4600000002,2
2026-03-23,Database,SQLDb-S2,eastus,3600.3941999999997,174290785.05,4
2026-03-23,Database,SQLDb-S2,southeastasia,20.4858,32737666.6,2
2026-03-23,Database,SQLDb-S2,westeurope,2693.2824000000005,105026160.0,3
2026-03-23,Storage,Blob-Cool,centralindia,47.656099999999995,0.6456999999999999,2
2026-03-23,Storage,Blob-Cool,eastus,15.174,10231.49,1
2026-03-23,Storage,Blob-Hot,canadacentral,57.9,3.658,1
2026-03-23,Storage,Blob-Hot,westeurope,372.7404,5929.0022,4
2026-03-23,Storage,GCS-Nearline,UNKNOWN,132.14,1.7402,1
2026-03-23,Storage,GCS-Nearline,asia-south1,1.00296,2.2749,1
2026-03-23,Storage,GCS-Nearline,asia-southeast1,-3547.54,19175.67,3
2026-03-23,Storage,GCS-Nearline,europe-west1,2.6994000000000002,2852.4937999999997,3
2026-03-23,Storage,GCS-Nearline,us-central1,359.7592,6.4169,2
2026-03-23,Storage,GCS-Nearline,us-west1,0.42648,1.4449,1
2026-03-23,Storage,GCS-Standard,asia-southeast1,252.36348,1269.3338999999999,3
2026-03-23,Storage,GCS-Standard,us-central1,162.72,2714.33,1
2026-03-23,Storage,GCS-Standard,us-west1,1.35792,3027.485,2
2026-03-23,Storage,S3-IA,ap-south-1,147.21,1396.7247000000002,2
2026-03-23,Storage,S3-IA,ap-southeast-1,294.42176,3733.5952,3
2026-03-23,Storage,S3-IA,us-east-1,0.6792,0.7457,1
2026-03-23,Storage,S3-IA,us-west-2,0.72276,3158.52,1
2026-03-23,Storage,S3-Standard,ap-south-1,454.0377,3.9984,1
2026-03-23,Storage,S3-Standard,ap-southeast-1,0.30072,0.4119,1
2026-03-23,Storage,S3-Standard,eu-west-1,9.89,2430.8,1
2026-03-23,Storage,S3-Standard,us-east-1,65.56592,4462.876,3
2026-03-23,Storage,S3-Standard,us-west-2,86.28,3708.87,1
2026-03-24,Compute,EC2-t3.large,ap-south-1,0.0,29330316.0,1
2026-03-24,Compute,EC2-t3.large,ap-southeast-1,1729.59468,2719742.07,3
2026-03-24,Compute,EC2-t3.large,eu-west-1,2412.8388000000004,87609489.43,2
2026-03-24,Compute,EC2-t3.large,us-west-2,1406.71624,59126.770000000004,2
2026-03-24,Compute,EC2-t3.medium,ap-south-1,15.6918,1540005.6,1
2026-03-24,Compute,EC2-t3.medium,eu-west-1,771.7903200000001,122751720.0,2
2026-03-24,Compute,EC2-t3.xlarge,ap-south-1,11.21496,33869.68,1
2026-03-24,Compute,EC2-t3.xlarge,us-west-2,1334.79,28405.82,1
2026-03-24,Compute,GCE-n1-standard-2,europe-west1,6.86424,34942156.8,1
2026-03-24,Compute,GCE-n1-standard-2,us-central1,491.02,1051067.4,1
2026-03-24,Compute,GCE-n1-standard-2,us-west1,4041.8365,5226196.279999999,3
2026-03-24,Compute,GCE-n1-standard-4,asia-southeast1,5.9874,34093008.0,1
2026-03-24,Compute,GCE-n1-standard-4,us-west1,53.11668,2777683.2,1
2026-03-24,Compute,GCE-n1-standard-8,asia-south1,5455.3624,155778931.45,2
2026-03-24,Compute,VM-Standard_D2s,canadacentral,458.0280000000001,16150.31,1
2026-03-24,Compute,VM-Standard_D2s,southeastasia,3439.7244,2133955.2,1
2026-03-24,Compute,VM-Standard_D2s,westeurope,286.76,80131356.0,1
2026-03-24,Compute,VM-Standard_D4s,UNKNOWN,2346.7313999999997,73557084.19,2
2026-03-24,Compute,VM-Standard_D4s,centralindia,1073.25,59637024.0,1
2026-03-24,Compute,VM-Standard_D4s,eastus,2650.91408,144606096.0,2
2026-03-24,Compute,VM-Standard_D4s,southeastasia,422.4852,298462.2,1
2026-03-24,Compute,VM-Standard_D4s,westeurope,471.38,441229.2,1
2026-03-24,Compute,VM-Standard_D8s,canadacentral,3403.9937,2188558.2,1
2026-03-24,Compute,VM-Standard_D8s,centralindia,37.32,1035.44,1
2026-03-24,Compute,VM-Standard_D8s,westeurope,7814.051759999999,132746.35,3
2026-03-24,Database,CloudSQL-db.standard-2,asia-south1,3297.7563,175004104.73000002,3
2026-03-24,Database,CloudSQL-db.standard-2,asia-southeast1,1930.18356,62681722.78,2
2026-03-24,Database,CloudSQL-db.standard-2,europe-west1,7.210560000000001,1984100.31,2
2026-03-24,Database,CloudSQL-db.standard-2,us-central1,58.48464,237815031.64,3
2026-03-24,Database,RDS-db.m5.large,UNKNOWN,27.55212,142734276.0,1
2026-03-24,Database,RDS-db.m5.large,ap-south-1,3001.85808,4492077098.4,2
2026-03-24,Database,RDS-db.m5.large,ap-southeast-1,1211.6,22270.72,1
2026-03-24,Database,RDS-db.m5.large,eu-west-1,3348.53744,1804903.8900000001,5
2026-03-24,Database,RDS-db.m5.large,us-east-1,6016.11852,195925918.63,6
2026-03-24,Database,RDS-db.m5.large,us-west-2,16.22616,44363974.02,3
2026-03-24,Database,SQLDb-S2,UNKNOWN,334.92,22962.19,1
2026-03-24,Database,SQLDb-S2,canadacentral,200.67984,70290155.4,2
2026-03-24,Database,SQLDb-S2,centralindia,4404.67236,152780975.57,4
2026-03-24,Database,SQLDb-S2,eastus,747.556,2315384.22,2
2026-03-24,Database,SQLDb-S2,southeastasia,4179.9456,42300.86,1
2026-03-24,Database,SQLDb-S2,westeurope,1124.27904,2657203.25,2
2026-03-24,Storage,Blob-Cool,southeastasia,21.017760000000003,1392.6372,2
2026-03-24,Storage,Blob-Cool,westeurope,129.60000000000002,1894.36,1
2026-03-24,Storage,Blob-Hot,UNKNOWN,0.24804,2008.84,1
2026-03-24,Storage,Blob-Hot,canadacentral,92.11236,2594.67,3
2026-03-24,Storage,Blob-Hot,eastus,0.01344,0.0276,1
2026-03-24,Storage,GCS-Nearline,asia-south1,102.98464000000001,1621.1440000000002,3
2026-03-24,Storage,GCS-Nearline,europe-west1,456.6548,1815.7158,3
2026-03-24,Storage,GCS-Nearline,us-central1,1.95,5917.96,2
2026-03-24,Storage,GCS-Standard,asia-south1,172.65,4.2834,1
2026-03-24,Storage,GCS-Standard,asia-southeast1,111.7727,2987.04,1
2026-03-24,Storage,GCS-Standard,europe-west1,254.67960000000002,14130.545,2
2026-03-24,Storage,GCS-Standard,us-central1,4.807320000000001,4805.6915,2
2026-03-24,Storage,GCS-Standard,us-west1,119.77200000000002,150570.46,1
2026-03-24,Storage,S3-IA,ap-south-1,0.24960000000000002,174.7133,2
2026-03-24,Storage,S3-IA,ap-southeast-1,54.065239999999996,1582.5147000000002,3
2026-03-24,Storage,S3-IA,eu-west-1,971.7182,4553.0364,5
2026-03-24,Storage,S3-IA,us-east-1,457.7,2237.9743,3
2026-03-24,Storage,S3-IA,us-west-2,491.95,4929.68,1
2026-03-24,Storage,S3-Standard,ap-south-1,3.84204,3729.46,1
2026-03-24,Storage,S3-Standard,eu-west-1,79.35404,6831.4229,3
2026-03-24,Storage,S3-Standard,us-east-1,198.76749999999998,6411.9341,3
2026-03-24,Storage,S3-Standard,us-west-2,98.21324,2679.3853,3
2026-03-24,Storage,UNKNOWN,us-east-1,217.55,2458.19,1
2026-03-24,Storage,UNKNOWN,us-west-2,2.20116,4280.18,1
2026-03-25,Compute,EC2-t3.large,eu-west-1,10.48608,106212096.0,1
2026-03-25,Compute,EC2-t3.large,us-east-1,1649.95,15429531.95,2
2026-03-25,Compute,EC2-t3.large,us-west-2,203.4138,73916388.0,2
2026-03-25,Compute,EC2-t3.medium,ap-south-1,1005.97,94632804.0,1
2026-03-25,Compute,EC2-t3.medium,us-west-2,3079.95,111393147.52,2
2026-03-25,Compute,EC2-t3.xlarge,ap-southeast-1,0.39912,25537.54,1
2026-03-25,Compute,EC2-t3.xlarge,us-east-1,15.1122,71366040.0,1
2026-03-25,Compute,GCE-n1-standard-2,asia-south1,7.13496,1194344.4,1
2026-03-25,Compute,GCE-n1-standard-2,asia-southeast1,143.29,235818.0,1
2026-03-25,Compute,GCE-n1-standard-2,us-central1,40.299,2762079.6,1
2026-03-25,Compute,GCE-n1-standard-2,us-west1,1237.2372,50775696.6,1
2026-03-25,Compute,GCE-n1-standard-4,asia-southeast1,0.0,2028667.2,1
2026-03-25,Compute,GCE-n1-standard-4,us-central1,12.452160000000001,233043624.0,2
2026-03-25,Compute,GCE-n1-standard-8,asia-southeast1,39.19776,122197212.0,1
2026-03-25,Compute,GCE-n1-standard-8,us-central1,1.15056,2456635.8,1
2026-03-25,Compute,UNKNOWN,UNKNOWN,4.641,27060.02,1
2026-03-25,Compute,UNKNOWN,eu-west-1,81.06312,214277976.0,2
2026-03-25,Compute,UNKNOWN,us-central1,28.155600000000003,34703.5,2
2026-03-25,Compute,VM-Standard_D2s,canadacentral,20.30244,17893.39,1
2026-03-25,Compute,VM-Standard_D2s,eastus,1050.7644,24326.16,1
2026-03-25,Compute,VM-Standard_D2s,southeastasia,754.88,1686848.4,1
2026-03-25,Compute,VM-Standard_D4s,centralindia,600.29,9368.8,1
2026-03-25,Compute,VM-Standard_D4s,eastus,513.54,2895232.2,1
2026-03-25,Compute,VM-Standard_D4s,westeurope,266.8032,13740.16,1
2026-03-25,Compute,VM-Standard_D8s,eastus,2887.5212400000005,34473623.4,2
2026-03-25,Compute,VM-Standard_D8s,westeurope,4758.2328,49289.64,1
2026-03-25,Database,CloudSQL-db.standard-2,asia-south1,-1413.0379400000002,56518.93,4
2026-03-25,Database,CloudSQL-db.standard-2,asia-southeast1,4623.534000000001,167822532.0,1
2026-03-25,Database,CloudSQL-db.standard-2,europe-west1,699.99216,2859105.58,3
2026-03-25,Database,CloudSQL-db.standard-2,us-central1,247.54714,302511168.0,2
2026-03-25,Database,CloudSQL-db.standard-2,us-west1,11.47488,109398240.0,1
2026-03-25,Database,RDS-db.m5.large,ap-southeast-1,724.2937,8970.47,1
2026-03-25,Database,RDS-db.m5.large,eu-west-1,56.07288,49424.4,1
2026-03-25,Database,RDS-db.m5.large,us-east-1,36.43092,79624006.96000001,3
2026-03-25,Database,RDS-db.m5.large,us-west-2,248.73876,208660900.18,4
2026-03-25,Database,SQLDb-S2,canadacentral,43.71384,167498352.0,2
2026-03-25,Database,SQLDb-S2,centralindia,831.37,22298.28,1
2026-03-25,Database,SQLDb-S2,eastus,3396.4328400000004,142291833.04,3
2026-03-25,Database,SQLDb-S2,southeastasia,4332.2704,184883364.0,3
2026-03-25,Database,SQLDb-S2,westeurope,4176.4294,247069993.06,3
2026-03-25,Storage,Blob-Cool,canadacentral,290.37664,709.3149999999999,2
2026-03-25,Storage,Blob-Cool,centralindia,58.718880000000006,5301.84,3
2026-03-25,Storage,Blob-Cool,southeastasia,241.03028,35899.848600000005,2
2026-03-25,Storage,Blob-Cool,westeurope,91.32,1.1525,1
2026-03-25,Storage,Blob-Hot,canadacentral,0.018,1271.21,1
2026-03-25,Storage,Blob-Hot,centralindia,118.6053,0.9342,1
2026-03-25,Storage,Blob-Hot,southeastasia,4.28664,4890.33,1
2026-03-25,Storage,GCS-Nearline,asia-south1,351.5544,6.2425999999999995,2
2026-03-25,Storage,GCS-Nearline,asia-southeast1,117.7,2947.26,1
2026-03-25,Storage,GCS-Nearline,us-central1,40.39296,2870.92,4
2026-03-25,Storage,GCS-Nearline,us-west1,17.02,289.4,1
2026-03-25,Storage,GCS-Standard,asia-southeast1,122.8471,1356.07,1
2026-03-25,Storage,GCS-Standard,us-central1,0.1644,0.1393,1
2026-03-25,Storage,S3-IA,us-east-1,43.13814,9572.52,3
2026-03-25,Storage,S3-IA,us-west-2,46.47224,5778.162399999999,3
2026-03-25,Storage,S3-Standard,ap-south-1,319.608,5.0412,2
2026-03-25,Storage,S3-Standard,ap-southeast-1,0.23448,2366.97,1
2026-03-25,Storage,S3-Standard,us-east-1,0.34116,380.56,1
2026-03-25,Storage,S3-Standard,us-west-2,3.8656800000000002,3830.3797,2
2026-03-26,Compute,EC2-t3.large,ap-south-1,3122.17662,123419727.2,3
2026-03-26,Compute,EC2-t3.large,ap-southeast-1,1222.2992800000002,2268822.4899999998,2
2026-03-26,Compute,EC2-t3.large,eu-west-1,15.268680000000002,94796856.0,1
2026-03-26,Compute,EC2-t3.large,us-west-2,65.09700000000001,14243127.6,2
2026-03-26,Compute,EC2-t3.medium,ap-southeast-1,24.49032,35877566.4,2
2026-03-26,Compute,EC2-t3.xlarge,ap-south-1,1561.18,25825.44,1
2026-03-26,Compute,EC2-t3.xlarge,ap-southeast-1,2043.77404,125784768.0,3
2026-03-26,Compute,EC2-t3.xlarge,us-east-1,684.59,22257.58,1
2026-03-26,Compute,GCE-n1-standard-2,asia-south1,15.47196,6698.32,1
2026-03-26,Compute,GCE-n1-standard-2,asia-southeast1,22.92732,1403914.8,1
2026-03-26,Compute,GCE-n1-standard-4,asia-south1,1173.88988,42970777.96,3
2026-03-26,Compute,GCE-n1-standard-4,europe-west1,9.31104,1437716.4,1
2026-03-26,Compute,GCE-n1-standard-8,asia-southeast1,218.48,23913900.0,1
2026-03-26,Compute,VM-Standard_D2s,eastus,1502.298,20368165.8,2
2026-03-26,Compute,VM-Standard_D2s,southeastasia,1303.7312,2760828.0,1
2026-03-26,Compute,VM-Standard_D4s,canadacentral,684.943,126311119.8,2
2026-03-26,Compute,VM-Standard_D4s,centralindia,534.58,65339856.0,1
2026-03-26,Compute,VM-Standard_D4s,westeurope,315.2,1036571.4,1
2026-03-26,Compute,VM-Standard_D8s,canadacentral,839.1168000000001,727028.4,1
2026-03-26,Compute,VM-Standard_D8s,southeastasia,3007.962,131847910.14,2
2026-03-26,Compute,VM-Standard_D8s,westeurope,874.7125,88188408.0,1
2026-03-26,Database,CloudSQL-db.standard-2,asia-south1,632.68218,14423416.74,3
2026-03-26,Database,CloudSQL-db.standard-2,asia-southeast1,6.03696,30804048.0,1
2026-03-26,Database,CloudSQL-db.standard-2,europe-west1,5594.1754,1072384872.12,7
2026-03-26,Database,CloudSQL-db.standard-2,us-central1,1238.78116,3944282.29,3
2026-03-26,Database,CloudSQL-db.standard-2,us-west1,2604.87,110282652.0,1
2026-03-26,Database,RDS-db.m5.large,ap-south-1,1099.65464,111877374.63,4
2026-03-26,Database,RDS-db.m5.large,ap-southeast-1,851.4207,41011452.0,1
2026-03-26,Database,RDS-db.m5.large,eu-west-1,5463.469620000001,131381305.47,4
2026-03-26,Database,RDS-db.m5.large,us-east-1,2341.38376,153190212.0,3
2026-03-26,Database,RDS-db.m5.large,us-west-2,1106.96048,45827.079999999994,3
2026-03-26,Database,SQLDb-S2,UNKNOWN,6.215039999999999,316276.8,1
2026-03-26,Database,SQLDb-S2,canadacentral,1862.3863999999999,56180908.8,2
2026-03-26,Database,SQLDb-S2,eastus,44.6508,2386835.14,2
2026-03-26,Database,SQLDb-S2,southeastasia,4054.6588799999995,299058283.26,3
2026-03-26,Database,SQLDb-S2,westeurope,5275.854,176625756.0,1
2026-03-26,Storage,Blob-Cool,canadacentral,275.36760000000004,393.71680000000003,2
2026-03-26,Storage,Blob-Cool,centralindia,211.54,2.3626,1
2026-03-26,Storage,Blob-Cool,southeastasia,229.2516,2.2597,1
2026-03-26,Storage,Blob-Cool,westeurope,0.34452,375.45,1
2026-03-26,Storage,Blob-Hot,canadacentral,378.32126,3157.9236,3
2026-03-26,Storage,Blob-Hot,westeurope,372.3894,2959.8,1
2026-03-26,Storage,GCS-Nearline,asia-southeast1,1.82772,1842.21,1
2026-03-26,Storage,GCS-Nearline,europe-west1,68.898,2.5737,2
2026-03-26,Storage,GCS-Nearline,us-central1,345.43168,5.9994,3
2026-03-26,Storage,GCS-Nearline,us-west1,2.13396,7285.780000000001,2
2026-03-26,Storage,GCS-Standard,asia-southeast1,1.776,1.8452,1
2026-03-26,Storage,GCS-Standard,europe-west1,190.39020000000002,1967.6709,2
2026-03-26,Storage,GCS-Standard,us-central1,877.4352000000001,9.5554,2
2026-03-26,Storage,GCS-Standard,us-west1,1.11768,1.2343,1
2026-03-26,Storage,S3-IA,ap-south-1,68.29,1510.3,1
2026-03-26,Storage,S3-IA,eu-west-1,0.19992,0.4486,1
2026-03-26,Storage,S3-IA,us-east-1,177.01167999999998,5717.0,2
2026-03-26,Storage,S3-IA,us-west-2,3.2196,4.2456,1
2026-03-26,Storage,S3-Standard,ap-south-1,0.8928,1174.39,1
2026-03-26,Storage,S3-Standard,eu-west-1,1192.79,2582.61,1
2026-03-26,Storage,S3-Standard,us-east-1,0.69792,4.5764,1
2026-03-26,Storage,S3-Standard,us-west-2,3.79612,3050.6037,2
2026-03-27,Compute,EC2-t3.large,ap-south-1,2585.1993,47790.56,1
2026-03-27,Compute,EC2-t3.large,ap-southeast-1,316.2173,43452648.0,1
2026-03-27,Compute,EC2-t3.large,eu-west-1,2299.0,1447776.32,2
2026-03-27,Compute,EC2-t3.medium,eu-west-1,73.13,24445620.0,1
2026-03-27,Compute,EC2-t3.medium,us-east-1,7.19892,13533.33,1
2026-03-27,Compute,EC2-t3.xlarge,eu-west-1,3109.26,70228840.2,1
2026-03-27,Compute,EC2-t3.xlarge,us-west-2,3758.31,173144628.0,1
2026-03-27,Compute,GCE-n1-standard-2,asia-south1,0.47052,57350.4,1
2026-03-27,Compute,GCE-n1-standard-2,asia-southeast1,176.35,54773640.0,1
2026-03-27,Compute,GCE-n1-standard-2,europe-west1,745.0138800000001,101205377.98,2
2026-03-27,Compute,GCE-n1-standard-4,us-west1,15.31848,1869580.8,2
2026-03-27,Compute,GCE-n1-standard-8,asia-south1,380.6,447620.4,1
2026-03-27,Compute,GCE-n1-standard-8,europe-west1,6839.02756,311016708.0,4
2026-03-27,Compute,GCE-n1-standard-8,us-central1,4.13736,23840100.0,1
2026-03-27,Compute,GCE-n1-standard-8,us-west1,30.17796,80923615.8,2
2026-03-27,Compute,VM-Standard_D2s,canadacentral,1410.48,790208.09,2
2026-03-27,Compute,VM-Standard_D2s,centralindia,817.68,15164.55,1
2026-03-27,Compute,VM-Standard_D2s,southeastasia,3032.9369000000006,193288468.37,3
2026-03-27,Compute,VM-Standard_D4s,canadacentral,1403.1051599999998,67305674.4,2
2026-03-27,Compute,VM-Standard_D4s,centralindia,2409.85656,91100626.8,2
2026-03-27,Compute,VM-Standard_D4s,westeurope,9.43512,35036.2,1
2026-03-27,Compute,VM-Standard_D8s,canadacentral,257.66,126606024.0,1
2026-03-27,Compute,VM-Standard_D8s,centralindia,3572.2404000000006,93229059.6,2
2026-03-27,Compute,VM-Standard_D8s,southeastasia,2.29236,400526.4,1
2026-03-27,Compute,VM-Standard_D8s,westeurope,1450.6776000000002,40552.32,1
2026-03-27,Database,CloudSQL-db.standard-2,asia-south1,7.22556,21619.44,1
2026-03-27,Database,CloudSQL-db.standard-2,asia-southeast1,3.25752,36708.94,2
2026-03-27,Database,CloudSQL-db.standard-2,europe-west1,12.83064,42666480.0,1
2026-03-27,Database,CloudSQL-db.standard-2,us-central1,5.681640000000001,11749.67,1
2026-03-27,Database,CloudSQL-db.standard-2,us-west1,1322.73,48053.2,1
2026-03-27,Database,RDS-db.m5.large,ap-south-1,4.24068,29436804.0,1
2026-03-27,Database,RDS-db.m5.large,ap-southeast-1,11.66448,886407.9400000001,2
2026-03-27,Database,RDS-db.m5.large,eu-west-1,5787.104200000001,132131.8,3
2026-03-27,Database,RDS-db.m5.large,us-east-1,86.51592,192175292.19,3
2026-03-27,Database,RDS-db.m5.large,us-west-2,3915.91384,338241871.71,5
2026-03-27,Database,SQLDb-S2,canadacentral,6329.52412,34812851.82,4
2026-03-27,Database,SQLDb-S2,centralindia,6349.86944,2545563.52,4
2026-03-27,Database,SQLDb-S2,eastus,552.3336,45464544.0,1
2026-03-27,Database,SQLDb-S2,southeastasia,5478.2505,44352784.57,3
2026-03-27,Database,SQLDb-S2,westeurope,1440.0504,914826.0,2
2026-03-27,Database,UNKNOWN,ap-south-1,500.0244,5182.65,1
2026-03-27,Database,UNKNOWN,ap-southeast-1,4413.53,173826144.0,1
2026-03-27,Database,UNKNOWN,canadacentral,524.3724,502971.6,1
2026-03-27,Database,UNKNOWN,eu-west-1,32.333639999999995,1967271.6,1
2026-03-27,Storage,Blob-Cool,centralindia,258.8544,2610.26,1
2026-03-27,Storage,Blob-Cool,southeastasia,22.086,738.54,1
2026-03-27,Storage,Blob-Cool,westeurope,233.5176,3322.65,1
2026-03-27,Storage,Blob-Hot,UNKNOWN,445.0356,4.7743,1
2026-03-27,Storage,Blob-Hot,canadacentral,178.92732,95595.12000000001,2
2026-03-27,Storage,Blob-Hot,centralindia,100.5,178.4379,1
2026-03-27,Storage,Blob-Hot,eastus,2713.1059999999998,3234.5245,5
2026-03-27,Storage,Blob-Hot,southeastasia,264.2328,2802.1071,2
2026-03-27,Storage,Blob-Hot,westeurope,130.6692,4.2929,1
2026-03-27,Storage,GCS-Nearline,asia-south1,0.91944,3.7781,1
2026-03-27,Storage,GCS-Nearline,europe-west1,126.41404,4653.2514,2
2026-03-27,Storage,GCS-Nearline,us-west1,31.027919999999998,770.2088,2
2026-03-27,Storage,GCS-Standard,asia-southeast1,223.42216000000002,2646.8153,3
2026-03-27,Storage,GCS-Standard,us-central1,0.44448,3878.24,1
2026-03-27,Storage,S3-IA,ap-south-1,246.51319999999998,6353.2,2
2026-03-27,Storage,S3-IA,ap-southeast-1,118.19640000000001,1486.3899999999999,2
2026-03-27,Storage,S3-IA,eu-west-1,140.2704,6232.21,3
2026-03-27,Storage,S3-IA,us-east-1,116.17,1741.04,1
2026-03-27,Storage,S3-IA,us-west-2,643.6668,5891.3987,5
2026-03-27,Storage,S3-Standard,ap-south-1,5.44788,993.5308,2
2026-03-27,Storage,S3-Standard,ap-southeast-1,3.07056,3791.3,1
2026-03-27,Storage,S3-Standard,eu-west-1,1.44324,5.3645,2
2026-03-27,Storage,S3-Standard,us-east-1,0.27024,2156.15,1
2026-03-27,Storage,S3-Standard,us-west-2,2924.36,4456.9704,2
2026-03-28,Compute,EC2-t3.large,UNKNOWN,2954.77,2760030.0,1
2026-03-28,Compute,EC2-t3.large,ap-southeast-1,627.99696,147300196.06,3
2026-03-28,Compute,EC2-t3.large,us-east-1,162.95,347974.8,1
2026-03-28,Compute,EC2-t3.medium,ap-south-1,3035.97,47422.46,1
2026-03-28,Compute,EC2-t3.medium,eu-west-1,0.3167999999999999,156309.6,1
2026-03-28,Compute,EC2-t3.medium,us-east-1,4498.9076000000005,25860201.580000002,5
2026-03-28,Compute,EC2-t3.xlarge,ap-south-1,552.1071000000001,1686703.8,1
2026-03-28,Compute,EC2-t3.xlarge,ap-southeast-1,255.524,305095104.0,2
2026-03-28,Compute,EC2-t3.xlarge,eu-west-1,645.5484,15687.27,1
2026-03-28,Compute,GCE-n1-standard-2,asia-south1,4647.93156,175970941.44,2
2026-03-28,Compute,GCE-n1-standard-2,europe-west1,1278.36,22885.97,1
2026-03-28,Compute,GCE-n1-standard-2,us-central1,55.42,12993.36,1
2026-03-28,Compute,GCE-n1-standard-4,us-central1,56.64972,186550020.0,2
2026-03-28,Compute,GCE-n1-standard-8,asia-south1,2583.11712,2693264.5700000003,2
2026-03-28,Compute,GCE-n1-standard-8,us-west1,3527.4094400000004,2595654.2,2
2026-03-28,Compute,UNKNOWN,us-east-1,209.91,732278.4,1
2026-03-28,Compute,VM-Standard_D2s,westeurope,2392.2108000000003,42607.5,1
2026-03-28,Compute,VM-Standard_D4s,canadacentral,2306.4577,123419131.2,2
2026-03-28,Compute,VM-Standard_D4s,centralindia,15.238680000000002,2560255.2,1
2026-03-28,Compute,VM-Standard_D4s,westeurope,143.60760000000002,28273.74,1
2026-03-28,Compute,VM-Standard_D8s,canadacentral,6585.264800000001,90190477.8,3
2026-03-28,Compute,VM-Standard_D8s,westeurope,0.0,1486996.8,1
2026-03-28,Database,CloudSQL-db.standard-2,asia-southeast1,310.97,761388.86,1
2026-03-28,Database,CloudSQL-db.standard-2,europe-west1,695.7186999999999,21994.51,1
2026-03-28,Database,CloudSQL-db.standard-2,us-central1,3385.7784,74821963.2,3
2026-03-28,Database,CloudSQL-db.standard-2,us-west1,526.4064000000001,99697248.0,2
2026-03-28,Database,RDS-db.m5.large,ap-south-1,3669.753600000001,2848593.0,1
2026-03-28,Database,RDS-db.m5.large,ap-southeast-1,22.42116,1227776.4,1
2026-03-28,Database,RDS-db.m5.large,eu-west-1,2276.14406,4370439.7299999995,4
2026-03-28,Database,RDS-db.m5.large,us-east-1,4622.34636,170097493.2,3
2026-03-28,Database,RDS-db.m5.large,us-west-2,555.66672,740752362.55,4
2026-03-28,Database,SQLDb-S2,UNKNOWN,9672.785600000001,127468563.6,3
2026-03-28,Database,SQLDb-S2,canadacentral,6278.4844,147138059.28,3
2026-03-28,Database,SQLDb-S2,centralindia,2959.7887200000005,137074955.19,3
2026-03-28,Storage,Blob-Cool,centralindia,176.48088,7641.870000000001,2
2026-03-28,Storage,Blob-Cool,eastus,255.67,3514.46,1
2026-03-28,Storage,Blob-Cool,westeurope,469.4896,6096.62,2
2026-03-28,Storage,Blob-Hot,canadacentral,132.58089999999999,4429.969999999999,2
2026-03-28,Storage,Blob-Hot,centralindia,49.808879999999995,1.1513,2
2026-03-28,Storage,Blob-Hot,southeastasia,0.0216,19.4,1
2026-03-28,Storage,GCS-Nearline,asia-south1,283.2862,2707.44,1
2026-03-28,Storage,GCS-Nearline,europe-west1,234.42120000000003,5549.6475,3
2026-03-28,Storage,GCS-Nearline,us-central1,91.2368,4.5943,1
2026-03-28,Storage,GCS-Standard,asia-southeast1,2.39244,3.9031,1
2026-03-28,Storage,S3-IA,ap-south-1,114.40712,4379.2915,2
2026-03-28,Storage,S3-IA,ap-southeast-1,3.76572,3689.8259,2
2026-03-28,Storage,S3-IA,eu-west-1,227.2644,3204.53,1
2026-03-28,Storage,S3-IA,us-east-1,459.34,8483.009999999998,3
2026-03-28,Storage,S3-IA,us-west-2,58.5424,4.5735,2
2026-03-28,Storage,S3-Standard,ap-south-1,58.177440000000004,350.6646,2
2026-03-28,Storage,S3-Standard,ap-southeast-1,3.10452,65851.7,2
2026-03-28,Storage,S3-Standard,us-east-1,7.7832,7333.1875,3
2026-03-28,Storage,S3-Standard,us-west-2,2.53704,6.792,2
2026-03-28,Storage,UNKNOWN,ap-south-1,1.9818,1.6813,1
2026-03-29,Compute,EC2-t3.large,ap-southeast-1,3328.16,2242015.33,1
2026-03-29,Compute,EC2-t3.medium,ap-south-1,33.60336,119615292.0,1
2026-03-29,Compute,EC2-t3.medium,ap-southeast-1,2966.74804,113513142.0,2
2026-03-29,Compute,EC2-t3.medium,us-west-2,10.827,68085612.0,1
2026-03-29,Compute,EC2-t3.xlarge,UNKNOWN,3.83906,94070.38,2
2026-03-29,Compute,GCE-n1-standard-2,europe-west1,1941.02,28013.3,1
2026-03-29,Compute,GCE-n1-standard-2,us-west1,8969.8736,285916407.82,3
2026-03-29,Compute,GCE-n1-standard-4,asia-south1,1.17504,7010.3,1
2026-03-29,Compute,GCE-n1-standard-4,asia-southeast1,545.8714,3267051.6,2
2026-03-29,Compute,GCE-n1-standard-4,europe-west1,16.2654,48101330.36,2
2026-03-29,Compute,GCE-n1-standard-8,asia-south1,2.23428,2167456.2,1
2026-03-29,Compute,GCE-n1-standard-8,us-central1,59.06706,54793222.05,2
2026-03-29,Compute,GCE-n1-standard-8,us-west1,-3442.932,45800.57,1
2026-03-29,Compute,VM-Standard_D2s,UNKNOWN,5257.98,3896208.0,2
2026-03-29,Compute,VM-Standard_D2s,westeurope,24.0588,165726180.0,1
2026-03-29,Compute,VM-Standard_D4s,canadacentral,2227.1004000000003,169531740.0,2
2026-03-29,Compute,VM-Standard_D4s,westeurope,3280.06,160991460.0,1
2026-03-29,Compute,VM-Standard_D8s,centralindia,2308.8656800000003,23397186.61,4
2026-03-29,Database,CloudSQL-db.standard-2,asia-south1,1061.1568,157469565.6,3
2026-03-29,Database,CloudSQL-db.standard-2,asia-southeast1,1057.3517000000002,87410052.0,2
2026-03-29,Database,CloudSQL-db.standard-2,europe-west1,5923.47624,127570294.33,4
2026-03-29,Database,CloudSQL-db.standard-2,us-central1,54.301680000000005,162913536.0,1
2026-03-29,Database,RDS-db.m5.large,ap-south-1,3736.0422000000003,281965094.8,5
2026-03-29,Database,RDS-db.m5.large,ap-southeast-1,1248.59,201044888.97,3
2026-03-29,Database,RDS-db.m5.large,eu-west-1,5182.7348,107701179.01,3
2026-03-29,Database,RDS-db.m5.large,us-east-1,4935.1071,6782823.4,5
2026-03-29,Database,RDS-db.m5.large,us-west-2,3288.4561200000003,93750916.53,4
2026-03-29,Database,SQLDb-S2,centralindia,502.83,11102.93,1
2026-03-29,Database,SQLDb-S2,eastus,545.2827599999999,28074430.2,4
2026-03-29,Database,SQLDb-S2,southeastasia,6163.691,70629.94,2
2026-03-29,Database,SQLDb-S2,westeurope,1874.6532000000002,669997.44,3
2026-03-29,Database,UNKNOWN,asia-southeast1,21.8484,37460556.0,1
2026-03-29,Storage,Blob-Cool,canadacentral,0.8351999999999999,3823.19,1
2026-03-29,Storage,Blob-Hot,canadacentral,315.65160000000003,5.003500000000001,2
2026-03-29,Storage,Blob-Hot,eastus,200.286,3.2796,1
2026-03-29,Storage,Blob-Hot,southeastasia,27.659399999999998,1984.9950999999999,2
2026-03-29,Storage,Blob-Hot,westeurope,20.520000000000003,4336.31,1
2026-03-29,Storage,GCS-Nearline,asia-south1,0.42036,35482.25,1
2026-03-29,Storage,GCS-Nearline,us-central1,131.3561,1.8836,1
2026-03-29,Storage,GCS-Standard,asia-south1,221.55,2783.4,1
2026-03-29,Storage,GCS-Standard,asia-southeast1,40.41648,4792.57,2
2026-03-29,Storage,GCS-Standard,europe-west1,161.33,3891.62,1
2026-03-29,Storage,GCS-Standard,us-central1,13.457519999999999,6074.9920999999995,3
2026-03-29,Storage,S3-IA,ap-southeast-1,142.10640000000004,1834.88,1
2026-03-29,Storage,S3-IA,eu-west-1,111.67200000000001,3.5558,2
2026-03-29,Storage,S3-IA,us-east-1,1.38336,1218.14,1
2026-03-29,Storage,S3-IA,us-west-2,1.94748,3733.24,1
2026-03-29,Storage,S3-Standard,UNKNOWN,0.31128,2.1735,1
2026-03-29,Storage,S3-Standard,ap-southeast-1,8.8764,242.98,3
2026-03-29,Storage,S3-Standard,eu-west-1,334.8658,3833.8,2
2026-03-29,Storage,S3-Standard,us-east-1,0.5604,0.4879,1
2026-03-30,Compute,EC2-t3.large,UNKNOWN,299.47,427938.6,1
2026-03-30,Compute,EC2-t3.large,ap-south-1,23.6004,30573.74,1
2026-03-30,Compute,EC2-t3.large,ap-southeast-1,17.58888,54062784.0,2
2026-03-30,Compute,EC2-t3.large,eu-west-1,22.89,27526.8,1
2026-03-30,Compute,EC2-t3.large,us-west-2,6.906960000000001,3293791.2,2
2026-03-30,Compute,EC2-t3.medium,UNKNOWN,140.3,503263.8,1
2026-03-30,Compute,EC2-t3.medium,ap-south-1,198.504,196340.09,1
2026-03-30,Compute,EC2-t3.medium,eu-west-1,82.91,4596.93,1
2026-03-30,Compute,EC2-t3.medium,us-east-1,29.36124,42923.58,1
2026-03-30,Compute,EC2-t3.medium,us-west-2,83.69520000000001,115997401.8,2
2026-03-30,Compute,EC2-t3.xlarge,UNKNOWN,168.25,119247300.0,1
2026-03-30,Compute,EC2-t3.xlarge,eu-west-1,1530.76812,71104909.8,2
2026-03-30,Compute,EC2-t3.xlarge,us-east-1,89.77,432481.86,1
2026-03-30,Compute,EC2-t3.xlarge,us-west-2,3229.68,34321.49,1
2026-03-30,Compute,GCE-n1-standard-2,asia-southeast1,2274.94,1104904.86,1
2026-03-30,Compute,GCE-n1-standard-2,europe-west1,923.5694,404934156.0,1
2026-03-30,Compute,GCE-n1-standard-4,asia-south1,48.33648,5891236.8,2
2026-03-30,Compute,GCE-n1-standard-4,europe-west1,1091.5882,3401323737.34,2
2026-03-30,Compute,GCE-n1-standard-4,us-west1,12.23,605556.0,1
2026-03-30,Compute,GCE-n1-standard-8,europe-west1,998.3597,17402515.21,2
2026-03-30,Compute,GCE-n1-standard-8,us-west1,22.83948,1240261.8,1
2026-03-30,Compute,UNKNOWN,southeastasia,1626.87,769997.4,1
2026-03-30,Compute,UNKNOWN,westeurope,867.5116,1729668.6,1
2026-03-30,Compute,VM-Standard_D2s,canadacentral,305.3288,28080.510000000002,2
2026-03-30,Compute,VM-Standard_D2s,centralindia,1282.068,765300.0,1
2026-03-30,Compute,VM-Standard_D2s,eastus,1627.2036000000005,15240.87,1
2026-03-30,Compute,VM-Standard_D2s,southeastasia,924.6852,61774128.0,1
2026-03-30,Compute,VM-Standard_D4s,canadacentral,3634.03,5588720568.0,1
2026-03-30,Compute,VM-Standard_D4s,southeastasia,244.98,179232.0,1
2026-03-30,Compute,VM-Standard_D4s,westeurope,22.07988,1620063.6,1
2026-03-30,Compute,VM-Standard_D8s,canadacentral,555.8868,305326.68,2
2026-03-30,Compute,VM-Standard_D8s,eastus,1062.12,162112212.0,2
2026-03-30,Compute,VM-Standard_D8s,southeastasia,32.10252,35808.99,1
2026-03-30,Database,CloudSQL-db.standard-2,asia-south1,514.6092,13949.29,1
2026-03-30,Database,CloudSQL-db.standard-2,asia-southeast1,10698.883520000001,78784412.78,5
2026-03-30,Database,CloudSQL-db.standard-2,us-central1,1831.032,2298626407.8,3
2026-03-30,Database,CloudSQL-db.standard-2,us-west1,1883.1502800000003,229932535.76,3
2026-03-30,Database,RDS-db.m5.large,UNKNOWN,865.8098,418741.2,1
2026-03-30,Database,RDS-db.m5.large,ap-south-1,1897.53956,153955878.95,4
2026-03-30,Database,RDS-db.m5.large,ap-southeast-1,41.314840000000004,8848647.04,6
2026-03-30,Database,RDS-db.m5.large,eu-west-1,3395.33676,3846949.33,4
2026-03-30,Database,RDS-db.m5.large,us-east-1,2391.96356,92624007.03,3
2026-03-30,Database,RDS-db.m5.large,us-west-2,25.65972,3219281047.16,2
2026-03-30,Database,SQLDb-S2,UNKNOWN,4990.701600000001,3117092.4,2
2026-03-30,Database,SQLDb-S2,canadacentral,2999.4690400000004,145316325.6,3
2026-03-30,Database,SQLDb-S2,centralindia,1977.1452,104158368.0,1
2026-03-30,Database,SQLDb-S2,eastus,2169.3744,51849.600000000006,2
2026-03-30,Database,SQLDb-S2,southeastasia,4917.4266800000005,112958321.4,4
2026-03-30,Database,SQLDb-S2,westeurope,3113.9748,2770581.6,1
2026-03-30,Storage,Blob-Cool,canadacentral,409.8671000000001,4090.33,1
2026-03-30,Storage,Blob-Cool,centralindia,159.81,2.136,1
2026-03-30,Storage,Blob-Cool,eastus,110.268,3.2119,2
2026-03-30,Storage,Blob-Cool,westeurope,244.0881,5282.32,2
2026-03-30,Storage,Blob-Hot,UNKNOWN,281.8584,4.6016,1
2026-03-30,Storage,Blob-Hot,canadacentral,232.04,2422.59,1
2026-03-30,Storage,Blob-Hot,eastus,1.5642,3083.48,1
2026-03-30,Storage,Blob-Hot,westeurope,0.0,1456.24,1
2026-03-30,Storage,GCS-Nearline,asia-southeast1,7.67412,1968.2214999999999,2
2026-03-30,Storage,GCS-Nearline,us-west1,14.0581,8039.820000000001,3
2026-03-30,Storage,GCS-Standard,asia-southeast1,39.82184,3.4158,3
2026-03-30,Storage,GCS-Standard,europe-west1,4.30824,115819.47,1
2026-03-30,Storage,GCS-Standard,us-west1,0.4775999999999999,969.86,1
2026-03-30,Storage,S3-IA,ap-south-1,1.77948,1794.51,1
2026-03-30,Storage,S3-IA,ap-southeast-1,143.04,2.7845,1
2026-03-30,Storage,S3-IA,eu-west-1,120.53,3224.25,1
2026-03-30,Storage,S3-IA,us-east-1,297.4848,4169.24,1
2026-03-30,Storage,S3-Standard,ap-south-1,3.6916800000000003,6.4246,2
2026-03-30,Storage,S3-Standard,ap-southeast-1,67.18,2644.25,1
2026-03-30,Storage,S3-Standard,eu-west-1,801.7163,8726.3034,5
2026-03-30,Storage,UNKNOWN,us-west-2,167.52960000000002,4.2176,2
2026-03-31,Compute,EC2-t3.large,ap-south-1,957.5927,46871179.89,2
2026-03-31,Compute,EC2-t3.large,us-east-1,4.128,17657.47,1
2026-03-31,Compute,EC2-t3.large,us-west-2,253.0008,680326.8,1
2026-03-31,Compute,EC2-t3.medium,ap-south-1,3.40248,93678084.0,1
2026-03-31,Compute,EC2-t3.medium,eu-west-1,1131.08856,45830606.71,2
2026-03-31,Compute,EC2-t3.medium,us-east-1,27.5676,123766092.0,1
2026-03-31,Compute,EC2-t3.xlarge,UNKNOWN,4500.36,46067.15,1
2026-03-31,Compute,EC2-t3.xlarge,ap-south-1,780.0992,81855697.8,2
2026-03-31,Compute,EC2-t3.xlarge,ap-southeast-1,2.4565200000000003,26702100.0,1
2026-03-31,Compute,EC2-t3.xlarge,eu-west-1,5489.447999999999,43855.27,1
2026-03-31,Compute,EC2-t3.xlarge,us-west-2,2268.4998,270232452.0,2
2026-03-31,Compute,GCE-n1-standard-2,asia-south1,33.10632,1325136.73,2
2026-03-31,Compute,GCE-n1-standard-2,us-west1,31.85388,21313349.85,2
2026-03-31,Compute,GCE-n1-standard-4,asia-south1,857.3364000000001,49234.43,1
2026-03-31,Compute,GCE-n1-standard-4,us-west1,28.55664,43402.22,1
2026-03-31,Compute,GCE-n1-standard-8,asia-south1,20.65056,63546.42,2
2026-03-31,Compute,UNKNOWN,us-east-1,234.6833,183949.2,1
2026-03-31,Compute,VM-Standard_D2s,UNKNOWN,1452.7836000000002,1553718.6,1
2026-03-31,Compute,VM-Standard_D2s,centralindia,201.51479999999998,325070064.0,2
2026-03-31,Compute,VM-Standard_D2s,eastus,16.40016,2304922.2,1
2026-03-31,Compute,VM-Standard_D2s,westeurope,1533.0816,1301665.2,1
2026-03-31,Compute,VM-Standard_D4s,southeastasia,72.47,8477496.0,1
2026-03-31,Compute,VM-Standard_D8s,canadacentral,3995.649680000001,141147219.6,3
2026-03-31,Compute,VM-Standard_D8s,centralindia,783.594,179697168.0,1
2026-03-31,Compute,VM-Standard_D8s,southeastasia,10790.319300000001,2507423.14,3
2026-03-31,Compute,VM-Standard_D8s,westeurope,273.6215,7525.52,1
2026-03-31,Database,CloudSQL-db.standard-2,europe-west1,1463.3162,133265454.35,2
2026-03-31,Database,CloudSQL-db.standard-2,us-central1,2057.5312000000004,91547325.4,2
2026-03-31,Database,CloudSQL-db.standard-2,us-west1,3331.3761000000004,3666309008.83,3
2026-03-31,Database,RDS-db.m5.large,ap-south-1,6831.49596,229886680.41,5
2026-03-31,Database,RDS-db.m5.large,ap-southeast-1,9647.869999999999,116341428.79,4
2026-03-31,Database,RDS-db.m5.large,eu-west-1,10.29372,47970.74,1
2026-03-31,Database,RDS-db.m5.large,us-east-1,5609.6064,291600719.79,7
2026-03-31,Database,RDS-db.m5.large,us-west-2,2181.3908,73876345.19,2
2026-03-31,Database,SQLDb-S2,canadacentral,4275.7293,8708317033.8,4
2026-03-31,Database,SQLDb-S2,centralindia,2232.7616,81874764.0,1
2026-03-31,Database,SQLDb-S2,eastus,52.832,3567.78,1
2026-03-31,Database,SQLDb-S2,westeurope,2180.324,124583873.16,2
2026-03-31,Storage,Blob-Cool,canadacentral,2.97684,79.9072,1
2026-03-31,Storage,Blob-Cool,centralindia,4.55592,4884.12,2
2026-03-31,Storage,Blob-Cool,eastus,261.2412,4.4683,1
2026-03-31,Storage,Blob-Cool,southeastasia,17.755200000000002,352.54,2
2026-03-31,Storage,Blob-Cool,westeurope,390.26052,222461.09790000002,3
2026-03-31,Storage,Blob-Hot,canadacentral,0.96672,3384.87,1
2026-03-31,Storage,Blob-Hot,centralindia,363.7526,5548.73,2
2026-03-31,Storage,Blob-Hot,westeurope,213.3648,4458.77,1
2026-03-31,Storage,GCS-Nearline,asia-southeast1,84.21840000000002,1.018,1
2026-03-31,Storage,GCS-Nearline,europe-west1,243.01268,1089.6052,2
2026-03-31,Storage,GCS-Nearline,us-central1,3.05076,4.4386,1
2026-03-31,Storage,GCS-Nearline,us-west1,109.33612000000001,5721.32,3
2026-03-31,Storage,GCS-Standard,asia-south1,44.98622,4237.8868,2
2026-03-31,Storage,GCS-Standard,asia-southeast1,155.31168,6333.5157,4
2026-03-31,Storage,GCS-Standard,us-central1,230.47,2.7026,1
2026-03-31,Storage,S3-IA,UNKNOWN,0.0706799999999999,42474.88,1
2026-03-31,Storage,S3-IA,eu-west-1,431.49032,5708.9793,4
2026-03-31,Storage,S3-IA,us-east-1,143.15,3146.81,1
2026-03-31,Storage,S3-Standard,UNKNOWN,4011.93,3.2956,1
2026-03-31,Storage,S3-Standard,ap-south-1,100.64,2.5526,1
2026-03-31,Storage,S3-Standard,ap-southeast-1,428.58692,10072.93,4
2026-03-31,Storage,S3-Standard,eu-west-1,19.14324,3694.1803999999997,2
2026-03-31,Storage,S3-Standard,us-east-1,55.96424,7.9634,3
2026-03-31,Storage,S3-Standard,us-west-2,85.44996,3424.49,2
2026-03-31,Storage,UNKNOWN,canadacentral,1.87656,3504.96,1
2026-03-31,Storage,UNKNOWN,us-central1,41.65,2.8263,1
2026-04-01,Compute,VM-Standard_D2s,eastus,9.50388,32862.09,1
